-- MariaDB dump 10.17  Distrib 10.4.14-MariaDB, for debian-linux-gnu (x86_64)
--
-- Host: localhost    Database: alakba_new
-- ------------------------------------------------------
-- Server version	10.4.14-MariaDB-1:10.4.14+maria~bionic-log

/*!40101 SET @OLD_CHARACTER_SET_CLIENT=@@CHARACTER_SET_CLIENT */;
/*!40101 SET @OLD_CHARACTER_SET_RESULTS=@@CHARACTER_SET_RESULTS */;
/*!40101 SET @OLD_COLLATION_CONNECTION=@@COLLATION_CONNECTION */;
/*!40101 SET NAMES utf8mb4 */;
/*!40103 SET @OLD_TIME_ZONE=@@TIME_ZONE */;
/*!40103 SET TIME_ZONE='+00:00' */;
/*!40014 SET @OLD_UNIQUE_CHECKS=@@UNIQUE_CHECKS, UNIQUE_CHECKS=0 */;
/*!40014 SET @OLD_FOREIGN_KEY_CHECKS=@@FOREIGN_KEY_CHECKS, FOREIGN_KEY_CHECKS=0 */;
/*!40101 SET @OLD_SQL_MODE=@@SQL_MODE, SQL_MODE='NO_AUTO_VALUE_ON_ZERO' */;
/*!40111 SET @OLD_SQL_NOTES=@@SQL_NOTES, SQL_NOTES=0 */;

--
-- Table structure for table `activity_log`
--

DROP TABLE IF EXISTS `activity_log`;
/*!40101 SET @saved_cs_client     = @@character_set_client */;
/*!40101 SET character_set_client = utf8 */;
CREATE TABLE `activity_log` (
  `id` bigint(20) unsigned NOT NULL AUTO_INCREMENT,
  `log_name` varchar(255) COLLATE utf8_unicode_ci DEFAULT NULL,
  `description` text COLLATE utf8_unicode_ci NOT NULL,
  `subject_id` bigint(20) DEFAULT NULL,
  `subject_type` varchar(255) COLLATE utf8_unicode_ci DEFAULT NULL,
  `causer_id` int(11) DEFAULT NULL,
  `causer_type` varchar(255) COLLATE utf8_unicode_ci DEFAULT NULL,
  `properties` text COLLATE utf8_unicode_ci DEFAULT NULL,
  `created_at` timestamp NULL DEFAULT NULL,
  `updated_at` timestamp NULL DEFAULT NULL,
  PRIMARY KEY (`id`),
  KEY `activity_log_log_name_index` (`log_name`)
) ENGINE=InnoDB AUTO_INCREMENT=17 DEFAULT CHARSET=utf8 COLLATE=utf8_unicode_ci;
/*!40101 SET character_set_client = @saved_cs_client */;

--
-- Dumping data for table `activity_log`
--

LOCK TABLES `activity_log` WRITE;
/*!40000 ALTER TABLE `activity_log` DISABLE KEYS */;
INSERT INTO `activity_log` VALUES (1,'order','created',1,'App\\Order',NULL,NULL,'{\"attributes\":{\"order_number\":\"#122349\",\"shop_id\":2,\"customer_id\":1,\"ship_to\":null,\"shipping_zone_id\":null,\"shipping_rate_id\":6,\"packaging_id\":5,\"item_count\":2,\"quantity\":2,\"shipping_weight\":\"103.000000\",\"taxrate\":null,\"total\":\"256.200000\",\"discount\":null,\"shipping\":\"2.000000\",\"packaging\":null,\"handling\":null,\"taxes\":null,\"grand_total\":\"258.200000\",\"billing_address\":\"<address>4628 Sanford Ports<br\\/>Greenfelder Ranch<br\\/>Hilpertbury, <br\\/> 68726<br\\/><abbr title=\\\"Phone\\\">P:<\\/abbr> (446) 693-9905 x87431<\\/address>\",\"shipping_address\":\"<address>4628 Sanford Ports<br\\/>Greenfelder Ranch<br\\/>Hilpertbury, <br\\/> 68726<br\\/><abbr title=\\\"Phone\\\">P:<\\/abbr> (446) 693-9905 x87431<\\/address>\",\"shipping_date\":null,\"delivery_date\":null,\"tracking_id\":\"RR123456789CN\",\"coupon_id\":null,\"carrier_id\":null,\"message_to_customer\":null,\"send_invoice_to_customer\":null,\"admin_note\":\"Sint minus porro alias ab quisquam expedita.\",\"buyer_note\":\"Saepe culpa placeat qui quasi omnis in odit id.\",\"payment_method_id\":5,\"payment_date\":null,\"payment_status\":1,\"order_status_id\":1,\"goods_received\":null,\"approved\":null,\"feedback_id\":null,\"disputed\":null,\"email\":null}}','2020-10-01 19:26:32','2020-10-01 19:26:32'),(2,'order','created',2,'App\\Order',NULL,NULL,'{\"attributes\":{\"order_number\":\"#517426\",\"shop_id\":1,\"customer_id\":1,\"ship_to\":null,\"shipping_zone_id\":null,\"shipping_rate_id\":15,\"packaging_id\":1,\"item_count\":1,\"quantity\":1,\"shipping_weight\":\"187.000000\",\"taxrate\":null,\"total\":\"236.341247\",\"discount\":null,\"shipping\":\"1.000000\",\"packaging\":null,\"handling\":null,\"taxes\":null,\"grand_total\":\"237.341247\",\"billing_address\":\"<address>4628 Sanford Ports<br\\/>Greenfelder Ranch<br\\/>Hilpertbury, <br\\/> 68726<br\\/><abbr title=\\\"Phone\\\">P:<\\/abbr> (446) 693-9905 x87431<\\/address>\",\"shipping_address\":\"<address>4628 Sanford Ports<br\\/>Greenfelder Ranch<br\\/>Hilpertbury, <br\\/> 68726<br\\/><abbr title=\\\"Phone\\\">P:<\\/abbr> (446) 693-9905 x87431<\\/address>\",\"shipping_date\":null,\"delivery_date\":null,\"tracking_id\":\"RR123456789CN\",\"coupon_id\":null,\"carrier_id\":null,\"message_to_customer\":null,\"send_invoice_to_customer\":null,\"admin_note\":\"Voluptas occaecati expedita molestias.\",\"buyer_note\":\"Consequatur assumenda optio quis excepturi.\",\"payment_method_id\":8,\"payment_date\":null,\"payment_status\":1,\"order_status_id\":1,\"goods_received\":null,\"approved\":null,\"feedback_id\":null,\"disputed\":null,\"email\":null}}','2020-10-01 19:26:32','2020-10-01 19:26:32'),(3,'order','created',3,'App\\Order',NULL,NULL,'{\"attributes\":{\"order_number\":\"#994245\",\"shop_id\":1,\"customer_id\":1,\"ship_to\":null,\"shipping_zone_id\":null,\"shipping_rate_id\":4,\"packaging_id\":2,\"item_count\":5,\"quantity\":5,\"shipping_weight\":\"397.000000\",\"taxrate\":null,\"total\":\"292.844650\",\"discount\":null,\"shipping\":\"5.000000\",\"packaging\":null,\"handling\":null,\"taxes\":null,\"grand_total\":\"297.844650\",\"billing_address\":\"<address>4628 Sanford Ports<br\\/>Greenfelder Ranch<br\\/>Hilpertbury, <br\\/> 68726<br\\/><abbr title=\\\"Phone\\\">P:<\\/abbr> (446) 693-9905 x87431<\\/address>\",\"shipping_address\":\"<address>4628 Sanford Ports<br\\/>Greenfelder Ranch<br\\/>Hilpertbury, <br\\/> 68726<br\\/><abbr title=\\\"Phone\\\">P:<\\/abbr> (446) 693-9905 x87431<\\/address>\",\"shipping_date\":null,\"delivery_date\":null,\"tracking_id\":\"RR123456789CN\",\"coupon_id\":null,\"carrier_id\":null,\"message_to_customer\":null,\"send_invoice_to_customer\":null,\"admin_note\":\"Sed dolor voluptatibus laboriosam vitae omnis cum.\",\"buyer_note\":\"Ipsam excepturi aut ut iste nihil voluptatum harum aut.\",\"payment_method_id\":4,\"payment_date\":null,\"payment_status\":1,\"order_status_id\":1,\"goods_received\":null,\"approved\":null,\"feedback_id\":null,\"disputed\":null,\"email\":null}}','2020-10-01 19:26:32','2020-10-01 19:26:32'),(4,'order','created',4,'App\\Order',NULL,NULL,'{\"attributes\":{\"order_number\":\"#006498\",\"shop_id\":1,\"customer_id\":1,\"ship_to\":null,\"shipping_zone_id\":null,\"shipping_rate_id\":5,\"packaging_id\":4,\"item_count\":2,\"quantity\":2,\"shipping_weight\":\"978.000000\",\"taxrate\":null,\"total\":\"388.860000\",\"discount\":null,\"shipping\":\"2.000000\",\"packaging\":null,\"handling\":null,\"taxes\":null,\"grand_total\":\"390.860000\",\"billing_address\":\"<address>4628 Sanford Ports<br\\/>Greenfelder Ranch<br\\/>Hilpertbury, <br\\/> 68726<br\\/><abbr title=\\\"Phone\\\">P:<\\/abbr> (446) 693-9905 x87431<\\/address>\",\"shipping_address\":\"<address>4628 Sanford Ports<br\\/>Greenfelder Ranch<br\\/>Hilpertbury, <br\\/> 68726<br\\/><abbr title=\\\"Phone\\\">P:<\\/abbr> (446) 693-9905 x87431<\\/address>\",\"shipping_date\":null,\"delivery_date\":null,\"tracking_id\":\"RR123456789CN\",\"coupon_id\":null,\"carrier_id\":null,\"message_to_customer\":null,\"send_invoice_to_customer\":null,\"admin_note\":\"Neque libero natus atque ab numquam et cumque.\",\"buyer_note\":\"Minima animi nemo enim voluptate sunt.\",\"payment_method_id\":2,\"payment_date\":null,\"payment_status\":1,\"order_status_id\":1,\"goods_received\":null,\"approved\":null,\"feedback_id\":null,\"disputed\":null,\"email\":null}}','2020-10-01 19:26:32','2020-10-01 19:26:32'),(5,'order','created',5,'App\\Order',NULL,NULL,'{\"attributes\":{\"order_number\":\"#818475\",\"shop_id\":2,\"customer_id\":1,\"ship_to\":null,\"shipping_zone_id\":null,\"shipping_rate_id\":12,\"packaging_id\":3,\"item_count\":1,\"quantity\":1,\"shipping_weight\":\"834.000000\",\"taxrate\":null,\"total\":\"273.174320\",\"discount\":null,\"shipping\":\"1.000000\",\"packaging\":null,\"handling\":null,\"taxes\":null,\"grand_total\":\"274.174320\",\"billing_address\":\"<address>4628 Sanford Ports<br\\/>Greenfelder Ranch<br\\/>Hilpertbury, <br\\/> 68726<br\\/><abbr title=\\\"Phone\\\">P:<\\/abbr> (446) 693-9905 x87431<\\/address>\",\"shipping_address\":\"<address>4628 Sanford Ports<br\\/>Greenfelder Ranch<br\\/>Hilpertbury, <br\\/> 68726<br\\/><abbr title=\\\"Phone\\\">P:<\\/abbr> (446) 693-9905 x87431<\\/address>\",\"shipping_date\":null,\"delivery_date\":null,\"tracking_id\":\"RR123456789CN\",\"coupon_id\":null,\"carrier_id\":null,\"message_to_customer\":null,\"send_invoice_to_customer\":null,\"admin_note\":\"Est recusandae laborum rerum voluptatem et tenetur.\",\"buyer_note\":\"Est corrupti consequatur itaque distinctio.\",\"payment_method_id\":5,\"payment_date\":null,\"payment_status\":1,\"order_status_id\":1,\"goods_received\":null,\"approved\":null,\"feedback_id\":null,\"disputed\":null,\"email\":null}}','2020-10-01 19:26:32','2020-10-01 19:26:32'),(6,'order','created',6,'App\\Order',NULL,NULL,'{\"attributes\":{\"order_number\":\"#655131\",\"shop_id\":2,\"customer_id\":1,\"ship_to\":null,\"shipping_zone_id\":null,\"shipping_rate_id\":9,\"packaging_id\":1,\"item_count\":8,\"quantity\":8,\"shipping_weight\":\"201.000000\",\"taxrate\":null,\"total\":\"128.714780\",\"discount\":null,\"shipping\":\"8.000000\",\"packaging\":null,\"handling\":null,\"taxes\":null,\"grand_total\":\"136.714780\",\"billing_address\":\"<address>4628 Sanford Ports<br\\/>Greenfelder Ranch<br\\/>Hilpertbury, <br\\/> 68726<br\\/><abbr title=\\\"Phone\\\">P:<\\/abbr> (446) 693-9905 x87431<\\/address>\",\"shipping_address\":\"<address>4628 Sanford Ports<br\\/>Greenfelder Ranch<br\\/>Hilpertbury, <br\\/> 68726<br\\/><abbr title=\\\"Phone\\\">P:<\\/abbr> (446) 693-9905 x87431<\\/address>\",\"shipping_date\":null,\"delivery_date\":null,\"tracking_id\":\"RR123456789CN\",\"coupon_id\":null,\"carrier_id\":null,\"message_to_customer\":null,\"send_invoice_to_customer\":null,\"admin_note\":\"Iusto sit velit deleniti veritatis.\",\"buyer_note\":\"Et modi debitis vel eum explicabo nemo molestias.\",\"payment_method_id\":8,\"payment_date\":null,\"payment_status\":1,\"order_status_id\":1,\"goods_received\":null,\"approved\":null,\"feedback_id\":null,\"disputed\":null,\"email\":null}}','2020-10-01 19:26:32','2020-10-01 19:26:32'),(7,'order','created',7,'App\\Order',NULL,NULL,'{\"attributes\":{\"order_number\":\"#976817\",\"shop_id\":2,\"customer_id\":1,\"ship_to\":null,\"shipping_zone_id\":null,\"shipping_rate_id\":19,\"packaging_id\":1,\"item_count\":4,\"quantity\":4,\"shipping_weight\":\"847.000000\",\"taxrate\":null,\"total\":\"298.680000\",\"discount\":null,\"shipping\":\"4.000000\",\"packaging\":null,\"handling\":null,\"taxes\":null,\"grand_total\":\"302.680000\",\"billing_address\":\"<address>4628 Sanford Ports<br\\/>Greenfelder Ranch<br\\/>Hilpertbury, <br\\/> 68726<br\\/><abbr title=\\\"Phone\\\">P:<\\/abbr> (446) 693-9905 x87431<\\/address>\",\"shipping_address\":\"<address>4628 Sanford Ports<br\\/>Greenfelder Ranch<br\\/>Hilpertbury, <br\\/> 68726<br\\/><abbr title=\\\"Phone\\\">P:<\\/abbr> (446) 693-9905 x87431<\\/address>\",\"shipping_date\":null,\"delivery_date\":null,\"tracking_id\":\"RR123456789CN\",\"coupon_id\":null,\"carrier_id\":null,\"message_to_customer\":null,\"send_invoice_to_customer\":null,\"admin_note\":\"Aut laboriosam voluptatibus voluptate est dolores eum sapiente quam.\",\"buyer_note\":\"Nam eum excepturi delectus dolores molestiae illo.\",\"payment_method_id\":3,\"payment_date\":null,\"payment_status\":1,\"order_status_id\":1,\"goods_received\":null,\"approved\":null,\"feedback_id\":null,\"disputed\":null,\"email\":null}}','2020-10-01 19:26:32','2020-10-01 19:26:32'),(8,'disput','created',1,'App\\Dispute',NULL,NULL,'{\"attributes\":{\"shop_id\":2,\"dispute_type_id\":4,\"customer_id\":1,\"order_id\":1,\"product_id\":null,\"description\":\"Optio sed hic molestiae qui. Suscipit provident sit perspiciatis consequatur quasi.\",\"order_received\":false,\"return_goods\":false,\"refund_amount\":null,\"status\":1}}','2020-10-01 19:26:32','2020-10-01 19:26:32'),(9,'disput','created',2,'App\\Dispute',NULL,NULL,'{\"attributes\":{\"shop_id\":1,\"dispute_type_id\":2,\"customer_id\":1,\"order_id\":3,\"product_id\":null,\"description\":\"Expedita quas iste qui cupiditate. Inventore vitae vitae in.\",\"order_received\":true,\"return_goods\":false,\"refund_amount\":null,\"status\":1}}','2020-10-01 19:26:32','2020-10-01 19:26:32'),(10,'system','updated',1,'App\\System',1,'App\\User','{\"attributes\":{\"maintenance_mode\":true},\"old\":{\"maintenance_mode\":null}}','2020-10-02 01:42:08','2020-10-02 01:42:08'),(11,'system','updated',1,'App\\System',1,'App\\User','{\"attributes\":{\"name\":\"Alakba\"},\"old\":{\"name\":\"zCart\"}}','2020-10-02 01:42:30','2020-10-02 01:42:30'),(12,'system','updated',1,'App\\System',1,'App\\User','{\"attributes\":{\"legal_name\":\"eMakity Inc.\",\"slogan\":\"One Store, One Goal, Your Satisfaction !\",\"email\":\"info@alakba.com\",\"timezone_id\":15},\"old\":{\"legal_name\":\"Zcart Inc.\",\"slogan\":null,\"email\":\"notify@demo.com\",\"timezone_id\":35}}','2020-10-02 01:44:36','2020-10-02 01:44:36'),(13,'system','updated',1,'App\\System',1,'App\\User','{\"attributes\":{\"maintenance_mode\":false},\"old\":{\"maintenance_mode\":true}}','2020-10-01 23:03:38','2020-10-01 23:03:38'),(14,'system','updated',1,'App\\System',1,'App\\User','{\"attributes\":{\"name\":\"Alakba Marketplace\"},\"old\":{\"name\":\"Alakba\"}}','2020-10-01 23:51:37','2020-10-01 23:51:37'),(15,'system','updated',1,'App\\System',1,'App\\User','{\"attributes\":{\"maintenance_mode\":true},\"old\":{\"maintenance_mode\":false}}','2020-10-07 03:29:27','2020-10-07 03:29:27'),(16,'system','updated',1,'App\\System',1,'App\\User','{\"attributes\":{\"maintenance_mode\":false},\"old\":{\"maintenance_mode\":true}}','2020-10-10 20:45:22','2020-10-10 20:45:22');
/*!40000 ALTER TABLE `activity_log` ENABLE KEYS */;
UNLOCK TABLES;

--
-- Table structure for table `address_types`
--

DROP TABLE IF EXISTS `address_types`;
/*!40101 SET @saved_cs_client     = @@character_set_client */;
/*!40101 SET character_set_client = utf8 */;
CREATE TABLE `address_types` (
  `id` int(10) unsigned NOT NULL AUTO_INCREMENT,
  `type` varchar(255) COLLATE utf8_unicode_ci NOT NULL,
  PRIMARY KEY (`id`),
  UNIQUE KEY `address_types_type_unique` (`type`)
) ENGINE=InnoDB AUTO_INCREMENT=4 DEFAULT CHARSET=utf8 COLLATE=utf8_unicode_ci;
/*!40101 SET character_set_client = @saved_cs_client */;

--
-- Dumping data for table `address_types`
--

LOCK TABLES `address_types` WRITE;
/*!40000 ALTER TABLE `address_types` DISABLE KEYS */;
INSERT INTO `address_types` VALUES (2,'Billing'),(1,'Primary'),(3,'Shipping');
/*!40000 ALTER TABLE `address_types` ENABLE KEYS */;
UNLOCK TABLES;

--
-- Table structure for table `addresses`
--

DROP TABLE IF EXISTS `addresses`;
/*!40101 SET @saved_cs_client     = @@character_set_client */;
/*!40101 SET character_set_client = utf8 */;
CREATE TABLE `addresses` (
  `id` bigint(20) unsigned NOT NULL AUTO_INCREMENT,
  `address_type` varchar(255) COLLATE utf8_unicode_ci DEFAULT 'Primary',
  `address_title` varchar(255) COLLATE utf8_unicode_ci DEFAULT NULL,
  `address_line_1` varchar(255) COLLATE utf8_unicode_ci DEFAULT NULL,
  `address_line_2` varchar(255) COLLATE utf8_unicode_ci DEFAULT NULL,
  `city` varchar(255) COLLATE utf8_unicode_ci DEFAULT NULL,
  `state_id` int(10) unsigned DEFAULT NULL,
  `zip_code` varchar(255) COLLATE utf8_unicode_ci DEFAULT NULL,
  `country_id` int(10) unsigned DEFAULT NULL,
  `phone` varchar(255) COLLATE utf8_unicode_ci DEFAULT NULL,
  `latitude` double(8,2) DEFAULT NULL,
  `longitude` double(8,2) DEFAULT NULL,
  `addressable_id` bigint(20) unsigned NOT NULL,
  `addressable_type` varchar(255) COLLATE utf8_unicode_ci NOT NULL,
  `created_at` timestamp NULL DEFAULT NULL,
  `updated_at` timestamp NULL DEFAULT NULL,
  PRIMARY KEY (`id`),
  KEY `addresses_country_id_foreign` (`country_id`),
  CONSTRAINT `addresses_country_id_foreign` FOREIGN KEY (`country_id`) REFERENCES `countries` (`id`)
) ENGINE=InnoDB AUTO_INCREMENT=17 DEFAULT CHARSET=utf8 COLLATE=utf8_unicode_ci;
/*!40101 SET character_set_client = @saved_cs_client */;

--
-- Dumping data for table `addresses`
--

LOCK TABLES `addresses` WRITE;
/*!40000 ALTER TABLE `addresses` DISABLE KEYS */;
INSERT INTO `addresses` VALUES (1,'Primary',NULL,'708 3rd Avenue','6th FL','New York',570,'10017',840,'3478545192',NULL,NULL,1,'App\\System','2020-10-01 19:25:57','2020-10-02 01:41:41'),(2,'Primary','Primary Address','708 3rd Avenue','6th FL','New York',570,'10017',840,'13478545192',NULL,NULL,1,'App\\User','2020-10-01 19:25:58','2020-10-01 23:35:25'),(3,'Primary','Admin User','3744 Armstrong Glen Apt. 228','Ludwig Harbor','Vickyland',NULL,'68027-9301',470,'(435) 377-0227',-19.89,-24.34,2,'App\\User','2020-10-01 19:26:29','2020-10-01 19:26:29'),(4,'Primary','Merchant User','9250 Quitzon Wells Suite 940','Hettinger Flats','Bettyeview',NULL,'06446-5859',548,'(339) 608-4697 x39950',67.98,162.40,3,'App\\Merchant','2020-10-01 19:26:29','2020-10-01 19:26:29'),(5,'Primary','Ms. Angelina Schmitt V','646 Bradtke Meadows Apt. 460','Jan Common','Reillyville',NULL,'31223-7028',51,'368-749-5768',86.60,106.78,4,'App\\Merchant','2020-10-01 19:26:29','2020-10-01 19:26:29'),(6,'Primary',NULL,'Demo Platform Address',NULL,NULL,380,'63585',604,NULL,NULL,NULL,1,'App\\Shop','2020-10-01 19:26:29','2020-10-01 19:26:29'),(7,'Primary',NULL,'Demo Platform Address',NULL,NULL,380,'63585',604,NULL,NULL,NULL,2,'App\\Shop','2020-10-01 19:26:29','2020-10-01 19:26:29'),(8,'Primary','Customer Name','4628 Sanford Ports','Greenfelder Ranch','Hilpertbury',NULL,'68726',446,'(446) 693-9905 x87431',-45.23,-67.92,1,'App\\Customer','2020-10-01 19:26:29','2020-10-01 19:26:29'),(9,'Billing','Dorm Address','13701 Raegan Throughway Suite 813','Emmerich Roads','Orlandland',351,'98593-2963',392,'1-596-286-8074 x70244',-84.62,170.29,1,'App\\Customer','2020-10-01 19:26:29','2020-10-01 19:26:29'),(10,'Shipping','Home Address','248 Darrion Brook Suite 110','Donnelly Mountains','Lake Sydniemouth',NULL,'45006',275,'524.359.9445',-49.09,-100.93,1,'App\\Customer','2020-10-01 19:26:29','2020-10-01 19:26:29'),(11,'Primary','Veum Ltd','70341 Tristian Creek Apt. 150','Veum Tunnel','Dellaborough',NULL,'20498-5980',300,'(361) 241-2806 x87288',-68.78,-76.68,1,'App\\Supplier','2020-10-01 19:26:29','2020-10-01 19:26:29'),(12,'Primary','Stanton, Harvey and Padberg','85609 Lindgren Gardens Apt. 995','Macejkovic Place','Port Tate',NULL,'79329-2502',218,'(996) 746-4867',24.85,153.56,2,'App\\Supplier','2020-10-01 19:26:29','2020-10-01 19:26:29'),(13,'Primary','Ankunding Inc','1779 Darrion Stream','Alexa Streets','New Shawna',NULL,'27698-7980',414,'263.284.7329',-79.81,-128.09,3,'App\\Supplier','2020-10-01 19:26:29','2020-10-01 19:26:29'),(14,'Primary','Keebler and Sons','57786 Pedro Estate Suite 670','Pascale Fork','West Piperstad',NULL,'22612',180,'+1.608.704.6226',-8.44,-164.67,4,'App\\Supplier','2020-10-01 19:26:29','2020-10-01 19:26:29'),(15,'Primary','Hamill Inc','904 Rudy Spring Suite 279','Hudson Prairie','Germanmouth',NULL,'38005',710,'692.909.9872 x018',25.44,135.57,5,'App\\Supplier','2020-10-01 19:26:29','2020-10-01 19:26:29'),(16,'Primary','Weber-Dickens','226 Laura Drives Suite 906','Winnifred Lock','Mosciskihaven',NULL,'44439',376,'249-778-8494 x8323',-11.26,124.10,1,'App\\Warehouse','2020-10-01 19:26:30','2020-10-01 19:26:30');
/*!40000 ALTER TABLE `addresses` ENABLE KEYS */;
UNLOCK TABLES;

--
-- Table structure for table `announcements`
--

DROP TABLE IF EXISTS `announcements`;
/*!40101 SET @saved_cs_client     = @@character_set_client */;
/*!40101 SET character_set_client = utf8 */;
CREATE TABLE `announcements` (
  `id` varchar(255) COLLATE utf8_unicode_ci NOT NULL,
  `user_id` int(11) NOT NULL,
  `body` text COLLATE utf8_unicode_ci NOT NULL,
  `action_text` varchar(255) COLLATE utf8_unicode_ci DEFAULT NULL,
  `action_url` text COLLATE utf8_unicode_ci DEFAULT NULL,
  `created_at` timestamp NULL DEFAULT NULL,
  `updated_at` timestamp NULL DEFAULT NULL,
  PRIMARY KEY (`id`)
) ENGINE=InnoDB DEFAULT CHARSET=utf8 COLLATE=utf8_unicode_ci;
/*!40101 SET character_set_client = @saved_cs_client */;

--
-- Dumping data for table `announcements`
--

LOCK TABLES `announcements` WRITE;
/*!40000 ALTER TABLE `announcements` DISABLE KEYS */;
INSERT INTO `announcements` VALUES ('9e274a6b-1340-4862-8ca2-525331830725',1,'Black Friday **Deals**!','Shop Now','/','2020-10-01 19:26:33','2020-10-01 19:26:33');
/*!40000 ALTER TABLE `announcements` ENABLE KEYS */;
UNLOCK TABLES;

--
-- Table structure for table `attachments`
--

DROP TABLE IF EXISTS `attachments`;
/*!40101 SET @saved_cs_client     = @@character_set_client */;
/*!40101 SET character_set_client = utf8 */;
CREATE TABLE `attachments` (
  `id` bigint(20) unsigned NOT NULL AUTO_INCREMENT,
  `path` text COLLATE utf8_unicode_ci NOT NULL,
  `name` text COLLATE utf8_unicode_ci DEFAULT NULL,
  `extension` varchar(255) COLLATE utf8_unicode_ci DEFAULT NULL,
  `size` varchar(255) COLLATE utf8_unicode_ci DEFAULT NULL,
  `attachable_id` int(10) unsigned NOT NULL,
  `attachable_type` varchar(255) COLLATE utf8_unicode_ci NOT NULL,
  `ownable_id` bigint(20) DEFAULT NULL,
  `ownable_type` varchar(255) COLLATE utf8_unicode_ci DEFAULT NULL,
  `created_at` timestamp NULL DEFAULT NULL,
  `updated_at` timestamp NULL DEFAULT NULL,
  PRIMARY KEY (`id`)
) ENGINE=InnoDB DEFAULT CHARSET=utf8 COLLATE=utf8_unicode_ci;
/*!40101 SET character_set_client = @saved_cs_client */;

--
-- Dumping data for table `attachments`
--

LOCK TABLES `attachments` WRITE;
/*!40000 ALTER TABLE `attachments` DISABLE KEYS */;
/*!40000 ALTER TABLE `attachments` ENABLE KEYS */;
UNLOCK TABLES;

--
-- Table structure for table `attribute_inventory`
--

DROP TABLE IF EXISTS `attribute_inventory`;
/*!40101 SET @saved_cs_client     = @@character_set_client */;
/*!40101 SET character_set_client = utf8 */;
CREATE TABLE `attribute_inventory` (
  `attribute_id` int(10) unsigned NOT NULL,
  `inventory_id` bigint(20) unsigned NOT NULL,
  `attribute_value_id` int(10) unsigned NOT NULL,
  `created_at` timestamp NULL DEFAULT NULL,
  `updated_at` timestamp NULL DEFAULT NULL,
  KEY `attribute_inventory_attribute_id_index` (`attribute_id`),
  KEY `attribute_inventory_inventory_id_index` (`inventory_id`),
  KEY `attribute_inventory_attribute_value_id_index` (`attribute_value_id`),
  CONSTRAINT `attribute_inventory_attribute_id_foreign` FOREIGN KEY (`attribute_id`) REFERENCES `attributes` (`id`) ON DELETE CASCADE,
  CONSTRAINT `attribute_inventory_attribute_value_id_foreign` FOREIGN KEY (`attribute_value_id`) REFERENCES `attribute_values` (`id`) ON DELETE CASCADE,
  CONSTRAINT `attribute_inventory_inventory_id_foreign` FOREIGN KEY (`inventory_id`) REFERENCES `inventories` (`id`) ON DELETE CASCADE
) ENGINE=InnoDB DEFAULT CHARSET=utf8 COLLATE=utf8_unicode_ci;
/*!40101 SET character_set_client = @saved_cs_client */;

--
-- Dumping data for table `attribute_inventory`
--

LOCK TABLES `attribute_inventory` WRITE;
/*!40000 ALTER TABLE `attribute_inventory` DISABLE KEYS */;
INSERT INTO `attribute_inventory` VALUES (2,5,6,'2020-10-01 19:26:32','2020-10-01 19:26:32'),(2,2,6,'2020-10-01 19:26:32','2020-10-01 19:26:32'),(5,15,20,'2020-10-01 19:26:32','2020-10-01 19:26:32'),(4,19,10,'2020-10-01 19:26:32','2020-10-01 19:26:32'),(5,2,18,'2020-10-01 19:26:32','2020-10-01 19:26:32'),(5,14,1,'2020-10-01 19:26:32','2020-10-01 19:26:32'),(1,14,23,'2020-10-01 19:26:32','2020-10-01 19:26:32'),(1,23,23,'2020-10-01 19:26:32','2020-10-01 19:26:32'),(6,5,22,'2020-10-01 19:26:32','2020-10-01 19:26:32'),(4,21,9,'2020-10-01 19:26:32','2020-10-01 19:26:32'),(2,25,30,'2020-10-01 19:26:32','2020-10-01 19:26:32'),(3,6,14,'2020-10-01 19:26:32','2020-10-01 19:26:32'),(4,8,9,'2020-10-01 19:26:32','2020-10-01 19:26:32'),(5,8,15,'2020-10-01 19:26:32','2020-10-01 19:26:32'),(3,4,4,'2020-10-01 19:26:32','2020-10-01 19:26:32'),(2,19,11,'2020-10-01 19:26:32','2020-10-01 19:26:32'),(5,11,15,'2020-10-01 19:26:32','2020-10-01 19:26:32'),(2,27,11,'2020-10-01 19:26:32','2020-10-01 19:26:32'),(2,14,6,'2020-10-01 19:26:32','2020-10-01 19:26:32'),(3,9,3,'2020-10-01 19:26:32','2020-10-01 19:26:32'),(5,26,18,'2020-10-01 19:26:32','2020-10-01 19:26:32'),(1,9,5,'2020-10-01 19:26:32','2020-10-01 19:26:32'),(6,20,21,'2020-10-01 19:26:32','2020-10-01 19:26:32'),(3,22,4,'2020-10-01 19:26:32','2020-10-01 19:26:32'),(4,23,26,'2020-10-01 19:26:32','2020-10-01 19:26:32'),(6,13,2,'2020-10-01 19:26:32','2020-10-01 19:26:32'),(4,10,9,'2020-10-01 19:26:32','2020-10-01 19:26:32'),(4,6,8,'2020-10-01 19:26:32','2020-10-01 19:26:32'),(1,8,5,'2020-10-01 19:26:32','2020-10-01 19:26:32'),(5,20,15,'2020-10-01 19:26:32','2020-10-01 19:26:32');
/*!40000 ALTER TABLE `attribute_inventory` ENABLE KEYS */;
UNLOCK TABLES;

--
-- Table structure for table `attribute_types`
--

DROP TABLE IF EXISTS `attribute_types`;
/*!40101 SET @saved_cs_client     = @@character_set_client */;
/*!40101 SET character_set_client = utf8 */;
CREATE TABLE `attribute_types` (
  `id` int(10) unsigned NOT NULL AUTO_INCREMENT,
  `type` varchar(100) COLLATE utf8_unicode_ci NOT NULL,
  PRIMARY KEY (`id`),
  UNIQUE KEY `attribute_types_type_unique` (`type`)
) ENGINE=InnoDB AUTO_INCREMENT=4 DEFAULT CHARSET=utf8 COLLATE=utf8_unicode_ci;
/*!40101 SET character_set_client = @saved_cs_client */;

--
-- Dumping data for table `attribute_types`
--

LOCK TABLES `attribute_types` WRITE;
/*!40000 ALTER TABLE `attribute_types` DISABLE KEYS */;
INSERT INTO `attribute_types` VALUES (1,'Color/Pattern'),(2,'Radio'),(3,'Select');
/*!40000 ALTER TABLE `attribute_types` ENABLE KEYS */;
UNLOCK TABLES;

--
-- Table structure for table `attribute_values`
--

DROP TABLE IF EXISTS `attribute_values`;
/*!40101 SET @saved_cs_client     = @@character_set_client */;
/*!40101 SET character_set_client = utf8 */;
CREATE TABLE `attribute_values` (
  `id` int(10) unsigned NOT NULL AUTO_INCREMENT,
  `shop_id` int(10) unsigned DEFAULT NULL,
  `value` varchar(100) COLLATE utf8_unicode_ci DEFAULT NULL,
  `color` varchar(20) COLLATE utf8_unicode_ci DEFAULT NULL,
  `attribute_id` int(10) unsigned NOT NULL,
  `order` int(11) DEFAULT NULL,
  `deleted_at` timestamp NULL DEFAULT NULL,
  `created_at` timestamp NULL DEFAULT NULL,
  `updated_at` timestamp NULL DEFAULT NULL,
  PRIMARY KEY (`id`),
  KEY `attribute_values_attribute_id_foreign` (`attribute_id`),
  CONSTRAINT `attribute_values_attribute_id_foreign` FOREIGN KEY (`attribute_id`) REFERENCES `attributes` (`id`) ON DELETE CASCADE
) ENGINE=InnoDB AUTO_INCREMENT=31 DEFAULT CHARSET=utf8 COLLATE=utf8_unicode_ci;
/*!40101 SET character_set_client = @saved_cs_client */;

--
-- Dumping data for table `attribute_values`
--

LOCK TABLES `attribute_values` WRITE;
/*!40000 ALTER TABLE `attribute_values` DISABLE KEYS */;
INSERT INTO `attribute_values` VALUES (1,1,'voluptatum','#6a53fe',5,4,NULL,'2020-10-01 19:26:30','2020-10-01 19:26:30'),(2,2,'perferendis','#7455bb',6,0,NULL,'2020-10-01 19:26:30','2020-10-01 19:26:30'),(3,NULL,'laudantium','#6ed419',3,4,NULL,'2020-10-01 19:26:30','2020-10-01 19:26:30'),(4,NULL,'vel','#ae215c',3,2,NULL,'2020-10-01 19:26:30','2020-10-01 19:26:30'),(5,NULL,'aliquid','#ddc6ee',1,9,NULL,'2020-10-01 19:26:30','2020-10-01 19:26:30'),(6,1,'eos','#d5a861',2,2,NULL,'2020-10-01 19:26:30','2020-10-01 19:26:30'),(7,1,'ab','#990ea4',5,0,NULL,'2020-10-01 19:26:30','2020-10-01 19:26:30'),(8,NULL,'voluptatibus','#0f2631',4,1,NULL,'2020-10-01 19:26:30','2020-10-01 19:26:30'),(9,NULL,'eos','#36505d',4,4,NULL,'2020-10-01 19:26:30','2020-10-01 19:26:30'),(10,1,'quam','#add8b1',4,3,NULL,'2020-10-01 19:26:30','2020-10-01 19:26:30'),(11,1,'vel','#1d3dcb',2,4,NULL,'2020-10-01 19:26:30','2020-10-01 19:26:30'),(12,NULL,'perferendis','#6c855a',1,2,NULL,'2020-10-01 19:26:30','2020-10-01 19:26:30'),(13,1,'veritatis','#03726c',4,0,NULL,'2020-10-01 19:26:30','2020-10-01 19:26:30'),(14,NULL,'maiores','#8da0f5',3,5,NULL,'2020-10-01 19:26:30','2020-10-01 19:26:30'),(15,NULL,'aut','#1888a2',5,8,NULL,'2020-10-01 19:26:30','2020-10-01 19:26:30'),(16,2,'ratione','#71c49f',6,7,NULL,'2020-10-01 19:26:30','2020-10-01 19:26:30'),(17,NULL,'eius','#858197',5,9,NULL,'2020-10-01 19:26:30','2020-10-01 19:26:30'),(18,2,'commodi','#40613e',5,8,NULL,'2020-10-01 19:26:30','2020-10-01 19:26:30'),(19,1,'quo','#877b8d',5,5,NULL,'2020-10-01 19:26:30','2020-10-01 19:26:30'),(20,1,'hic','#d739d7',5,9,NULL,'2020-10-01 19:26:30','2020-10-01 19:26:30'),(21,NULL,'assumenda','#a93e4b',6,8,NULL,'2020-10-01 19:26:30','2020-10-01 19:26:30'),(22,1,'tenetur','#5cb88a',6,7,NULL,'2020-10-01 19:26:30','2020-10-01 19:26:30'),(23,NULL,'eos','#96cb4c',1,0,NULL,'2020-10-01 19:26:30','2020-10-01 19:26:30'),(24,NULL,'eaque','#68c5a9',1,5,NULL,'2020-10-01 19:26:30','2020-10-01 19:26:30'),(25,2,'vitae','#813e5c',6,9,NULL,'2020-10-01 19:26:30','2020-10-01 19:26:30'),(26,NULL,'ut','#5f343c',4,1,NULL,'2020-10-01 19:26:30','2020-10-01 19:26:30'),(27,2,'neque','#358061',6,1,NULL,'2020-10-01 19:26:30','2020-10-01 19:26:30'),(28,NULL,'ut','#30e06a',3,0,NULL,'2020-10-01 19:26:30','2020-10-01 19:26:30'),(29,2,'aut','#5e7899',3,8,NULL,'2020-10-01 19:26:30','2020-10-01 19:26:30'),(30,NULL,'magnam','#e74a72',2,9,NULL,'2020-10-01 19:26:30','2020-10-01 19:26:30');
/*!40000 ALTER TABLE `attribute_values` ENABLE KEYS */;
UNLOCK TABLES;

--
-- Table structure for table `attributes`
--

DROP TABLE IF EXISTS `attributes`;
/*!40101 SET @saved_cs_client     = @@character_set_client */;
/*!40101 SET character_set_client = utf8 */;
CREATE TABLE `attributes` (
  `id` int(10) unsigned NOT NULL AUTO_INCREMENT,
  `shop_id` int(10) unsigned DEFAULT NULL,
  `name` varchar(100) COLLATE utf8_unicode_ci DEFAULT NULL,
  `attribute_type_id` int(10) unsigned DEFAULT NULL,
  `order` int(11) DEFAULT NULL,
  `deleted_at` timestamp NULL DEFAULT NULL,
  `created_at` timestamp NULL DEFAULT NULL,
  `updated_at` timestamp NULL DEFAULT NULL,
  PRIMARY KEY (`id`),
  KEY `attributes_attribute_type_id_foreign` (`attribute_type_id`),
  CONSTRAINT `attributes_attribute_type_id_foreign` FOREIGN KEY (`attribute_type_id`) REFERENCES `attribute_types` (`id`) ON DELETE SET NULL
) ENGINE=InnoDB AUTO_INCREMENT=7 DEFAULT CHARSET=utf8 COLLATE=utf8_unicode_ci;
/*!40101 SET character_set_client = @saved_cs_client */;

--
-- Dumping data for table `attributes`
--

LOCK TABLES `attributes` WRITE;
/*!40000 ALTER TABLE `attributes` DISABLE KEYS */;
INSERT INTO `attributes` VALUES (1,NULL,'Color',1,0,NULL,'2020-10-01 19:25:58','2020-10-01 19:25:58'),(2,NULL,'Pattern',1,1,NULL,'2020-10-01 19:25:58','2020-10-01 19:25:58'),(3,NULL,'Size',3,2,NULL,'2020-10-01 19:25:58','2020-10-01 19:25:58'),(4,NULL,'Style',3,3,NULL,'2020-10-01 19:25:58','2020-10-01 19:25:58'),(5,NULL,'Gender',2,4,NULL,'2020-10-01 19:25:58','2020-10-01 19:25:58'),(6,NULL,'Format',3,5,NULL,'2020-10-01 19:25:58','2020-10-01 19:25:58');
/*!40000 ALTER TABLE `attributes` ENABLE KEYS */;
UNLOCK TABLES;

--
-- Table structure for table `banner_groups`
--

DROP TABLE IF EXISTS `banner_groups`;
/*!40101 SET @saved_cs_client     = @@character_set_client */;
/*!40101 SET character_set_client = utf8 */;
CREATE TABLE `banner_groups` (
  `id` varchar(255) COLLATE utf8_unicode_ci NOT NULL,
  `name` varchar(255) COLLATE utf8_unicode_ci NOT NULL,
  UNIQUE KEY `banner_groups_id_unique` (`id`),
  UNIQUE KEY `banner_groups_name_unique` (`name`)
) ENGINE=InnoDB DEFAULT CHARSET=utf8 COLLATE=utf8_unicode_ci;
/*!40101 SET character_set_client = @saved_cs_client */;

--
-- Dumping data for table `banner_groups`
--

LOCK TABLES `banner_groups` WRITE;
/*!40000 ALTER TABLE `banner_groups` DISABLE KEYS */;
INSERT INTO `banner_groups` VALUES ('best_deals','Best deals'),('bottom','Bottom'),('place_one','Place one'),('place_three','Place three'),('place_two','Place two'),('sidebar','Sidebar');
/*!40000 ALTER TABLE `banner_groups` ENABLE KEYS */;
UNLOCK TABLES;

--
-- Table structure for table `banners`
--

DROP TABLE IF EXISTS `banners`;
/*!40101 SET @saved_cs_client     = @@character_set_client */;
/*!40101 SET character_set_client = utf8 */;
CREATE TABLE `banners` (
  `id` int(10) unsigned NOT NULL AUTO_INCREMENT,
  `title` varchar(255) COLLATE utf8_unicode_ci DEFAULT NULL,
  `description` varchar(255) COLLATE utf8_unicode_ci DEFAULT NULL,
  `link` text COLLATE utf8_unicode_ci DEFAULT NULL,
  `link_label` varchar(100) COLLATE utf8_unicode_ci DEFAULT NULL,
  `bg_color` varchar(20) COLLATE utf8_unicode_ci DEFAULT NULL,
  `group_id` varchar(255) COLLATE utf8_unicode_ci DEFAULT NULL,
  `columns` int(11) DEFAULT 12,
  `order` int(11) DEFAULT 100,
  `created_at` timestamp NULL DEFAULT NULL,
  `updated_at` timestamp NULL DEFAULT NULL,
  PRIMARY KEY (`id`)
) ENGINE=InnoDB AUTO_INCREMENT=12 DEFAULT CHARSET=utf8 COLLATE=utf8_unicode_ci;
/*!40101 SET character_set_client = @saved_cs_client */;

--
-- Dumping data for table `banners`
--

LOCK TABLES `banners` WRITE;
/*!40000 ALTER TABLE `banners` DISABLE KEYS */;
INSERT INTO `banners` VALUES (1,'Free shipping','Up to 50% off','/category/desktop','Shop Now','#4bd77b','best_deals',4,100,'2020-10-01 19:26:32','2020-10-03 22:40:23'),(2,'Tech accessories with free shipping','Up to 72% off','/category/assumenda-aliquam-doloremque-est-sint','Shop Now','#cf1edb','best_deals',4,100,'2020-10-01 19:26:32','2020-10-01 19:26:32'),(3,'Year end SALE!','','/category/nesciunt-rerum-consequatur-accusamus-cupiditate-neque-ea-accusantium','Shop Now','#1d9de8','best_deals',4,100,'2020-10-01 19:26:32','2020-10-01 19:26:32'),(4,'80% Off!','','/category/consequatur-tempore-doloremque-facilis-molestiae-porro-consequatur-accusantium','Shop Now','#79fe38','place_one',6,100,'2020-10-01 19:26:32','2020-10-01 19:26:32'),(5,'BIG sale week!','','/category/quaerat-illum-ut-sequi-est-qui-sequi-qui','Shop Now','#37cbaf','place_one',6,100,'2020-10-01 19:26:32','2020-10-01 19:26:32'),(6,'Books category deals','','/category/excepturi-sit-accusantium-ratione-nostrum','Shop Now','#04480c','place_two',12,100,'2020-10-01 19:26:32','2020-10-01 19:26:32'),(7,'Kids item deals','Up to 57% off','/category/magnam-quam-aut-quidem-et','Shop Now','#b522f1','sidebar',12,100,'2020-10-01 19:26:32','2020-10-01 19:26:32'),(8,'Top deal on fashion accessories','Flat 60% off','/category/assumenda-reprehenderit-dolorem-omnis-quos-excepturi','Shop Now','#d9a20f','sidebar',12,100,'2020-10-01 19:26:32','2020-10-01 19:26:32'),(9,'Free shipping','Up to 48% off','/category/mobile-accessories','Shop Now','#58ee87','place_three',6,100,'2020-10-01 19:26:32','2020-10-01 19:26:32'),(10,'Everyday essentials deals','Don\'t miss out!','/category/voluptatem-veniam-iste-omnis-quia-voluptas-eaque-nihil','Shop Now','#c485be','place_three',6,100,'2020-10-01 19:26:32','2020-10-01 19:26:32'),(11,'Kids item deals','Up to 42% off','/category/odit-magnam-facilis-illo-maiores-nemo-eaque','Shop Now','#3b5cd4','bottom',12,100,'2020-10-01 19:26:32','2020-10-01 19:26:32');
/*!40000 ALTER TABLE `banners` ENABLE KEYS */;
UNLOCK TABLES;

--
-- Table structure for table `blog_comments`
--

DROP TABLE IF EXISTS `blog_comments`;
/*!40101 SET @saved_cs_client     = @@character_set_client */;
/*!40101 SET character_set_client = utf8 */;
CREATE TABLE `blog_comments` (
  `id` int(10) unsigned NOT NULL AUTO_INCREMENT,
  `content` longtext COLLATE utf8_unicode_ci NOT NULL,
  `blog_id` int(10) unsigned NOT NULL,
  `user_id` bigint(20) unsigned NOT NULL,
  `parent` int(10) unsigned DEFAULT NULL,
  `approved` tinyint(1) NOT NULL DEFAULT 1,
  `likes` int(10) unsigned NOT NULL DEFAULT 0,
  `dislikes` int(10) unsigned NOT NULL DEFAULT 0,
  `deleted_at` timestamp NULL DEFAULT NULL,
  `created_at` timestamp NULL DEFAULT NULL,
  `updated_at` timestamp NULL DEFAULT NULL,
  PRIMARY KEY (`id`),
  KEY `blog_comments_blog_id_foreign` (`blog_id`),
  KEY `blog_comments_user_id_foreign` (`user_id`),
  CONSTRAINT `blog_comments_blog_id_foreign` FOREIGN KEY (`blog_id`) REFERENCES `blogs` (`id`) ON DELETE CASCADE,
  CONSTRAINT `blog_comments_user_id_foreign` FOREIGN KEY (`user_id`) REFERENCES `users` (`id`) ON DELETE CASCADE
) ENGINE=InnoDB AUTO_INCREMENT=31 DEFAULT CHARSET=utf8 COLLATE=utf8_unicode_ci;
/*!40101 SET character_set_client = @saved_cs_client */;

--
-- Dumping data for table `blog_comments`
--

LOCK TABLES `blog_comments` WRITE;
/*!40000 ALTER TABLE `blog_comments` DISABLE KEYS */;
INSERT INTO `blog_comments` VALUES (1,'Suscipit itaque est quidem expedita. Atque dolorem dolores adipisci corrupti minima aut dolorem. Maiores maxime impedit omnis voluptatibus corrupti. Et error quas ex ipsum.',3,2,NULL,1,0,0,NULL,'2020-09-25 19:26:32','2020-09-19 19:26:32'),(2,'Aliquid magnam laudantium et cupiditate. Et et porro tempore. Corrupti animi adipisci architecto et quia ipsam.',3,3,NULL,1,0,0,NULL,'2020-09-27 19:26:32','2020-09-23 19:26:32'),(3,'Eius quidem voluptatem ut ut eum esse non. Amet voluptatem natus voluptatem et ut. Optio sed quo suscipit unde id.',2,2,NULL,1,0,0,NULL,'2020-09-16 19:26:32','2020-09-29 19:26:32'),(4,'Similique esse quam nemo ad animi. Corrupti qui blanditiis voluptas soluta odit. Illum odio sapiente voluptatem possimus nisi eum.',5,4,NULL,0,0,0,NULL,'2020-09-20 19:26:32','2020-09-20 19:26:32'),(5,'Qui omnis iure error velit. Ullam earum ipsam illum doloremque ut maiores sit. Doloremque id et eos consequatur. Ratione dicta doloremque velit est ut.',1,3,NULL,1,0,0,NULL,'2020-09-26 19:26:32','2020-09-25 19:26:32'),(6,'Voluptatem error quasi possimus qui. Minus quia vel voluptate aperiam consectetur a eius. Ut labore veniam id ut corporis. Perspiciatis fugiat laudantium quo molestias.',4,1,NULL,0,0,0,NULL,'2020-10-01 19:26:32','2020-09-16 19:26:32'),(7,'Non dolores iste fugit quis quibusdam. Neque iure soluta pariatur molestiae. Iusto maiores molestiae voluptas. Incidunt ducimus consequatur quis magnam dolor sunt rerum.',1,2,NULL,0,0,0,NULL,'2020-09-27 19:26:32','2020-09-30 19:26:32'),(8,'Itaque ipsam molestias cupiditate reiciendis minus et vel. Ab sit est aperiam aperiam quis voluptas aut. Esse nobis et atque qui ut iure est.',5,4,NULL,1,0,0,NULL,'2020-09-28 19:26:32','2020-09-27 19:26:32'),(9,'Nemo consectetur voluptatem aut saepe sit. Pariatur tempora ducimus molestias et. Minima eaque dolor ipsa quo sint suscipit nulla.',2,4,NULL,0,0,0,NULL,'2020-09-28 19:26:32','2020-09-18 19:26:32'),(10,'Illum et libero omnis autem. Et aut repellat iste sunt totam.',4,3,NULL,0,0,0,NULL,'2020-09-27 19:26:32','2020-09-22 19:26:32'),(11,'Quisquam recusandae ut nisi nesciunt. Nisi ullam aliquid quos dolores delectus eligendi aut.',4,4,NULL,1,0,0,NULL,'2020-09-23 19:26:32','2020-09-29 19:26:32'),(12,'Et sed possimus ab accusamus nulla voluptatibus saepe. Facere omnis tenetur vel neque sint ducimus blanditiis. Quis hic quia quod facere modi dicta. Velit et temporibus ab quaerat itaque dolore illo. Est itaque a numquam dolor voluptas atque.',4,3,NULL,1,0,0,NULL,'2020-09-22 19:26:32','2020-09-25 19:26:32'),(13,'Culpa deserunt cumque aut. Veniam et ut et omnis. Amet sapiente alias qui suscipit quod ea maiores sapiente. Fugiat quis sunt maiores qui et nobis libero debitis.',1,1,NULL,0,0,0,NULL,'2020-09-24 19:26:32','2020-09-17 19:26:32'),(14,'Voluptas totam labore suscipit iste. Qui facilis quod nostrum ratione ratione. Id repellat impedit ipsa enim unde. Quia ipsum eius natus debitis et assumenda atque corporis. Quod ab et et eligendi fugiat.',2,4,NULL,1,0,0,NULL,'2020-09-30 19:26:32','2020-09-30 19:26:32'),(15,'Voluptate excepturi quasi sint suscipit ut. Voluptatem neque nam maiores corrupti sed a. Quas aut fuga iste ut quod consequatur dolore harum. Neque aut porro quaerat voluptatem.',4,3,NULL,0,0,0,NULL,'2020-09-28 19:26:32','2020-09-22 19:26:32'),(16,'Reprehenderit ut aut et corporis sapiente. Odio voluptatibus cupiditate voluptatem cupiditate quaerat unde. Voluptatum numquam rerum pariatur saepe qui aspernatur sapiente. Porro voluptate sit ipsum omnis minus suscipit adipisci rerum.',2,1,NULL,1,0,0,NULL,'2020-09-29 19:26:32','2020-09-21 19:26:32'),(17,'Quasi aliquid atque fugit consequatur est totam amet. Sapiente culpa in sint aut unde. Harum enim numquam perferendis dolores illo.',4,4,NULL,1,0,0,NULL,'2020-09-17 19:26:32','2020-09-18 19:26:32'),(18,'Ut ex labore ducimus distinctio. Temporibus laborum itaque rerum sed itaque ducimus. Quia nihil omnis non est quas molestias dignissimos. Totam ea libero voluptas tempore.',4,2,NULL,1,0,0,NULL,'2020-09-26 19:26:32','2020-09-26 19:26:32'),(19,'Esse qui hic perferendis consequatur repellendus. Dolorem aut reiciendis mollitia sapiente. Ad ut assumenda autem ut. Rem dolorum quisquam reiciendis voluptatibus adipisci consequatur rerum.',5,1,NULL,0,0,0,NULL,'2020-09-17 19:26:32','2020-09-17 19:26:32'),(20,'Sed dolores et iste illo. Unde possimus laboriosam ullam consequatur aut ullam doloribus. Tempora autem suscipit est iste omnis mollitia ea.',2,1,NULL,1,0,0,NULL,'2020-09-17 19:26:32','2020-09-26 19:26:32'),(21,'Dolorum molestiae voluptatem voluptas amet reprehenderit. Blanditiis nobis ad iusto quam commodi similique. Iste voluptas dicta alias dolore.',3,4,NULL,0,0,0,NULL,'2020-09-29 19:26:32','2020-09-27 19:26:32'),(22,'Perspiciatis quisquam sint tempore consequatur ipsa non consequatur. Tempore voluptas numquam excepturi.',2,2,NULL,1,0,0,NULL,'2020-09-19 19:26:32','2020-09-24 19:26:32'),(23,'Natus laboriosam facilis officiis voluptas et. Necessitatibus quia libero doloribus et quia aut quisquam.',5,2,NULL,1,0,0,NULL,'2020-09-16 19:26:32','2020-09-17 19:26:32'),(24,'Et illum iusto aliquid dignissimos nam quisquam. Quod labore voluptas fuga sunt. Suscipit voluptatem aut et ullam possimus. Quia et at omnis similique.',2,3,NULL,0,0,0,NULL,'2020-09-22 19:26:32','2020-09-29 19:26:32'),(25,'Non et earum eligendi culpa enim saepe. Atque enim et error illo eligendi repellat reprehenderit. Natus quisquam dolorem nihil aut eaque.',5,2,NULL,0,0,0,NULL,'2020-09-16 19:26:32','2020-09-25 19:26:32'),(26,'Quidem aut enim rem quas reprehenderit accusantium repellat. Quod velit et quia consequatur laboriosam aut alias soluta. Consequatur qui ex est placeat atque mollitia deleniti. Totam nobis expedita provident harum.',2,4,NULL,1,0,0,NULL,'2020-09-19 19:26:32','2020-09-30 19:26:32'),(27,'Quae voluptatum voluptas quia hic accusamus a. Totam neque est assumenda aut. Explicabo facere qui aut amet sed nostrum exercitationem ratione. Dolor non assumenda et inventore. Omnis libero eum autem tenetur.',1,2,NULL,0,0,0,NULL,'2020-09-16 19:26:32','2020-09-24 19:26:32'),(28,'Velit quidem officiis hic ex. Tempora quis quod aliquid et eum consequatur.',4,1,NULL,1,0,0,NULL,'2020-09-23 19:26:32','2020-09-19 19:26:32'),(29,'Voluptatum qui hic quod rem nam veniam. Ullam nostrum et dicta et praesentium voluptas exercitationem. Explicabo ullam reprehenderit dolores. Quo aliquam veniam earum voluptas nisi mollitia commodi.',3,1,NULL,1,0,0,NULL,'2020-09-16 19:26:32','2020-09-22 19:26:32'),(30,'Corporis quae voluptates ratione mollitia incidunt quia corrupti. Minus et sed maxime optio voluptatem accusamus. Distinctio hic nobis quaerat ea autem. Nam sunt mollitia ea omnis voluptas officiis.',5,1,NULL,1,0,0,NULL,'2020-09-30 19:26:32','2020-10-01 19:26:32');
/*!40000 ALTER TABLE `blog_comments` ENABLE KEYS */;
UNLOCK TABLES;

--
-- Table structure for table `blogs`
--

DROP TABLE IF EXISTS `blogs`;
/*!40101 SET @saved_cs_client     = @@character_set_client */;
/*!40101 SET character_set_client = utf8 */;
CREATE TABLE `blogs` (
  `id` int(10) unsigned NOT NULL AUTO_INCREMENT,
  `title` text COLLATE utf8_unicode_ci NOT NULL,
  `slug` varchar(200) COLLATE utf8_unicode_ci NOT NULL,
  `excerpt` varchar(255) COLLATE utf8_unicode_ci DEFAULT NULL,
  `content` longtext COLLATE utf8_unicode_ci DEFAULT NULL,
  `user_id` bigint(20) unsigned NOT NULL,
  `status` tinyint(1) NOT NULL DEFAULT 1,
  `approved` tinyint(1) NOT NULL DEFAULT 1,
  `published_at` timestamp NULL DEFAULT NULL,
  `likes` int(10) unsigned NOT NULL DEFAULT 0,
  `dislikes` int(10) unsigned NOT NULL DEFAULT 0,
  `deleted_at` timestamp NULL DEFAULT NULL,
  `created_at` timestamp NULL DEFAULT NULL,
  `updated_at` timestamp NULL DEFAULT NULL,
  PRIMARY KEY (`id`),
  UNIQUE KEY `blogs_slug_unique` (`slug`),
  KEY `blogs_user_id_foreign` (`user_id`),
  CONSTRAINT `blogs_user_id_foreign` FOREIGN KEY (`user_id`) REFERENCES `users` (`id`) ON DELETE CASCADE
) ENGINE=InnoDB AUTO_INCREMENT=6 DEFAULT CHARSET=utf8 COLLATE=utf8_unicode_ci;
/*!40101 SET character_set_client = @saved_cs_client */;

--
-- Dumping data for table `blogs`
--

LOCK TABLES `blogs` WRITE;
/*!40000 ALTER TABLE `blogs` DISABLE KEYS */;
INSERT INTO `blogs` VALUES (1,'Eos ipsa excepturi illum.','enim-velit-quisquam-libero-pariatur-quia-eligendi-ut-ut','Cupiditate cumque temporibus non placeat. Et qui pariatur quia quas libero rerum doloribus nesciunt. Ea velit magnam optio modi. Aut est corrupti soluta vel.','<p>Deleniti consequatur deleniti et aliquam maiores voluptas quae voluptatem. Pariatur molestiae est quis sapiente in. Excepturi ut commodi voluptatem possimus doloribus ut. Itaque nam ut libero neque et illo provident ea.</p><p>Dolorem amet quia et dolorem sequi. Quia quidem vero nulla quos et ullam. Qui quos aut occaecati et et tenetur. Cum enim rerum aspernatur facere ratione est. Iusto laboriosam magnam delectus sint.</p><p>Et mollitia qui eum. Voluptatem assumenda voluptatem doloribus doloribus et. Unde expedita et totam aperiam.</p><p>Aut qui molestiae nemo dolor quia. Harum cumque quos ea nam deserunt ut. Minima vel beatae est earum qui sed. Delectus porro voluptatem quasi est voluptatem.<img src=\"https://farm5.staticflickr.com/4459/37473350250_be9bb89c24_b.jpg\" width=\"640\" height=\"424\" alt=\"Sunrise at red crabs beach\"></p><p>Aspernatur alias et deserunt qui culpa est. Praesentium qui magni velit quisquam molestiae enim enim. Optio est necessitatibus ipsum voluptate quae voluptas. Sint necessitatibus culpa sint et. Quod in quod qui suscipit et voluptatibus animi.</p><p>Deleniti qui quia iure sint. Molestias et vero vero corrupti et voluptatibus. Ipsam molestiae eaque voluptatum dignissimos quos velit beatae. Nobis voluptatum temporibus aut ad in qui.</p><p>Itaque odio deserunt corrupti sapiente. Quia quia facere laboriosam enim voluptatem laudantium. Dolores reprehenderit ut labore.</p>',4,1,1,'2020-09-29 19:26:00',0,0,NULL,'2020-09-22 19:26:32','2020-09-18 19:26:32'),(2,'Rerum et unde culpa voluptatem et aperiam accusamus.','non-praesentium-sunt-tenetur-esse-eius','Dicta tempore omnis quo itaque quis. Quia expedita ratione et debitis sed.','<p>Repellendus enim et hic et minima. Voluptatem mollitia amet dolores aperiam ducimus incidunt. Sunt qui provident in sequi eius.</p><p>Enim quas voluptas aut nemo qui quis. Ea consequatur quis architecto ut dolor inventore. Corporis ut maiores quam occaecati. Repellat praesentium optio impedit voluptatum excepturi non sint.</p><p>Minima ea esse fugit aut eum dolorum dolorem. Asperiores officiis adipisci ipsum placeat recusandae ullam. Sint delectus beatae fugit. Perspiciatis culpa et molestiae qui consequuntur quibusdam. Rerum neque ut sint quo illo et.</p><p>Et officiis ab delectus error. Explicabo possimus velit reiciendis voluptatem molestiae dolore quae. Nemo fugit hic repudiandae.<img src=\"https://farm5.staticflickr.com/4472/37699097482_c20aaa2910_z.jpg\" width=\"640\" height=\"424\" alt=\"Rolling\"></p><p>Perspiciatis dolores quaerat error rem optio quibusdam voluptates. Dignissimos rerum cupiditate quisquam dolorem nisi magni et. Tempora harum reprehenderit nam qui.</p><p>Aliquid reiciendis aut sunt exercitationem. Sunt aliquam sapiente mollitia magni minima qui. Perferendis similique est repudiandae sunt aut facere.</p><p>Odit et ullam in laborum. Cumque quis pariatur accusantium in. Provident impedit repellendus assumenda voluptate. Eum hic aliquid veniam aut.</p>',1,1,1,'2020-09-23 19:26:00',0,0,NULL,'2020-09-23 19:26:32','2020-09-26 19:26:32'),(3,'Facilis aut temporibus quia odio dolorem facere.','expedita-ut-omnis-beatae-ut','Ducimus laborum quasi sed ut dolor animi. Ullam totam quam quis aut. Alias deleniti alias voluptatem rerum ad.','<p>Iste iusto veniam est earum ea iusto. Fugit optio quo laudantium iste laudantium possimus voluptatum similique. Dolores in dolores labore eligendi et.</p><p>Commodi dolore odit eaque itaque sit. Nostrum id sunt doloremque ad ea. Qui aut esse fugiat provident aut sint et. Doloribus est dolorum et. Doloribus et sapiente ut ad.</p><p>Qui nihil et nesciunt libero eum. Aut ullam adipisci quos voluptatem saepe incidunt illum. Et aut similique aut sed ea qui tempore.</p><p>Eum necessitatibus suscipit a nam non. Nemo voluptate nemo repellendus quo pariatur laborum. Veniam quia reprehenderit facilis. Sed aut sit accusantium aliquam quod dolores.<img src=\"https://farm5.staticflickr.com/4510/37699099812_bc4aa78c5a_z.jpg\" width=\"640\" height=\"424\" alt=\"Fishermen&#x27;s morning V1\"></p><p>Odio et pariatur laudantium deleniti iste velit expedita natus. Enim quos eum omnis omnis ea cum earum. Modi nemo quisquam qui accusantium non et earum.</p><p>In dolores perferendis perferendis dignissimos hic sed mollitia. Dicta ut dolor quia doloribus ab. Molestiae nostrum expedita expedita expedita ab aspernatur voluptatem.</p><p>Nesciunt officia omnis nulla doloribus vitae et nisi. Neque temporibus consequuntur dolor itaque molestiae sunt sunt. Ea in ad veritatis voluptatem. Voluptas vel nobis et voluptatem sit.</p>',4,1,1,'2020-09-16 19:26:00',0,0,NULL,'2020-09-30 19:26:32','2020-09-20 19:26:32'),(4,'Fugiat dolore eius ab dignissimos rem nobis.','nobis-at-commodi-quia-dolores-unde-est','Quaerat consequatur aut libero. Et numquam dolorem iste quo cupiditate ut.','<p>Ipsa nesciunt omnis ullam quod amet odit est. Qui ea quo voluptatum quod dolor doloribus harum. Dolores voluptas laudantium maxime cupiditate.</p><p>Consequatur dolor harum excepturi mollitia quidem. Quibusdam veritatis sit cum enim sed. Qui tempora magnam et tempora voluptas sint rerum. Porro non sit et architecto consectetur adipisci.</p><p>Et tempore est magnam omnis atque voluptas. Adipisci fugiat inventore id. Tenetur eos consequatur et sed totam blanditiis mollitia.</p><p>Laborum qui ea eveniet adipisci. Nihil error tempore blanditiis sit eius rerum aperiam. Consequatur eos corporis ea assumenda fuga sed libero. Impedit nesciunt hic temporibus dolor necessitatibus qui reiciendis. Et enim possimus id commodi aliquid.<img src=\"https://farm5.staticflickr.com/4472/37699097482_c20aaa2910_z.jpg\" width=\"640\" height=\"424\" alt=\"Rolling\"></p><p>Dolorem possimus ut ad pariatur sit. Eos qui doloremque eum ut. Beatae ab minima eum natus dolorum nesciunt. Natus ipsam eius expedita tenetur tempore ab.</p><p>Et voluptates optio quis odio. Quas mollitia consequatur dolores temporibus ipsa. Occaecati velit earum qui minus distinctio reiciendis. Voluptas dolorum eos nemo id praesentium quasi voluptas corrupti. Libero ea cum ipsam exercitationem saepe deleniti amet.</p><p>Blanditiis voluptas ad distinctio nemo. Veniam porro ipsa nesciunt cumque et fuga sit. Amet asperiores repellat et nemo explicabo reprehenderit.</p>',2,1,1,'2020-09-25 19:26:00',0,0,NULL,'2020-09-20 19:26:32','2020-09-17 19:26:32'),(5,'Dolores ipsa quia voluptatem maiores harum ut eius.','quis-aut-ut-pariatur-ex-nihil','Non ipsa saepe illum aut eum voluptate. Et ad officiis sunt quia occaecati aperiam. Qui est nostrum nihil rem id impedit.','<p>Tempora explicabo in fuga dignissimos eius. Expedita mollitia exercitationem placeat cupiditate voluptatem praesentium. Tempora corporis aut aut ratione esse tempora.</p><p>Sit fuga qui ad nostrum. Quisquam animi quis corporis numquam optio. Rerum nisi quo perspiciatis vero ex aspernatur optio. Rerum earum expedita possimus nisi aut veniam numquam.</p><p>Assumenda sed reprehenderit possimus ut culpa. Facere consequatur illum blanditiis nisi ea. Dolores non exercitationem temporibus. Non atque et et quos dolorem ad.</p><p>Est ipsam praesentium consequatur possimus. Quod quasi placeat hic et. Sunt enim quaerat ut provident. Dolore voluptas rem perferendis.<img src=\"https://farm5.staticflickr.com/4494/37473356390_051bb9b747_z.jpg\" width=\"424\" height=\"640\" alt=\"Discrete wheel V1\"></p><p>Rem accusantium et doloribus autem dolorum et. Et et culpa fuga mollitia ea accusantium. Nihil assumenda at et repellat. Exercitationem ea omnis porro et.</p><p>Molestiae qui illo nulla voluptatibus doloremque minima. Sint architecto in voluptates autem asperiores assumenda reprehenderit. Omnis dolores commodi mollitia modi id. Mollitia repellendus eum fugit rerum. Ex nihil et dolore impedit atque sunt numquam.</p><p>Qui voluptate aut ea voluptas est ratione. Rerum nihil pariatur explicabo iusto necessitatibus maxime. Occaecati est dolore tempore veniam.</p>',2,1,1,'2020-09-27 19:26:00',0,0,NULL,'2020-10-01 19:26:32','2020-09-28 19:26:32');
/*!40000 ALTER TABLE `blogs` ENABLE KEYS */;
UNLOCK TABLES;

--
-- Table structure for table `cancellation_reasons`
--

DROP TABLE IF EXISTS `cancellation_reasons`;
/*!40101 SET @saved_cs_client     = @@character_set_client */;
/*!40101 SET character_set_client = utf8 */;
CREATE TABLE `cancellation_reasons` (
  `id` int(10) unsigned NOT NULL AUTO_INCREMENT,
  `detail` varchar(255) COLLATE utf8_unicode_ci NOT NULL,
  `office_use` tinyint(1) DEFAULT NULL,
  PRIMARY KEY (`id`),
  UNIQUE KEY `cancellation_reasons_detail_unique` (`detail`)
) ENGINE=InnoDB AUTO_INCREMENT=14 DEFAULT CHARSET=utf8 COLLATE=utf8_unicode_ci;
/*!40101 SET character_set_client = @saved_cs_client */;

--
-- Dumping data for table `cancellation_reasons`
--

LOCK TABLES `cancellation_reasons` WRITE;
/*!40000 ALTER TABLE `cancellation_reasons` DISABLE KEYS */;
INSERT INTO `cancellation_reasons` VALUES (1,'Order created by mistake',NULL),(2,'Delivery takes so long',NULL),(3,'High shipping cost',NULL),(4,'Wrong shipping address',NULL),(5,'Need some adjustment',NULL),(6,'Wrong billing address',NULL),(7,'Other reason',NULL),(8,'No inventory',1),(9,'Buyer cancelled',1),(10,'General adjustment',1),(11,'Shipping address undeliverable',1),(12,'Pricing issue',1),(13,'Customs problem',1);
/*!40000 ALTER TABLE `cancellation_reasons` ENABLE KEYS */;
UNLOCK TABLES;

--
-- Table structure for table `cancellations`
--

DROP TABLE IF EXISTS `cancellations`;
/*!40101 SET @saved_cs_client     = @@character_set_client */;
/*!40101 SET character_set_client = utf8 */;
CREATE TABLE `cancellations` (
  `id` bigint(20) unsigned NOT NULL AUTO_INCREMENT,
  `shop_id` int(10) unsigned DEFAULT NULL,
  `cancellation_reason_id` int(10) unsigned DEFAULT NULL,
  `customer_id` bigint(20) unsigned NOT NULL,
  `order_id` bigint(20) unsigned NOT NULL,
  `items` text COLLATE utf8_unicode_ci DEFAULT NULL,
  `description` longtext COLLATE utf8_unicode_ci DEFAULT NULL,
  `return_goods` tinyint(1) DEFAULT NULL,
  `status` int(10) unsigned NOT NULL DEFAULT 1,
  `created_at` timestamp NULL DEFAULT NULL,
  `updated_at` timestamp NULL DEFAULT NULL,
  PRIMARY KEY (`id`),
  KEY `cancellations_order_id_foreign` (`order_id`),
  KEY `cancellations_customer_id_foreign` (`customer_id`),
  KEY `cancellations_cancellation_reason_id_foreign` (`cancellation_reason_id`),
  CONSTRAINT `cancellations_cancellation_reason_id_foreign` FOREIGN KEY (`cancellation_reason_id`) REFERENCES `cancellation_reasons` (`id`) ON DELETE SET NULL,
  CONSTRAINT `cancellations_customer_id_foreign` FOREIGN KEY (`customer_id`) REFERENCES `customers` (`id`) ON DELETE CASCADE,
  CONSTRAINT `cancellations_order_id_foreign` FOREIGN KEY (`order_id`) REFERENCES `orders` (`id`) ON DELETE CASCADE
) ENGINE=InnoDB DEFAULT CHARSET=utf8 COLLATE=utf8_unicode_ci;
/*!40101 SET character_set_client = @saved_cs_client */;

--
-- Dumping data for table `cancellations`
--

LOCK TABLES `cancellations` WRITE;
/*!40000 ALTER TABLE `cancellations` DISABLE KEYS */;
/*!40000 ALTER TABLE `cancellations` ENABLE KEYS */;
UNLOCK TABLES;

--
-- Table structure for table `carriers`
--

DROP TABLE IF EXISTS `carriers`;
/*!40101 SET @saved_cs_client     = @@character_set_client */;
/*!40101 SET character_set_client = utf8 */;
CREATE TABLE `carriers` (
  `id` int(10) unsigned NOT NULL AUTO_INCREMENT,
  `shop_id` int(10) unsigned DEFAULT NULL,
  `tax_id` int(10) unsigned DEFAULT NULL,
  `name` varchar(255) COLLATE utf8_unicode_ci NOT NULL,
  `email` varchar(255) COLLATE utf8_unicode_ci DEFAULT NULL,
  `phone` varchar(255) COLLATE utf8_unicode_ci DEFAULT NULL,
  `tracking_url` varchar(255) COLLATE utf8_unicode_ci DEFAULT NULL,
  `active` tinyint(1) NOT NULL DEFAULT 1,
  `deleted_at` timestamp NULL DEFAULT NULL,
  `created_at` timestamp NULL DEFAULT NULL,
  `updated_at` timestamp NULL DEFAULT NULL,
  PRIMARY KEY (`id`)
) ENGINE=InnoDB AUTO_INCREMENT=6 DEFAULT CHARSET=utf8 COLLATE=utf8_unicode_ci;
/*!40101 SET character_set_client = @saved_cs_client */;

--
-- Dumping data for table `carriers`
--

LOCK TABLES `carriers` WRITE;
/*!40000 ALTER TABLE `carriers` DISABLE KEYS */;
INSERT INTO `carriers` VALUES (1,2,4,'USP','gabriella53@brekke.com','+17272267468','http://bashirian.com/aperiam-et-aut-fugiat-mollitia-eum-repellat-hic.html/@',1,NULL,'2020-10-01 19:26:30','2020-10-01 19:26:30'),(2,1,4,'USP','bogisich.era@yahoo.com','551-509-2679 x246','https://beier.com/velit-commodi-inventore-itaque-omnis.html/@',1,NULL,'2020-10-01 19:26:30','2020-10-01 19:26:30'),(3,2,5,'FedEx','daisha.abernathy@rohan.com','219.879.6931 x3432','http://www.funk.com/omnis-rerum-est-dolor-iusto-et-qui-illo/@',1,NULL,'2020-10-01 19:26:30','2020-10-01 19:26:30'),(4,2,6,'USP','genoveva.corkery@kling.com','+12655444568','https://www.nitzsche.com/natus-dolor-soluta-aut-rerum-accusantium/@',1,NULL,'2020-10-01 19:26:30','2020-10-01 19:26:30'),(5,2,1,'DHL','rsmitham@lang.com','+17848408227','https://www.reichert.com/ut-saepe-deserunt-pariatur-dolor-rerum-voluptate-veritatis-iusto/@',1,NULL,'2020-10-01 19:26:30','2020-10-01 19:26:30');
/*!40000 ALTER TABLE `carriers` ENABLE KEYS */;
UNLOCK TABLES;

--
-- Table structure for table `cart_items`
--

DROP TABLE IF EXISTS `cart_items`;
/*!40101 SET @saved_cs_client     = @@character_set_client */;
/*!40101 SET character_set_client = utf8 */;
CREATE TABLE `cart_items` (
  `cart_id` bigint(20) unsigned NOT NULL,
  `inventory_id` bigint(20) unsigned NOT NULL,
  `item_description` longtext COLLATE utf8_unicode_ci NOT NULL,
  `quantity` int(10) unsigned NOT NULL,
  `unit_price` decimal(20,6) NOT NULL,
  `created_at` timestamp NULL DEFAULT NULL,
  `updated_at` timestamp NULL DEFAULT NULL,
  KEY `cart_items_cart_id_index` (`cart_id`),
  KEY `cart_items_inventory_id_index` (`inventory_id`),
  CONSTRAINT `cart_items_cart_id_foreign` FOREIGN KEY (`cart_id`) REFERENCES `carts` (`id`) ON DELETE CASCADE,
  CONSTRAINT `cart_items_inventory_id_foreign` FOREIGN KEY (`inventory_id`) REFERENCES `inventories` (`id`) ON DELETE CASCADE
) ENGINE=InnoDB DEFAULT CHARSET=utf8 COLLATE=utf8_unicode_ci;
/*!40101 SET character_set_client = @saved_cs_client */;

--
-- Dumping data for table `cart_items`
--

LOCK TABLES `cart_items` WRITE;
/*!40000 ALTER TABLE `cart_items` DISABLE KEYS */;
INSERT INTO `cart_items` VALUES (1,7,'vero: Temporibus exercitationem occaecati laboriosam earum. -  - Refurbished',1,235.622159,'2020-10-01 21:24:56','2020-10-01 22:40:52'),(2,2,'doloribus: Eos eaque eligendi ipsam. - eos - commodi - Used',1,252.277944,'2020-10-01 21:25:40','2020-10-01 21:25:40'),(3,14,'repellat: Cumque impedit ullam aut alias incidunt. - voluptatum - eos - eos - Used',1,187.100000,'2020-10-01 21:28:57','2020-10-01 21:28:57'),(4,19,'temporibus: Velit necessitatibus et iure. - quam - vel - New',1,480.226000,'2020-10-01 21:32:18','2020-10-01 22:33:41'),(5,24,'dolorem: Excepturi nulla eveniet dignissimos illo et tempora. -  - Used',1,496.724000,'2020-10-01 21:34:15','2020-10-01 21:34:15'),(4,11,'ad: Sed modi voluptatem non placeat earum placeat doloribus. - aut - Refurbished',1,455.705300,'2020-10-01 21:34:53','2020-10-01 22:33:41'),(1,5,'a: Sint consectetur magni in provident enim voluptas. - eos - tenetur - New',1,275.179000,'2020-10-01 21:35:17','2020-10-01 22:40:52'),(6,15,'sunt: Expedita culpa iusto possimus omnis recusandae quia corporis. - hic - Used',1,226.256333,'2020-10-01 21:37:00','2020-10-01 21:37:00'),(7,8,'qui: Autem cupiditate consequuntur nihil a quo consequatur sapiente. - eos - aut - aliquid - Refurbished',1,503.980000,'2020-10-01 21:41:12','2020-10-01 21:41:12'),(4,12,'necessitatibus: Dolorem deleniti consequatur harum non mollitia corrupti modi placeat. -  - Used',1,426.310000,'2020-10-01 21:42:55','2020-10-01 22:33:41'),(4,13,'iusto: Quas qui praesentium sint magni accusamus. - perferendis - New',1,296.635285,'2020-10-01 21:43:49','2020-10-01 22:33:41'),(8,13,'iusto: Quas qui praesentium sint magni accusamus. - perferendis - New',1,296.635285,'2020-10-01 21:47:56','2020-10-01 22:56:09'),(3,27,'enim: Quis eum iure beatae dolorem. - vel - Used',1,322.431607,'2020-10-01 21:51:57','2020-10-01 21:51:57'),(9,3,'animi: Soluta voluptatem dolore et culpa sit ipsa. -  - Refurbished',1,473.916565,'2020-10-01 22:07:00','2020-10-01 22:07:00'),(6,10,'omnis: Odio voluptas ut suscipit quia. - eos - Refurbished',1,245.471400,'2020-10-01 22:11:34','2020-10-01 22:11:34'),(2,9,'incidunt: Voluptatem ad mollitia molestiae tempore. - laudantium - aliquid - Refurbished',1,446.558760,'2020-10-01 22:14:39','2020-10-01 22:14:39'),(10,3,'animi: Soluta voluptatem dolore et culpa sit ipsa. -  - Refurbished',1,473.916565,'2020-10-01 22:31:33','2020-10-01 22:31:33'),(10,16,'fuga: Impedit sit et eaque aspernatur nobis deleniti omnis doloremque. -  - Used',1,241.726200,'2020-10-01 22:32:59','2020-10-01 22:32:59'),(4,20,'rerum: Dolores culpa et dicta. - assumenda - aut - New',1,358.253507,'2020-10-01 22:33:05','2020-10-01 22:33:41'),(1,14,'repellat: Cumque impedit ullam aut alias incidunt. - voluptatum - eos - eos - Used',1,187.100000,'2020-10-01 22:35:18','2020-10-01 22:40:52'),(1,8,'qui: Autem cupiditate consequuntur nihil a quo consequatur sapiente. - eos - aut - aliquid - Refurbished',1,503.980000,'2020-10-01 22:35:26','2020-10-01 22:40:52'),(9,4,'reiciendis: Recusandae eius reprehenderit tempore laudantium impedit. - vel - Refurbished',1,145.618724,'2020-10-01 22:43:22','2020-10-01 22:43:22'),(3,28,'non: Dolor illo minus id earum sit voluptatibus. -  - Used',1,412.070000,'2020-10-01 22:43:41','2020-10-01 22:43:41'),(3,17,'id: Dolor molestias voluptatem adipisci fugit deleniti non. -  - Refurbished',1,284.872221,'2020-10-01 22:44:00','2020-10-01 22:44:00'),(9,10,'omnis: Odio voluptas ut suscipit quia. - eos - Refurbished',1,245.471400,'2020-10-01 22:44:02','2020-10-01 22:44:02'),(8,19,'temporibus: Velit necessitatibus et iure. - quam - vel - New',1,480.226000,'2020-10-01 22:54:38','2020-10-01 22:56:09'),(10,4,'reiciendis: Recusandae eius reprehenderit tempore laudantium impedit. - vel - Refurbished',1,145.618724,'2020-10-01 22:55:08','2020-10-01 22:55:08'),(5,30,'veniam: Exercitationem facilis molestias deserunt sit rem. -  - Used',1,392.804832,'2020-10-01 22:55:52','2020-10-01 22:55:52'),(11,30,'veniam: Exercitationem facilis molestias deserunt sit rem. -  - Used',1,392.804832,'2020-10-01 23:02:51','2020-10-01 23:02:51'),(2,6,'eligendi: Provident nam aut ipsam vel sint nisi minima. - maiores - voluptatibus - New',1,291.713823,'2020-10-01 23:11:59','2020-10-01 23:11:59'),(11,18,'omnis: Et omnis minus voluptatibus a laudantium ducimus quasi. -  - New',1,196.540000,'2020-10-01 23:13:04','2020-10-01 23:13:04'),(10,29,'ducimus: Et et sed et modi. -  - New',1,330.525509,'2020-10-01 23:24:16','2020-10-01 23:24:16'),(8,1,'natus: Asperiores suscipit est ea expedita illo. -  - Used',1,182.138742,'2020-10-01 23:41:16','2020-10-01 23:41:16'),(12,25,'aut: Repellat et molestias labore dolor reprehenderit. - magnam - Used',1,396.301900,'2020-10-02 00:05:23','2020-10-02 00:05:23'),(8,11,'ad: Sed modi voluptatem non placeat earum placeat doloribus. - aut - Refurbished',1,455.705300,'2020-10-02 00:24:00','2020-10-02 00:24:00'),(11,23,'sit: Architecto numquam ut sit tempore dolor. - eos - ut - Used',1,496.000000,'2020-10-02 00:30:30','2020-10-02 00:30:30'),(9,29,'ducimus: Et et sed et modi. -  - New',1,330.525509,'2020-10-02 00:39:53','2020-10-02 00:39:53'),(13,21,'vero: Blanditiis tempore voluptas qui soluta. - eos - Used',1,541.939165,'2020-10-02 00:57:53','2020-10-02 01:53:48'),(13,11,'ad: Sed modi voluptatem non placeat earum placeat doloribus. - aut - Refurbished',1,455.705300,'2020-10-02 01:01:16','2020-10-02 01:53:48'),(14,3,'animi: Soluta voluptatem dolore et culpa sit ipsa. -  - Refurbished',1,473.916565,'2020-10-02 01:02:12','2020-10-02 01:02:12'),(15,15,'sunt: Expedita culpa iusto possimus omnis recusandae quia corporis. - hic - Used',1,226.256333,'2020-10-02 01:03:45','2020-10-02 10:52:11'),(15,29,'ducimus: Et et sed et modi. -  - New',1,330.525509,'2020-10-02 01:05:35','2020-10-02 10:52:11'),(15,6,'eligendi: Provident nam aut ipsam vel sint nisi minima. - maiores - voluptatibus - New',1,291.713823,'2020-10-02 01:05:45','2020-10-02 10:52:11'),(16,12,'necessitatibus: Dolorem deleniti consequatur harum non mollitia corrupti modi placeat. -  - Used',1,426.310000,'2020-10-02 01:11:28','2020-10-02 01:11:28'),(16,28,'non: Dolor illo minus id earum sit voluptatibus. -  - Used',1,412.070000,'2020-10-02 01:14:37','2020-10-02 01:14:37'),(13,14,'repellat: Cumque impedit ullam aut alias incidunt. - voluptatum - eos - eos - Used',1,187.100000,'2020-10-02 01:14:53','2020-10-02 01:53:48'),(17,13,'iusto: Quas qui praesentium sint magni accusamus. - perferendis - New',1,296.635285,'2020-10-02 01:15:21','2020-10-02 05:50:59'),(17,19,'temporibus: Velit necessitatibus et iure. - quam - vel - New',1,480.226000,'2020-10-02 01:25:06','2020-10-02 05:50:59'),(15,18,'omnis: Et omnis minus voluptatibus a laudantium ducimus quasi. -  - New',1,196.540000,'2020-10-02 01:25:37','2020-10-02 10:52:11'),(16,8,'qui: Autem cupiditate consequuntur nihil a quo consequatur sapiente. - eos - aut - aliquid - Refurbished',1,503.980000,'2020-10-02 01:32:16','2020-10-02 01:32:16'),(14,9,'incidunt: Voluptatem ad mollitia molestiae tempore. - laudantium - aliquid - Refurbished',1,446.558760,'2020-10-02 01:36:05','2020-10-02 01:36:05'),(16,26,'veniam: Quia saepe facilis tenetur nemo id architecto. - commodi - Used',1,113.270730,'2020-10-02 01:42:10','2020-10-02 01:42:10'),(18,23,'sit: Architecto numquam ut sit tempore dolor. - eos - ut - Used',1,496.000000,'2020-10-02 01:44:30','2020-10-02 01:44:30'),(13,27,'enim: Quis eum iure beatae dolorem. - vel - Used',1,322.431607,'2020-10-02 01:45:42','2020-10-02 01:53:48'),(13,1,'natus: Asperiores suscipit est ea expedita illo. -  - Used',1,182.138742,'2020-10-02 02:19:08','2020-10-02 02:19:08'),(18,4,'reiciendis: Recusandae eius reprehenderit tempore laudantium impedit. - vel - Refurbished',1,145.618724,'2020-10-02 02:26:12','2020-10-02 02:26:12'),(16,7,'vero: Temporibus exercitationem occaecati laboriosam earum. -  - Refurbished',1,235.622159,'2020-10-02 02:26:13','2020-10-02 02:26:13'),(15,2,'doloribus: Eos eaque eligendi ipsam. - eos - commodi - Used',1,252.277944,'2020-10-02 03:51:08','2020-10-02 10:52:11'),(3,7,'vero: Temporibus exercitationem occaecati laboriosam earum. -  - Refurbished',1,235.622159,'2020-10-02 04:01:28','2020-10-02 04:01:28'),(15,24,'dolorem: Excepturi nulla eveniet dignissimos illo et tempora. -  - Used',1,496.724000,'2020-10-02 04:15:49','2020-10-02 10:52:11'),(16,25,'aut: Repellat et molestias labore dolor reprehenderit. - magnam - Used',1,396.301900,'2020-10-02 04:24:32','2020-10-02 04:24:32'),(17,5,'a: Sint consectetur magni in provident enim voluptas. - eos - tenetur - New',1,275.179000,'2020-10-02 04:38:25','2020-10-02 05:50:59'),(11,24,'dolorem: Excepturi nulla eveniet dignissimos illo et tempora. -  - Used',1,496.724000,'2020-10-02 04:48:50','2020-10-02 04:48:50'),(10,2,'doloribus: Eos eaque eligendi ipsam. - eos - commodi - Used',1,252.277944,'2020-10-02 05:20:42','2020-10-02 05:20:42'),(10,18,'omnis: Et omnis minus voluptatibus a laudantium ducimus quasi. -  - New',1,196.540000,'2020-10-02 06:00:35','2020-10-02 06:00:35'),(6,23,'sit: Architecto numquam ut sit tempore dolor. - eos - ut - Used',1,496.000000,'2020-10-02 06:05:36','2020-10-02 06:05:36'),(18,16,'fuga: Impedit sit et eaque aspernatur nobis deleniti omnis doloremque. -  - Used',1,241.726200,'2020-10-02 08:18:38','2020-10-02 08:18:38'),(15,30,'veniam: Exercitationem facilis molestias deserunt sit rem. -  - Used',1,392.804832,'2020-10-02 08:24:58','2020-10-02 10:52:11'),(19,5,'a: Sint consectetur magni in provident enim voluptas. - eos - tenetur - New',1,275.179000,'2020-10-02 11:29:39','2020-10-02 11:29:39'),(20,4,'reiciendis: Recusandae eius reprehenderit tempore laudantium impedit. - vel - Refurbished',1,145.618724,'2020-10-02 11:29:42','2020-10-02 11:29:42'),(19,12,'necessitatibus: Dolorem deleniti consequatur harum non mollitia corrupti modi placeat. -  - Used',1,426.310000,'2020-10-02 11:29:46','2020-10-02 11:29:46'),(20,10,'omnis: Odio voluptas ut suscipit quia. - eos - Refurbished',1,245.471400,'2020-10-02 11:29:49','2020-10-02 11:29:49'),(19,21,'vero: Blanditiis tempore voluptas qui soluta. - eos - Used',1,541.939165,'2020-10-02 11:29:53','2020-10-02 11:29:53'),(20,24,'dolorem: Excepturi nulla eveniet dignissimos illo et tempora. -  - Used',1,496.724000,'2020-10-02 11:29:56','2020-10-02 11:29:56'),(20,3,'animi: Soluta voluptatem dolore et culpa sit ipsa. -  - Refurbished',1,473.916565,'2020-10-02 11:29:59','2020-10-02 11:29:59'),(20,29,'ducimus: Et et sed et modi. -  - New',1,330.525509,'2020-10-02 11:30:03','2020-10-02 11:30:03'),(20,16,'fuga: Impedit sit et eaque aspernatur nobis deleniti omnis doloremque. -  - Used',1,241.726200,'2020-10-02 11:30:06','2020-10-02 11:30:06'),(19,17,'id: Dolor molestias voluptatem adipisci fugit deleniti non. -  - Refurbished',1,284.872221,'2020-10-02 11:30:10','2020-10-02 11:30:10'),(19,1,'natus: Asperiores suscipit est ea expedita illo. -  - Used',1,182.138742,'2020-10-02 11:30:13','2020-10-02 11:30:13'),(19,19,'temporibus: Velit necessitatibus et iure. - quam - vel - New',1,480.226000,'2020-10-02 11:30:17','2020-10-02 11:30:17'),(20,2,'doloribus: Eos eaque eligendi ipsam. - eos - commodi - Used',1,252.277944,'2020-10-02 11:30:20','2020-10-02 11:30:20'),(19,13,'iusto: Quas qui praesentium sint magni accusamus. - perferendis - New',1,296.635285,'2020-10-02 11:30:24','2020-10-02 11:30:24'),(20,6,'eligendi: Provident nam aut ipsam vel sint nisi minima. - maiores - voluptatibus - New',1,291.713823,'2020-10-02 11:30:27','2020-10-02 11:30:27'),(20,15,'sunt: Expedita culpa iusto possimus omnis recusandae quia corporis. - hic - Used',1,226.256333,'2020-10-02 11:30:31','2020-10-02 11:30:31'),(19,11,'ad: Sed modi voluptatem non placeat earum placeat doloribus. - aut - Refurbished',1,455.705300,'2020-10-02 11:30:34','2020-10-02 11:30:34'),(20,9,'incidunt: Voluptatem ad mollitia molestiae tempore. - laudantium - aliquid - Refurbished',1,446.558760,'2020-10-02 11:30:37','2020-10-02 11:30:37'),(20,18,'omnis: Et omnis minus voluptatibus a laudantium ducimus quasi. -  - New',1,196.540000,'2020-10-02 11:30:41','2020-10-02 11:30:41'),(21,20,'rerum: Dolores culpa et dicta. - assumenda - aut - New',1,358.253507,'2020-10-02 19:19:06','2020-10-02 19:19:06'),(21,27,'enim: Quis eum iure beatae dolorem. - vel - Used',1,322.431607,'2020-10-02 19:19:11','2020-10-02 19:19:11'),(21,14,'repellat: Cumque impedit ullam aut alias incidunt. - voluptatum - eos - eos - Used',1,187.100000,'2020-10-02 19:19:16','2020-10-02 19:19:16'),(21,28,'non: Dolor illo minus id earum sit voluptatibus. -  - Used',1,412.070000,'2020-10-02 19:19:21','2020-10-02 19:19:21'),(21,25,'aut: Repellat et molestias labore dolor reprehenderit. - magnam - Used',1,396.301900,'2020-10-02 19:19:26','2020-10-02 19:19:26'),(21,8,'qui: Autem cupiditate consequuntur nihil a quo consequatur sapiente. - eos - aut - aliquid - Refurbished',1,503.980000,'2020-10-02 19:19:30','2020-10-02 19:19:30'),(21,26,'veniam: Quia saepe facilis tenetur nemo id architecto. - commodi - Used',1,113.270730,'2020-10-02 19:19:35','2020-10-02 19:19:35'),(21,7,'vero: Temporibus exercitationem occaecati laboriosam earum. -  - Refurbished',1,235.622159,'2020-10-02 19:19:41','2020-10-02 19:19:41'),(22,30,'veniam: Exercitationem facilis molestias deserunt sit rem. -  - Used',1,392.804832,'2020-10-02 19:19:47','2020-10-02 19:19:47'),(22,23,'sit: Architecto numquam ut sit tempore dolor. - eos - ut - Used',1,496.000000,'2020-10-02 19:19:52','2020-10-02 19:19:52'),(23,15,'sunt: Expedita culpa iusto possimus omnis recusandae quia corporis. - hic - Used',1,226.256333,'2020-10-04 00:41:41','2020-10-04 00:41:41'),(24,20,'rerum: Dolores culpa et dicta. - assumenda - aut - New',1,358.253507,'2020-10-04 00:42:05','2020-10-04 00:42:05'),(25,28,'non: Dolor illo minus id earum sit voluptatibus. -  - Used',1,412.070000,'2020-10-04 00:44:46','2020-10-04 00:44:46'),(26,25,'aut: Repellat et molestias labore dolor reprehenderit. - magnam - Used',1,396.301900,'2020-10-04 00:46:50','2020-10-04 00:46:55'),(27,17,'id: Dolor molestias voluptatem adipisci fugit deleniti non. -  - Refurbished',1,284.872221,'2020-10-05 09:51:19','2020-10-05 09:51:19'),(28,21,'vero: Blanditiis tempore voluptas qui soluta. - eos - Used',1,541.939165,'2020-10-05 22:26:45','2020-10-05 22:26:58');
/*!40000 ALTER TABLE `cart_items` ENABLE KEYS */;
UNLOCK TABLES;

--
-- Table structure for table `carts`
--

DROP TABLE IF EXISTS `carts`;
/*!40101 SET @saved_cs_client     = @@character_set_client */;
/*!40101 SET character_set_client = utf8 */;
CREATE TABLE `carts` (
  `id` bigint(20) unsigned NOT NULL AUTO_INCREMENT,
  `shop_id` int(10) unsigned DEFAULT NULL,
  `customer_id` bigint(20) unsigned DEFAULT NULL,
  `ip_address` varchar(45) COLLATE utf8_unicode_ci DEFAULT NULL,
  `ship_to` int(10) unsigned DEFAULT NULL,
  `ship_to_country_id` int(10) unsigned DEFAULT NULL,
  `ship_to_state_id` int(10) unsigned DEFAULT NULL,
  `shipping_zone_id` int(10) unsigned DEFAULT NULL,
  `shipping_rate_id` int(10) unsigned DEFAULT NULL,
  `packaging_id` int(10) unsigned DEFAULT NULL,
  `item_count` int(10) unsigned NOT NULL,
  `quantity` int(10) unsigned NOT NULL,
  `total` decimal(20,6) DEFAULT NULL,
  `discount` decimal(20,6) DEFAULT NULL,
  `shipping` decimal(20,6) DEFAULT NULL,
  `packaging` decimal(20,6) DEFAULT NULL,
  `handling` decimal(20,6) DEFAULT NULL,
  `taxes` decimal(20,6) DEFAULT NULL,
  `grand_total` decimal(20,6) DEFAULT NULL,
  `taxrate` decimal(20,6) DEFAULT NULL,
  `shipping_weight` decimal(20,2) DEFAULT NULL,
  `billing_address` bigint(20) unsigned DEFAULT NULL,
  `shipping_address` bigint(20) unsigned DEFAULT NULL,
  `email` varchar(255) COLLATE utf8_unicode_ci DEFAULT NULL,
  `coupon_id` bigint(20) unsigned DEFAULT NULL,
  `payment_status` int(11) NOT NULL DEFAULT 1,
  `payment_method_id` int(10) unsigned DEFAULT NULL,
  `message_to_customer` text COLLATE utf8_unicode_ci DEFAULT NULL,
  `admin_note` text COLLATE utf8_unicode_ci DEFAULT NULL,
  `deleted_at` timestamp NULL DEFAULT NULL,
  `created_at` timestamp NULL DEFAULT NULL,
  `updated_at` timestamp NULL DEFAULT NULL,
  PRIMARY KEY (`id`),
  KEY `carts_shop_id_foreign` (`shop_id`),
  KEY `carts_customer_id_foreign` (`customer_id`),
  CONSTRAINT `carts_customer_id_foreign` FOREIGN KEY (`customer_id`) REFERENCES `customers` (`id`) ON DELETE SET NULL,
  CONSTRAINT `carts_shop_id_foreign` FOREIGN KEY (`shop_id`) REFERENCES `shops` (`id`) ON DELETE SET NULL
) ENGINE=InnoDB AUTO_INCREMENT=29 DEFAULT CHARSET=utf8 COLLATE=utf8_unicode_ci;
/*!40101 SET character_set_client = @saved_cs_client */;

--
-- Dumping data for table `carts`
--

LOCK TABLES `carts` WRITE;
/*!40000 ALTER TABLE `carts` DISABLE KEYS */;
INSERT INTO `carts` VALUES (1,1,NULL,'66.249.75.110',NULL,NULL,NULL,2,NULL,NULL,4,4,1201.881159,NULL,NULL,NULL,2.000000,0.000000,1203.881159,0.000000,1360.00,NULL,NULL,NULL,NULL,1,NULL,NULL,NULL,NULL,'2020-10-01 21:24:56','2020-10-01 22:40:52'),(2,2,NULL,'66.249.75.110',NULL,NULL,NULL,NULL,NULL,NULL,3,3,990.550527,NULL,NULL,NULL,2.000000,NULL,NULL,NULL,3384.00,NULL,NULL,NULL,NULL,1,NULL,NULL,NULL,NULL,'2020-10-01 21:25:40','2020-10-01 23:11:59'),(3,1,NULL,'66.249.72.86',NULL,NULL,NULL,NULL,NULL,NULL,5,5,1442.095987,NULL,NULL,NULL,2.000000,NULL,NULL,NULL,5947.00,NULL,NULL,NULL,NULL,1,NULL,NULL,NULL,NULL,'2020-10-01 21:28:57','2020-10-02 04:01:28'),(4,1,NULL,'66.249.72.84',NULL,NULL,NULL,2,NULL,NULL,5,5,2017.130092,NULL,NULL,NULL,2.000000,0.000000,2019.130092,0.000000,1204.00,NULL,NULL,NULL,NULL,1,NULL,NULL,NULL,NULL,'2020-10-01 21:32:18','2020-10-01 22:33:41'),(5,2,NULL,'66.249.72.86',NULL,NULL,NULL,NULL,NULL,NULL,2,2,889.528832,NULL,NULL,NULL,2.000000,NULL,NULL,NULL,1381.00,NULL,NULL,NULL,NULL,1,NULL,NULL,NULL,NULL,'2020-10-01 21:34:15','2020-10-01 22:55:52'),(6,2,NULL,'66.249.72.88',NULL,NULL,NULL,NULL,NULL,NULL,3,3,967.727733,NULL,NULL,NULL,2.000000,NULL,NULL,NULL,4848.00,NULL,NULL,NULL,NULL,1,NULL,NULL,NULL,NULL,'2020-10-01 21:37:00','2020-10-02 06:05:36'),(7,1,NULL,'66.249.72.88',NULL,NULL,NULL,NULL,NULL,NULL,1,1,503.980000,NULL,NULL,NULL,2.000000,NULL,NULL,NULL,1360.00,NULL,NULL,NULL,NULL,1,NULL,NULL,NULL,NULL,'2020-10-01 21:41:12','2020-10-01 21:41:12'),(8,1,NULL,'66.249.75.114',NULL,NULL,NULL,NULL,NULL,NULL,4,4,1414.705327,NULL,NULL,NULL,2.000000,0.000000,778.861285,0.000000,4288.00,NULL,NULL,NULL,NULL,1,NULL,NULL,NULL,NULL,'2020-10-01 21:47:56','2020-10-02 00:24:00'),(9,2,NULL,'66.249.75.114',NULL,NULL,NULL,NULL,NULL,NULL,4,4,1195.532198,NULL,NULL,NULL,2.000000,NULL,NULL,NULL,3817.00,NULL,NULL,NULL,NULL,1,NULL,NULL,NULL,NULL,'2020-10-01 22:07:00','2020-10-02 00:39:53'),(10,2,NULL,'66.249.72.84',NULL,NULL,NULL,NULL,NULL,NULL,6,6,1640.604942,NULL,NULL,NULL,2.000000,NULL,NULL,NULL,5307.00,NULL,NULL,NULL,NULL,1,NULL,NULL,NULL,NULL,'2020-10-01 22:31:33','2020-10-02 06:00:35'),(11,2,NULL,'66.249.75.112',NULL,NULL,NULL,NULL,NULL,NULL,4,4,1582.068832,NULL,NULL,NULL,2.000000,NULL,NULL,NULL,4647.00,NULL,NULL,NULL,NULL,1,NULL,NULL,NULL,NULL,'2020-10-01 23:02:51','2020-10-02 04:48:50'),(12,1,NULL,'66.249.75.112',NULL,NULL,NULL,NULL,NULL,NULL,1,1,396.301900,NULL,NULL,NULL,2.000000,NULL,NULL,NULL,1628.00,NULL,NULL,NULL,NULL,1,NULL,NULL,NULL,NULL,'2020-10-02 00:05:23','2020-10-02 00:05:23'),(13,1,NULL,'66.249.69.150',NULL,NULL,NULL,NULL,NULL,NULL,5,5,1689.314814,NULL,NULL,NULL,2.000000,0.000000,1509.176072,0.000000,3500.00,NULL,NULL,NULL,NULL,1,NULL,NULL,NULL,NULL,'2020-10-02 00:57:53','2020-10-02 02:19:08'),(14,2,NULL,'66.249.69.152',NULL,NULL,NULL,NULL,NULL,NULL,2,2,920.475325,NULL,NULL,NULL,2.000000,NULL,NULL,NULL,3084.00,NULL,NULL,NULL,NULL,1,NULL,NULL,NULL,NULL,'2020-10-02 01:02:12','2020-10-02 01:36:05'),(15,2,NULL,'66.249.69.150',NULL,NULL,NULL,NULL,NULL,NULL,7,7,2186.842441,NULL,NULL,NULL,2.000000,0.000000,2188.842441,0.000000,529.00,NULL,NULL,NULL,NULL,1,NULL,NULL,NULL,NULL,'2020-10-02 01:03:45','2020-10-02 10:52:11'),(16,1,NULL,'66.249.69.151',NULL,NULL,NULL,NULL,NULL,NULL,6,6,2087.554789,NULL,NULL,NULL,2.000000,NULL,NULL,NULL,7020.00,NULL,NULL,NULL,NULL,1,NULL,NULL,NULL,NULL,'2020-10-02 01:11:28','2020-10-02 04:24:32'),(17,1,NULL,'66.249.69.152',NULL,NULL,NULL,2,NULL,NULL,3,3,1052.040285,NULL,NULL,NULL,2.000000,0.000000,1054.040285,0.000000,1264.00,NULL,NULL,NULL,NULL,1,NULL,NULL,NULL,NULL,'2020-10-02 01:15:21','2020-10-02 05:50:59'),(18,2,NULL,'66.249.69.151',NULL,NULL,NULL,NULL,NULL,NULL,3,3,883.344924,NULL,NULL,NULL,2.000000,NULL,NULL,NULL,2046.00,NULL,NULL,NULL,NULL,1,NULL,NULL,NULL,NULL,'2020-10-02 01:44:30','2020-10-02 08:18:38'),(19,1,NULL,'144.76.137.254',NULL,NULL,NULL,NULL,NULL,NULL,8,8,2943.005713,NULL,NULL,NULL,2.000000,NULL,NULL,NULL,9008.00,NULL,NULL,NULL,NULL,1,NULL,NULL,NULL,NULL,'2020-10-02 11:29:39','2020-10-02 11:30:34'),(20,2,NULL,'144.76.137.254',NULL,NULL,NULL,NULL,NULL,NULL,11,11,3347.329258,NULL,NULL,NULL,2.000000,NULL,NULL,NULL,12408.00,NULL,NULL,NULL,NULL,1,NULL,NULL,NULL,NULL,'2020-10-02 11:29:42','2020-10-02 11:30:41'),(21,1,NULL,'144.76.60.198',NULL,NULL,NULL,NULL,NULL,NULL,8,8,2529.029903,NULL,NULL,NULL,2.000000,NULL,NULL,NULL,9616.00,NULL,NULL,NULL,NULL,1,NULL,NULL,NULL,NULL,'2020-10-02 19:19:06','2020-10-02 19:19:41'),(22,2,NULL,'144.76.60.198',NULL,NULL,NULL,NULL,NULL,NULL,2,2,888.804832,NULL,NULL,NULL,2.000000,NULL,NULL,NULL,1836.00,NULL,NULL,NULL,NULL,1,NULL,NULL,NULL,NULL,'2020-10-02 19:19:47','2020-10-02 19:19:52'),(23,2,NULL,'66.249.66.204',NULL,NULL,NULL,NULL,NULL,NULL,1,1,226.256333,NULL,NULL,NULL,2.000000,NULL,NULL,NULL,1897.00,NULL,NULL,NULL,NULL,1,NULL,NULL,NULL,NULL,'2020-10-04 00:41:41','2020-10-04 00:41:41'),(24,1,NULL,'66.249.66.78',NULL,NULL,NULL,NULL,NULL,NULL,1,1,358.253507,NULL,NULL,NULL,2.000000,NULL,NULL,NULL,1204.00,NULL,NULL,NULL,NULL,1,NULL,NULL,NULL,NULL,'2020-10-04 00:42:05','2020-10-04 00:42:05'),(25,1,NULL,'66.249.66.202',NULL,NULL,NULL,NULL,NULL,NULL,1,1,412.070000,NULL,NULL,NULL,2.000000,NULL,NULL,NULL,1363.00,NULL,NULL,NULL,NULL,1,NULL,NULL,NULL,NULL,'2020-10-04 00:44:46','2020-10-04 00:44:46'),(26,1,NULL,'66.249.66.140',NULL,NULL,NULL,2,NULL,NULL,1,1,396.301900,NULL,NULL,NULL,2.000000,0.000000,398.301900,0.000000,1628.00,NULL,NULL,NULL,NULL,1,NULL,NULL,NULL,NULL,'2020-10-04 00:46:50','2020-10-04 00:46:55'),(27,1,NULL,'66.249.66.80',NULL,NULL,NULL,NULL,NULL,NULL,1,1,284.872221,NULL,NULL,NULL,2.000000,NULL,NULL,NULL,1653.00,NULL,NULL,NULL,NULL,1,NULL,NULL,NULL,NULL,'2020-10-05 09:51:19','2020-10-05 09:51:19'),(28,1,NULL,'24.104.219.205',840,840,570,1,NULL,NULL,1,1,541.939165,NULL,NULL,NULL,2.000000,0.000000,543.939165,0.000000,914.00,NULL,NULL,NULL,NULL,1,NULL,NULL,NULL,NULL,'2020-10-05 22:26:45','2020-10-05 22:26:58');
/*!40000 ALTER TABLE `carts` ENABLE KEYS */;
UNLOCK TABLES;

--
-- Table structure for table `categories`
--

DROP TABLE IF EXISTS `categories`;
/*!40101 SET @saved_cs_client     = @@character_set_client */;
/*!40101 SET character_set_client = utf8 */;
CREATE TABLE `categories` (
  `id` int(10) unsigned NOT NULL AUTO_INCREMENT,
  `category_sub_group_id` int(10) unsigned NOT NULL,
  `name` varchar(200) COLLATE utf8_unicode_ci NOT NULL,
  `slug` varchar(200) COLLATE utf8_unicode_ci NOT NULL,
  `description` text COLLATE utf8_unicode_ci DEFAULT NULL,
  `active` tinyint(1) NOT NULL DEFAULT 1,
  `featured` tinyint(1) DEFAULT NULL,
  `order` int(11) DEFAULT 100,
  `meta_title` text COLLATE utf8_unicode_ci DEFAULT NULL,
  `meta_description` longtext COLLATE utf8_unicode_ci DEFAULT NULL,
  `deleted_at` timestamp NULL DEFAULT NULL,
  `created_at` timestamp NULL DEFAULT NULL,
  `updated_at` timestamp NULL DEFAULT NULL,
  PRIMARY KEY (`id`),
  UNIQUE KEY `categories_slug_unique` (`slug`),
  KEY `categories_category_sub_group_id_foreign` (`category_sub_group_id`),
  CONSTRAINT `categories_category_sub_group_id_foreign` FOREIGN KEY (`category_sub_group_id`) REFERENCES `category_sub_groups` (`id`) ON DELETE CASCADE
) ENGINE=InnoDB AUTO_INCREMENT=41 DEFAULT CHARSET=utf8 COLLATE=utf8_unicode_ci;
/*!40101 SET character_set_client = @saved_cs_client */;

--
-- Dumping data for table `categories`
--

LOCK TABLES `categories` WRITE;
/*!40000 ALTER TABLE `categories` DISABLE KEYS */;
INSERT INTO `categories` VALUES (1,17,'Mobile','mobile','Mobile Phones',1,1,100,NULL,NULL,NULL,'2020-10-01 19:26:29','2020-10-01 19:26:29'),(2,17,'Mobile Accessories','mobile-accessories','Headphone, Adapter, Casing etc',1,NULL,100,NULL,NULL,NULL,'2020-10-01 19:26:29','2020-10-01 19:26:29'),(3,13,'Laptop','laptop','Laptop',1,NULL,100,NULL,NULL,NULL,'2020-10-01 19:26:29','2020-10-01 19:26:29'),(4,5,'Desktop','desktop','Desktop',1,NULL,100,NULL,NULL,NULL,'2020-10-01 19:26:29','2020-10-01 19:26:29'),(5,18,'Tablet','tablet','Tablet Computer and Accessories',1,NULL,100,NULL,NULL,NULL,'2020-10-01 19:26:29','2020-10-01 19:26:29'),(6,23,'TVs','tvs','TVs and Accessories',1,NULL,100,NULL,NULL,NULL,'2020-10-01 19:26:29','2020-10-01 19:26:29'),(7,23,'Home Theater System','home-theater','Home Theater Sound System and Accessories',1,1,100,NULL,NULL,NULL,'2020-10-01 19:26:29','2020-10-01 19:26:29'),(8,13,'Point & Shoot Camera','pns-camera','PnS Camera and Accessories',1,NULL,100,NULL,NULL,NULL,'2020-10-01 19:26:29','2020-10-01 19:26:29'),(9,3,'DSLR','dslr','DSLR Camera and Accessories',1,NULL,100,NULL,NULL,NULL,'2020-10-01 19:26:29','2020-10-01 19:26:29'),(10,6,'Video Camera','video-camera','Video Camera and Accessories',1,1,100,NULL,NULL,NULL,'2020-10-01 19:26:29','2020-10-01 19:26:29'),(11,13,'Hill LLC','vero-odit-dolor-molestias-nihil-tempore','Tenetur nostrum et quod iusto illo magni enim.',1,NULL,100,NULL,NULL,NULL,'2020-10-01 19:26:29','2020-10-01 19:26:29'),(12,17,'Bradtke Group','aut-consectetur-ut-maiores-illo-voluptate-mollitia-voluptate','Ut mollitia esse reprehenderit illum.',1,NULL,100,NULL,NULL,NULL,'2020-10-01 19:26:29','2020-10-01 19:26:29'),(13,16,'Bernier LLC','sunt-soluta-ut-autem-et-tempora-sequi','Iusto sed rerum omnis.',1,NULL,100,NULL,NULL,NULL,'2020-10-01 19:26:29','2020-10-01 19:26:29'),(14,17,'Okuneva Group','minima-ut-labore-soluta-iure','Quo quia odio aliquid repellendus qui assumenda reiciendis.',1,NULL,100,NULL,NULL,NULL,'2020-10-01 19:26:29','2020-10-01 19:26:29'),(15,25,'Mosciski PLC','rerum-occaecati-tempora-quia-iste-suscipit-reprehenderit','Totam quibusdam et blanditiis non. Fugiat vel unde earum et aliquam.',1,NULL,100,NULL,NULL,NULL,'2020-10-01 19:26:29','2020-10-01 19:26:29'),(16,4,'Ledner-Bailey','velit-veritatis-velit-reiciendis-nobis-rerum-adipisci-eos','Quaerat exercitationem repellat ut vero assumenda omnis.',1,NULL,100,NULL,NULL,NULL,'2020-10-01 19:26:29','2020-10-01 19:26:29'),(17,14,'Waters-Streich','saepe-necessitatibus-blanditiis-est-sint-unde-illo-veniam','In animi rem rerum accusamus et est ratione.',1,NULL,100,NULL,NULL,NULL,'2020-10-01 19:26:29','2020-10-01 19:26:29'),(18,10,'Hoppe Inc','assumenda-reprehenderit-dolorem-omnis-quos-excepturi','Amet libero corrupti doloribus sint. Minus animi in repudiandae incidunt.',1,NULL,100,NULL,NULL,NULL,'2020-10-01 19:26:29','2020-10-01 19:26:29'),(19,9,'Skiles and Sons','labore-omnis-saepe-in','Iusto eveniet corporis non delectus reiciendis.',1,NULL,100,NULL,NULL,NULL,'2020-10-01 19:26:29','2020-10-01 19:26:29'),(20,13,'Glover Inc','magnam-cum-perferendis-illo-illum-eum-tenetur-unde','Necessitatibus necessitatibus ducimus necessitatibus occaecati.',1,NULL,100,NULL,NULL,NULL,'2020-10-01 19:26:29','2020-10-01 19:26:29'),(21,20,'Bogan, Feeney and Ritchie','non-qui-vero-illum-rerum','Et voluptas similique minima unde.',1,NULL,100,NULL,NULL,NULL,'2020-10-01 19:26:29','2020-10-01 19:26:29'),(22,15,'Nienow-Blick','voluptates-voluptatem-et-vitae-ut-maiores-aut','Impedit sequi magni magnam sed id necessitatibus libero corrupti.',1,NULL,100,NULL,NULL,NULL,'2020-10-01 19:26:29','2020-10-01 19:26:29'),(23,2,'Flatley-Olson','consequatur-tempore-doloremque-facilis-molestiae-porro-consequatur-accusantium','Dolores non omnis rerum eius nihil. Odit consequatur aut et rerum ut.',1,NULL,100,NULL,NULL,NULL,'2020-10-01 19:26:29','2020-10-01 19:26:29'),(24,18,'Will and Sons','culpa-sed-et-ut-assumenda-est-natus','Est quam magni vel voluptate quos ipsa saepe.',1,NULL,100,NULL,NULL,NULL,'2020-10-01 19:26:29','2020-10-01 19:26:29'),(25,8,'Kiehn-Kessler','quidem-esse-iure-sed-unde-sequi','Commodi laborum id consectetur et blanditiis cum inventore.',1,NULL,100,NULL,NULL,NULL,'2020-10-01 19:26:29','2020-10-01 19:26:29'),(26,4,'Haley LLC','voluptates-nostrum-accusamus-animi-sequi','Ipsum est aut nemo rerum enim commodi porro. Provident alias non dolorum.',1,NULL,100,NULL,NULL,NULL,'2020-10-01 19:26:29','2020-10-01 19:26:29'),(27,22,'Kuphal Inc','excepturi-sit-accusantium-ratione-nostrum','Accusantium quae ullam debitis animi eligendi dolor.',1,NULL,100,NULL,NULL,NULL,'2020-10-01 19:26:29','2020-10-01 19:26:29'),(28,23,'Brown, Wolff and O\'Conner','nesciunt-rerum-consequatur-accusamus-cupiditate-neque-ea-accusantium','Non impedit aperiam quo ducimus. Quis vel laboriosam eos enim est aliquam.',1,NULL,100,NULL,NULL,NULL,'2020-10-01 19:26:29','2020-10-01 19:26:29'),(29,9,'Schumm-O\'Keefe','dolor-velit-consequatur-amet-voluptas','Quia totam minima ipsam placeat exercitationem.',1,NULL,100,NULL,NULL,NULL,'2020-10-01 19:26:29','2020-10-01 19:26:29'),(30,19,'Collier, Batz and Mitchell','quo-fuga-dolorem-et-et-non-et','Ipsa incidunt beatae cupiditate et magni facilis excepturi aut.',1,NULL,100,NULL,NULL,NULL,'2020-10-01 19:26:29','2020-10-01 19:26:29'),(31,11,'Veum PLC','assumenda-aliquam-doloremque-est-sint','Voluptas hic magni dolorem et occaecati odio.',1,NULL,100,NULL,NULL,NULL,'2020-10-01 19:26:29','2020-10-01 19:26:29'),(32,19,'Dare PLC','laborum-provident-aut-qui-et-est-magni-nisi-quidem','Et eum quis nam architecto. Quidem ea odit non nam.',1,NULL,100,NULL,NULL,NULL,'2020-10-01 19:26:29','2020-10-01 19:26:29'),(33,23,'Schroeder, Kilback and Robel','odio-asperiores-aut-fugiat-fugiat-quo-reprehenderit','Quia deserunt quidem expedita aperiam aperiam hic.',1,NULL,100,NULL,NULL,NULL,'2020-10-01 19:26:29','2020-10-01 19:26:29'),(34,21,'Armstrong LLC','nulla-aut-voluptas-sunt-dolores-autem-et','Unde et minima omnis porro dolorem.',1,NULL,100,NULL,NULL,NULL,'2020-10-01 19:26:29','2020-10-01 19:26:29'),(35,7,'Hartmann-VonRueden','unde-error-magni-vero-voluptates-quo-pariatur-accusantium','Molestiae ullam ipsum repellat aliquid sunt eius impedit blanditiis.',1,NULL,100,NULL,NULL,NULL,'2020-10-01 19:26:29','2020-10-01 19:26:29'),(36,20,'Rice LLC','quaerat-illum-ut-sequi-est-qui-sequi-qui','Ex eum et omnis unde cum sit quasi. Et nihil ut inventore illo nobis et.',1,NULL,100,NULL,NULL,NULL,'2020-10-01 19:26:29','2020-10-01 19:26:29'),(37,7,'Adams-Fisher','magnam-quam-aut-quidem-et','Expedita nesciunt totam suscipit et qui praesentium.',1,NULL,100,NULL,NULL,NULL,'2020-10-01 19:26:29','2020-10-01 19:26:29'),(38,17,'Schowalter and Sons','voluptatem-tenetur-optio-nisi-fuga-aliquam','Earum veniam molestiae consequatur perferendis consectetur ad iure.',1,NULL,100,NULL,NULL,NULL,'2020-10-01 19:26:29','2020-10-01 19:26:29'),(39,25,'Barton PLC','voluptatem-veniam-iste-omnis-quia-voluptas-eaque-nihil','Facere ea quaerat deleniti eos soluta sed tenetur.',1,NULL,100,NULL,NULL,NULL,'2020-10-01 19:26:29','2020-10-01 19:26:29'),(40,2,'Toy-Kuhn','odit-magnam-facilis-illo-maiores-nemo-eaque','Deserunt sequi ut dignissimos est et velit et.',1,NULL,100,NULL,NULL,NULL,'2020-10-01 19:26:29','2020-10-01 19:26:29');
/*!40000 ALTER TABLE `categories` ENABLE KEYS */;
UNLOCK TABLES;

--
-- Table structure for table `category_groups`
--

DROP TABLE IF EXISTS `category_groups`;
/*!40101 SET @saved_cs_client     = @@character_set_client */;
/*!40101 SET character_set_client = utf8 */;
CREATE TABLE `category_groups` (
  `id` int(10) unsigned NOT NULL AUTO_INCREMENT,
  `name` varchar(200) COLLATE utf8_unicode_ci NOT NULL,
  `slug` varchar(200) COLLATE utf8_unicode_ci NOT NULL,
  `description` text COLLATE utf8_unicode_ci DEFAULT NULL,
  `icon` varchar(100) COLLATE utf8_unicode_ci DEFAULT 'cube',
  `active` tinyint(1) NOT NULL DEFAULT 1,
  `order` int(11) DEFAULT 100,
  `meta_title` text COLLATE utf8_unicode_ci DEFAULT NULL,
  `meta_description` longtext COLLATE utf8_unicode_ci DEFAULT NULL,
  `deleted_at` timestamp NULL DEFAULT NULL,
  `created_at` timestamp NULL DEFAULT NULL,
  `updated_at` timestamp NULL DEFAULT NULL,
  PRIMARY KEY (`id`),
  UNIQUE KEY `category_groups_slug_unique` (`slug`)
) ENGINE=InnoDB AUTO_INCREMENT=10 DEFAULT CHARSET=utf8 COLLATE=utf8_unicode_ci;
/*!40101 SET character_set_client = @saved_cs_client */;

--
-- Dumping data for table `category_groups`
--

LOCK TABLES `category_groups` WRITE;
/*!40000 ALTER TABLE `category_groups` DISABLE KEYS */;
INSERT INTO `category_groups` VALUES (1,'Home & Garden','home-garden','Cookware, Dining, Bath, Home Decor and more','fa-home',1,100,NULL,NULL,NULL,'2020-10-01 19:26:29','2020-10-01 19:26:29'),(2,'Electronics','electronics','Mobile, Computer, Tablet, Camera etc','fa-plug',1,100,NULL,NULL,NULL,'2020-10-01 19:26:29','2020-10-01 19:26:29'),(3,'Kids and Toy','kids-toy','Toys, Footwear etc','fa-gamepad',1,100,NULL,NULL,NULL,'2020-10-01 19:26:29','2020-10-01 19:26:29'),(4,'Clothing and Shoes','clothing-shoes','Shoes, Clothing, Life style items','fa-tags',1,100,NULL,NULL,NULL,'2020-10-01 19:26:29','2020-10-01 19:26:29'),(5,'Beauty and Health','beauty-health','Cosmetics, Foods and more.','fa-leaf',1,100,NULL,NULL,NULL,'2020-10-01 19:26:29','2020-10-01 19:26:29'),(6,'Sports','sports','Cycle, Tennis, Boxing, Cricket and more.','fa-futbol-o',1,100,NULL,NULL,NULL,'2020-10-01 19:26:29','2020-10-01 19:26:29'),(7,'Jewelry','jewelry','Necklances, Rings, Pendants and more.','fa-diamond',1,100,NULL,NULL,NULL,'2020-10-01 19:26:29','2020-10-01 19:26:29'),(8,'Pets','pets','Pet foods and supplies.','fa-paw',1,100,NULL,NULL,NULL,'2020-10-01 19:26:29','2020-10-01 19:26:29'),(9,'Hobbies & DIY','hobbies-diy','Craft Sewing, Supplies and more.','fa-bicycle',1,100,NULL,NULL,NULL,'2020-10-01 19:26:29','2020-10-01 19:26:29');
/*!40000 ALTER TABLE `category_groups` ENABLE KEYS */;
UNLOCK TABLES;

--
-- Table structure for table `category_product`
--

DROP TABLE IF EXISTS `category_product`;
/*!40101 SET @saved_cs_client     = @@character_set_client */;
/*!40101 SET character_set_client = utf8 */;
CREATE TABLE `category_product` (
  `category_id` int(10) unsigned NOT NULL,
  `product_id` bigint(20) unsigned NOT NULL,
  `created_at` timestamp NULL DEFAULT NULL,
  `updated_at` timestamp NULL DEFAULT NULL,
  KEY `category_product_category_id_index` (`category_id`),
  KEY `category_product_product_id_index` (`product_id`),
  CONSTRAINT `category_product_category_id_foreign` FOREIGN KEY (`category_id`) REFERENCES `categories` (`id`) ON DELETE CASCADE,
  CONSTRAINT `category_product_product_id_foreign` FOREIGN KEY (`product_id`) REFERENCES `products` (`id`) ON DELETE CASCADE
) ENGINE=InnoDB DEFAULT CHARSET=utf8 COLLATE=utf8_unicode_ci;
/*!40101 SET character_set_client = @saved_cs_client */;

--
-- Dumping data for table `category_product`
--

LOCK TABLES `category_product` WRITE;
/*!40000 ALTER TABLE `category_product` DISABLE KEYS */;
INSERT INTO `category_product` VALUES (28,12,'2020-10-01 19:26:32','2020-10-01 19:26:32'),(28,12,'2020-10-01 19:26:32','2020-10-01 19:26:32'),(32,11,'2020-10-01 19:26:32','2020-10-01 19:26:32'),(4,11,'2020-10-01 19:26:32','2020-10-01 19:26:32'),(14,10,'2020-10-01 19:26:32','2020-10-01 19:26:32'),(23,10,'2020-10-01 19:26:32','2020-10-01 19:26:32'),(35,22,'2020-10-01 19:26:32','2020-10-01 19:26:32'),(10,22,'2020-10-01 19:26:32','2020-10-01 19:26:32'),(13,15,'2020-10-01 19:26:32','2020-10-01 19:26:32'),(1,15,'2020-10-01 19:26:32','2020-10-01 19:26:32'),(33,1,'2020-10-01 19:26:32','2020-10-01 19:26:32'),(40,1,'2020-10-01 19:26:32','2020-10-01 19:26:32'),(11,16,'2020-10-01 19:26:32','2020-10-01 19:26:32'),(5,16,'2020-10-01 19:26:32','2020-10-01 19:26:32'),(8,19,'2020-10-01 19:26:32','2020-10-01 19:26:32'),(28,19,'2020-10-01 19:26:32','2020-10-01 19:26:32'),(3,14,'2020-10-01 19:26:32','2020-10-01 19:26:32'),(30,14,'2020-10-01 19:26:32','2020-10-01 19:26:32'),(14,9,'2020-10-01 19:26:32','2020-10-01 19:26:32'),(40,9,'2020-10-01 19:26:32','2020-10-01 19:26:32'),(35,25,'2020-10-01 19:26:32','2020-10-01 19:26:32'),(19,25,'2020-10-01 19:26:32','2020-10-01 19:26:32'),(29,27,'2020-10-01 19:26:32','2020-10-01 19:26:32'),(13,27,'2020-10-01 19:26:32','2020-10-01 19:26:32'),(39,8,'2020-10-01 19:26:32','2020-10-01 19:26:32'),(9,8,'2020-10-01 19:26:32','2020-10-01 19:26:32'),(16,4,'2020-10-01 19:26:32','2020-10-01 19:26:32'),(38,4,'2020-10-01 19:26:32','2020-10-01 19:26:32'),(7,17,'2020-10-01 19:26:32','2020-10-01 19:26:32'),(15,17,'2020-10-01 19:26:32','2020-10-01 19:26:32'),(26,26,'2020-10-01 19:26:32','2020-10-01 19:26:32'),(38,26,'2020-10-01 19:26:32','2020-10-01 19:26:32'),(34,23,'2020-10-01 19:26:32','2020-10-01 19:26:32'),(38,23,'2020-10-01 19:26:32','2020-10-01 19:26:32'),(33,21,'2020-10-01 19:26:32','2020-10-01 19:26:32'),(5,21,'2020-10-01 19:26:32','2020-10-01 19:26:32'),(7,29,'2020-10-01 19:26:32','2020-10-01 19:26:32'),(4,29,'2020-10-01 19:26:32','2020-10-01 19:26:32'),(35,13,'2020-10-01 19:26:32','2020-10-01 19:26:32'),(37,13,'2020-10-01 19:26:32','2020-10-01 19:26:32'),(40,6,'2020-10-01 19:26:32','2020-10-01 19:26:32'),(11,6,'2020-10-01 19:26:32','2020-10-01 19:26:32'),(36,20,'2020-10-01 19:26:32','2020-10-01 19:26:32'),(7,20,'2020-10-01 19:26:32','2020-10-01 19:26:32'),(23,18,'2020-10-01 19:26:32','2020-10-01 19:26:32'),(26,18,'2020-10-01 19:26:32','2020-10-01 19:26:32'),(25,3,'2020-10-01 19:26:32','2020-10-01 19:26:32'),(39,3,'2020-10-01 19:26:32','2020-10-01 19:26:32'),(14,28,'2020-10-01 19:26:32','2020-10-01 19:26:32'),(4,28,'2020-10-01 19:26:32','2020-10-01 19:26:32'),(40,30,'2020-10-01 19:26:32','2020-10-01 19:26:32'),(1,30,'2020-10-01 19:26:32','2020-10-01 19:26:32'),(16,24,'2020-10-01 19:26:32','2020-10-01 19:26:32'),(31,24,'2020-10-01 19:26:32','2020-10-01 19:26:32'),(17,2,'2020-10-01 19:26:32','2020-10-01 19:26:32'),(14,2,'2020-10-01 19:26:32','2020-10-01 19:26:32'),(1,5,'2020-10-01 19:26:32','2020-10-01 19:26:32'),(21,5,'2020-10-01 19:26:32','2020-10-01 19:26:32'),(7,7,'2020-10-01 19:26:32','2020-10-01 19:26:32'),(37,7,'2020-10-01 19:26:32','2020-10-01 19:26:32');
/*!40000 ALTER TABLE `category_product` ENABLE KEYS */;
UNLOCK TABLES;

--
-- Table structure for table `category_sub_groups`
--

DROP TABLE IF EXISTS `category_sub_groups`;
/*!40101 SET @saved_cs_client     = @@character_set_client */;
/*!40101 SET character_set_client = utf8 */;
CREATE TABLE `category_sub_groups` (
  `id` int(10) unsigned NOT NULL AUTO_INCREMENT,
  `category_group_id` int(10) unsigned NOT NULL,
  `name` varchar(200) COLLATE utf8_unicode_ci NOT NULL,
  `slug` varchar(200) COLLATE utf8_unicode_ci NOT NULL,
  `description` text COLLATE utf8_unicode_ci DEFAULT NULL,
  `active` tinyint(1) NOT NULL DEFAULT 1,
  `order` int(11) DEFAULT 100,
  `meta_title` text COLLATE utf8_unicode_ci DEFAULT NULL,
  `meta_description` longtext COLLATE utf8_unicode_ci DEFAULT NULL,
  `deleted_at` timestamp NULL DEFAULT NULL,
  `created_at` timestamp NULL DEFAULT NULL,
  `updated_at` timestamp NULL DEFAULT NULL,
  PRIMARY KEY (`id`),
  UNIQUE KEY `category_sub_groups_slug_unique` (`slug`),
  KEY `category_sub_groups_category_group_id_foreign` (`category_group_id`),
  CONSTRAINT `category_sub_groups_category_group_id_foreign` FOREIGN KEY (`category_group_id`) REFERENCES `category_groups` (`id`) ON DELETE CASCADE
) ENGINE=InnoDB AUTO_INCREMENT=26 DEFAULT CHARSET=utf8 COLLATE=utf8_unicode_ci;
/*!40101 SET character_set_client = @saved_cs_client */;

--
-- Dumping data for table `category_sub_groups`
--

LOCK TABLES `category_sub_groups` WRITE;
/*!40000 ALTER TABLE `category_sub_groups` DISABLE KEYS */;
INSERT INTO `category_sub_groups` VALUES (1,1,'Mobile & Accessories','mobile-accessories','Cell Phones and Accessories',1,100,NULL,NULL,NULL,'2020-10-01 19:26:29','2020-10-01 19:26:29'),(2,1,'Computer & Accessories','computer-accessories','Tablet, Laptop, Desktop and Accessories',1,100,NULL,NULL,NULL,'2020-10-01 19:26:29','2020-10-01 19:26:29'),(3,1,'Home Entertainment','home-entertainment','TVs, Home Theaters etc',1,100,NULL,NULL,NULL,'2020-10-01 19:26:29','2020-10-01 19:26:29'),(4,1,'Photo & Video','photo-video','PnS, DSLR, Video Camera and Accessories',1,100,NULL,NULL,NULL,'2020-10-01 19:26:29','2020-10-01 19:26:29'),(5,2,'Indoor','indoor','Puzzle, Keram etc',1,100,NULL,NULL,NULL,'2020-10-01 19:26:29','2020-10-01 19:26:29'),(6,2,'Outdoor','outdoor','Cycle, Dron etc',1,100,NULL,NULL,NULL,'2020-10-01 19:26:29','2020-10-01 19:26:29'),(7,3,'Men\'s Fashion','mens-fashion','Lots of fashion products.',1,100,NULL,NULL,NULL,'2020-10-01 19:26:29','2020-10-01 19:26:29'),(8,3,'Women\'s Fashion','womens-fashion','Lots of fashion products.',1,100,NULL,NULL,NULL,'2020-10-01 19:26:29','2020-10-01 19:26:29'),(9,4,'Kitchen','kitchen','Kitchen and cooking products.',1,100,NULL,NULL,NULL,'2020-10-01 19:26:29','2020-10-01 19:26:29'),(10,4,'Garden','garden','Gardening related products.',1,100,NULL,NULL,NULL,'2020-10-01 19:26:29','2020-10-01 19:26:29'),(11,4,'Cruickshank-Mante','aut-qui-sit-enim-autem-dolor','Voluptas neque quasi quidem eaque voluptatem excepturi nemo tempora. Ipsa et ut tempore dolorum quod voluptatum nihil. Et est minima fugiat rerum quo omnis facilis. Sint autem asperiores iusto. Corrupti est temporibus nobis iusto facilis. In dolorem magni dolor at. Eum optio impedit voluptas distinctio laborum vitae est. Tempora consectetur accusantium consequatur et molestiae ut. Temporibus est recusandae eos. Qui in ut soluta id voluptatem.',1,100,NULL,NULL,NULL,'2020-10-01 19:26:29','2020-10-01 19:26:29'),(12,1,'Williamson PLC','neque-in-deleniti-soluta-ullam-sunt','Placeat quis quae enim et. Doloribus itaque ratione sit reiciendis. Dolore aspernatur reprehenderit totam delectus. Libero dolorum rerum sequi aut impedit aut eaque. Vel et earum voluptatem quis cum adipisci. Porro eum est voluptas nam sint. Voluptatibus tempore ducimus alias tempora. Accusantium eius aut vel natus. Non sit expedita itaque magnam similique. Mollitia excepturi rerum quisquam ut et. Quae sit sint explicabo. Voluptatem consequatur ea vel labore error. Sint quo ut quidem et ad.',1,100,NULL,NULL,NULL,'2020-10-01 19:26:29','2020-10-01 19:26:29'),(13,1,'Bruen Inc','corrupti-ratione-voluptatem-dolores-repudiandae-necessitatibus-nihil','Ex consequatur sint quidem vel sapiente doloribus quia. Sint nam odio autem similique. Deleniti voluptatem reprehenderit consequatur blanditiis. Dolores dolorem dolores et dolor quo. Unde quo saepe occaecati et necessitatibus. Repudiandae sunt architecto autem aut non cupiditate voluptas. Asperiores alias ipsam non ut quae odit. Minima aspernatur ut repudiandae et earum enim unde. Laborum enim ea et ipsum placeat.',1,100,NULL,NULL,NULL,'2020-10-01 19:26:29','2020-10-01 19:26:29'),(14,7,'Homenick and Sons','laudantium-sit-minima-officia-ut-quo','Et harum dicta sunt totam. Sapiente sed amet repellendus laborum doloremque minima sit. Vitae aliquid voluptatem repellendus occaecati temporibus distinctio consequatur tempora. Alias nobis explicabo eos est. Quaerat quo libero rerum qui delectus. Dicta voluptas sequi voluptate fugit. Eligendi laborum est assumenda enim sit labore.',1,100,NULL,NULL,NULL,'2020-10-01 19:26:29','2020-10-01 19:26:29'),(15,6,'Smitham, Ankunding and Parker','veniam-qui-sapiente-consequatur-ut-aut-ut','Ipsam eum quasi molestiae voluptas ex. Sapiente autem consequatur repudiandae quaerat accusantium pariatur quae deserunt. Delectus harum corporis voluptatibus. Et fugiat omnis atque modi tenetur. Debitis eius ut quia aut nulla vero et porro. Possimus consequatur distinctio fugit reiciendis saepe ut veniam.',1,100,NULL,NULL,NULL,'2020-10-01 19:26:29','2020-10-01 19:26:29'),(16,5,'Ritchie and Sons','similique-aut-aut-et-rerum','Officia commodi voluptatem nisi aperiam vitae. Temporibus qui ullam eum et fuga. Velit voluptate quod necessitatibus et magnam. Est ex porro iusto sed. Dolores aut magni quo laboriosam molestiae sint possimus. Aut et ullam sit optio facilis aut quisquam. Repellendus ipsam sapiente ducimus ex eaque adipisci labore. Autem commodi aliquid cumque repellendus molestiae. In ut et quidem et aut et. Neque laborum quam voluptas cumque quis laudantium et.',1,100,NULL,NULL,NULL,'2020-10-01 19:26:29','2020-10-01 19:26:29'),(17,1,'Erdman and Sons','modi-corporis-quia-cumque-et-officia-enim','Praesentium ea voluptas mollitia omnis maiores similique sit. Necessitatibus tenetur quis quia quam. Delectus aut necessitatibus repudiandae velit quibusdam eos. Placeat placeat molestiae hic pariatur maiores dolorum. Dolores qui impedit possimus dolores. Non dolores ratione rem sit et nulla. Fugit aut eum quis tenetur. Porro et reiciendis earum vero molestias. Accusantium voluptate et maiores quis commodi est. Ut perspiciatis molestiae quo esse qui.',1,100,NULL,NULL,NULL,'2020-10-01 19:26:29','2020-10-01 19:26:29'),(18,6,'Prohaska-Stroman','autem-et-ad-reprehenderit-aliquam-est-et','Ea modi ut laboriosam et explicabo earum. Quae expedita nemo voluptatem at aut. Et omnis ut ipsam sed. Molestias tempora debitis fugiat enim ratione. Voluptatem non a aut eum similique inventore ipsa minima. Rerum enim consequatur distinctio soluta. Et quos id rerum sint ratione voluptatem nemo. Fuga hic iste iure nam laboriosam voluptas.',1,100,NULL,NULL,NULL,'2020-10-01 19:26:29','2020-10-01 19:26:29'),(19,7,'McLaughlin Group','et-in-molestiae-amet-et','Accusantium est nihil sunt laudantium doloribus aut sed. Rerum cupiditate eveniet quia qui eaque dolores molestiae tenetur. Dolorem ad nesciunt corporis inventore consectetur asperiores enim. Nihil neque doloribus aliquid molestias quia. Culpa veniam corrupti non aliquid nihil porro. Ut iusto sunt voluptatem et fugit corporis velit. Accusantium praesentium ut expedita dolores. Est magni temporibus in at.',1,100,NULL,NULL,NULL,'2020-10-01 19:26:29','2020-10-01 19:26:29'),(20,8,'McCullough-Hartmann','pariatur-hic-aut-mollitia-et','Ut consectetur soluta ea dolor ut. Odit voluptate ut ratione. Est eligendi aspernatur minima exercitationem. Alias quos reiciendis impedit possimus nisi. Eum voluptatum culpa sunt aliquid aliquid ea. Cumque eos consequatur est saepe molestias ipsam aperiam.',1,100,NULL,NULL,NULL,'2020-10-01 19:26:29','2020-10-01 19:26:29'),(21,5,'Senger LLC','at-corporis-fuga-dolorem-repellat-saepe-eum-dolorem','Voluptates nostrum voluptas id natus fugit veniam. Laboriosam quidem id sint. Aspernatur rerum omnis rerum dicta minus nisi. Dolore saepe earum at. Quasi quibusdam soluta ea quod quae fuga. Velit vel ut cum blanditiis qui et error. Ut ea et ipsum consequatur. Placeat eum et nostrum aut dolor commodi. Et dolorem repudiandae incidunt ut distinctio. In commodi qui iste hic ullam aut aut. Quaerat aut in minus qui voluptatem veniam sunt.',1,100,NULL,NULL,NULL,'2020-10-01 19:26:29','2020-10-01 19:26:29'),(22,1,'Miller-Okuneva','quo-dicta-recusandae-eum-doloribus-quae','Quo ea et quam deleniti. Alias aut sint est. Ut voluptatem quos numquam qui rerum fugiat. Eos nobis deleniti molestiae labore fugiat aspernatur. Suscipit voluptas exercitationem aperiam expedita odio consequatur. Et ex non numquam. Et fuga corrupti facilis aut id. Pariatur est omnis ut ad. Illum molestias quis neque. Est eaque sunt rerum inventore tenetur sunt asperiores. Et distinctio ea quod ipsa deleniti. Sit similique odio dolorem ut doloremque error.',1,100,NULL,NULL,NULL,'2020-10-01 19:26:29','2020-10-01 19:26:29'),(23,7,'Greenholt, Lesch and Gerhold','at-molestiae-unde-iusto-ut-error-perferendis-et-blanditiis','Voluptatum nostrum aut ut repellat voluptatem aliquid omnis nesciunt. Aspernatur ad minus autem libero voluptatem soluta. Reprehenderit consectetur omnis qui facere est. Neque soluta reiciendis eligendi eligendi aliquam mollitia fugit. Placeat iusto praesentium inventore veritatis sed voluptas. Ex aut non voluptatibus reprehenderit adipisci explicabo autem sapiente. Esse et quia tenetur eligendi quos unde.',1,100,NULL,NULL,NULL,'2020-10-01 19:26:29','2020-10-01 19:26:29'),(24,7,'Koss, Bartoletti and Pfeffer','vitae-vel-modi-vitae-nam-non-vitae','Eum corrupti accusamus totam ut est ipsum non. Quis doloremque quae cum amet fugiat enim maiores. Soluta voluptatem modi nihil delectus nemo inventore. Ut aliquam doloremque rerum quos est. Esse quae omnis voluptas ipsa recusandae temporibus quam. Voluptatem quaerat voluptatibus quis ad. Saepe ullam fugiat placeat nobis. Itaque voluptatibus provident quisquam repellendus earum optio. Eaque ducimus totam saepe. Ipsam assumenda excepturi labore at voluptatem. Et possimus et quia modi numquam.',1,100,NULL,NULL,NULL,'2020-10-01 19:26:29','2020-10-01 19:26:29'),(25,8,'Cummings, Hill and Haley','nostrum-nisi-nihil-sed-illo','Velit ut nostrum pariatur earum unde veniam. Vitae laudantium omnis non fugit ipsam similique inventore. Unde ipsam dolor quod et consectetur minima repellat. Facilis illo atque qui vitae possimus eaque et. Id quia eos ut a eaque quia est. Voluptate quia eligendi aperiam animi. Autem reprehenderit dolore ut. Voluptatibus at iusto quae ut qui nihil voluptas in. Tempore itaque odio aperiam quia aut. Perspiciatis corrupti a eos ex pariatur.',1,100,NULL,NULL,NULL,'2020-10-01 19:26:29','2020-10-01 19:26:29');
/*!40000 ALTER TABLE `category_sub_groups` ENABLE KEYS */;
UNLOCK TABLES;

--
-- Table structure for table `chat_conversations`
--

DROP TABLE IF EXISTS `chat_conversations`;
/*!40101 SET @saved_cs_client     = @@character_set_client */;
/*!40101 SET character_set_client = utf8 */;
CREATE TABLE `chat_conversations` (
  `id` bigint(20) unsigned NOT NULL AUTO_INCREMENT,
  `shop_id` int(10) unsigned DEFAULT NULL,
  `customer_id` bigint(20) unsigned DEFAULT NULL,
  `message` text COLLATE utf8_unicode_ci DEFAULT NULL,
  `status` int(11) NOT NULL DEFAULT 1,
  `private` tinyint(1) NOT NULL DEFAULT 1,
  `read` tinyint(1) DEFAULT NULL,
  `deleted_at` timestamp NULL DEFAULT NULL,
  `created_at` timestamp NULL DEFAULT NULL,
  `updated_at` timestamp NULL DEFAULT NULL,
  PRIMARY KEY (`id`),
  KEY `chat_conversations_shop_id_foreign` (`shop_id`),
  KEY `chat_conversations_customer_id_foreign` (`customer_id`),
  CONSTRAINT `chat_conversations_customer_id_foreign` FOREIGN KEY (`customer_id`) REFERENCES `customers` (`id`) ON DELETE SET NULL,
  CONSTRAINT `chat_conversations_shop_id_foreign` FOREIGN KEY (`shop_id`) REFERENCES `shops` (`id`) ON DELETE SET NULL
) ENGINE=InnoDB DEFAULT CHARSET=utf8 COLLATE=utf8_unicode_ci;
/*!40101 SET character_set_client = @saved_cs_client */;

--
-- Dumping data for table `chat_conversations`
--

LOCK TABLES `chat_conversations` WRITE;
/*!40000 ALTER TABLE `chat_conversations` DISABLE KEYS */;
/*!40000 ALTER TABLE `chat_conversations` ENABLE KEYS */;
UNLOCK TABLES;

--
-- Table structure for table `config_authorize_net`
--

DROP TABLE IF EXISTS `config_authorize_net`;
/*!40101 SET @saved_cs_client     = @@character_set_client */;
/*!40101 SET character_set_client = utf8 */;
CREATE TABLE `config_authorize_net` (
  `shop_id` int(10) unsigned NOT NULL,
  `api_login_id` text COLLATE utf8_unicode_ci DEFAULT NULL,
  `transaction_key` text COLLATE utf8_unicode_ci DEFAULT NULL,
  `sandbox` tinyint(1) DEFAULT 1,
  `created_at` timestamp NULL DEFAULT NULL,
  `updated_at` timestamp NULL DEFAULT NULL,
  PRIMARY KEY (`shop_id`),
  KEY `config_authorize_net_shop_id_index` (`shop_id`),
  CONSTRAINT `config_authorize_net_shop_id_foreign` FOREIGN KEY (`shop_id`) REFERENCES `shops` (`id`) ON DELETE CASCADE
) ENGINE=InnoDB DEFAULT CHARSET=utf8 COLLATE=utf8_unicode_ci;
/*!40101 SET character_set_client = @saved_cs_client */;

--
-- Dumping data for table `config_authorize_net`
--

LOCK TABLES `config_authorize_net` WRITE;
/*!40000 ALTER TABLE `config_authorize_net` DISABLE KEYS */;
/*!40000 ALTER TABLE `config_authorize_net` ENABLE KEYS */;
UNLOCK TABLES;

--
-- Table structure for table `config_cybersources`
--

DROP TABLE IF EXISTS `config_cybersources`;
/*!40101 SET @saved_cs_client     = @@character_set_client */;
/*!40101 SET character_set_client = utf8 */;
CREATE TABLE `config_cybersources` (
  `shop_id` int(10) unsigned NOT NULL,
  `merchant_id` text COLLATE utf8_unicode_ci DEFAULT NULL,
  `api_key_id` text COLLATE utf8_unicode_ci DEFAULT NULL,
  `secret` text COLLATE utf8_unicode_ci DEFAULT NULL,
  `sandbox` tinyint(1) DEFAULT 1,
  `created_at` timestamp NULL DEFAULT NULL,
  `updated_at` timestamp NULL DEFAULT NULL,
  PRIMARY KEY (`shop_id`),
  KEY `config_cybersources_shop_id_index` (`shop_id`),
  CONSTRAINT `config_cybersources_shop_id_foreign` FOREIGN KEY (`shop_id`) REFERENCES `shops` (`id`) ON DELETE CASCADE
) ENGINE=InnoDB DEFAULT CHARSET=utf8 COLLATE=utf8_unicode_ci;
/*!40101 SET character_set_client = @saved_cs_client */;

--
-- Dumping data for table `config_cybersources`
--

LOCK TABLES `config_cybersources` WRITE;
/*!40000 ALTER TABLE `config_cybersources` DISABLE KEYS */;
/*!40000 ALTER TABLE `config_cybersources` ENABLE KEYS */;
UNLOCK TABLES;

--
-- Table structure for table `config_instamojo`
--

DROP TABLE IF EXISTS `config_instamojo`;
/*!40101 SET @saved_cs_client     = @@character_set_client */;
/*!40101 SET character_set_client = utf8 */;
CREATE TABLE `config_instamojo` (
  `shop_id` int(10) unsigned NOT NULL,
  `api_key` text COLLATE utf8_unicode_ci DEFAULT NULL,
  `auth_token` text COLLATE utf8_unicode_ci DEFAULT NULL,
  `sandbox` tinyint(1) DEFAULT 1,
  `created_at` timestamp NULL DEFAULT NULL,
  `updated_at` timestamp NULL DEFAULT NULL,
  PRIMARY KEY (`shop_id`),
  KEY `config_instamojo_shop_id_index` (`shop_id`),
  CONSTRAINT `config_instamojo_shop_id_foreign` FOREIGN KEY (`shop_id`) REFERENCES `shops` (`id`) ON DELETE CASCADE
) ENGINE=InnoDB DEFAULT CHARSET=utf8 COLLATE=utf8_unicode_ci;
/*!40101 SET character_set_client = @saved_cs_client */;

--
-- Dumping data for table `config_instamojo`
--

LOCK TABLES `config_instamojo` WRITE;
/*!40000 ALTER TABLE `config_instamojo` DISABLE KEYS */;
/*!40000 ALTER TABLE `config_instamojo` ENABLE KEYS */;
UNLOCK TABLES;

--
-- Table structure for table `config_manual_payments`
--

DROP TABLE IF EXISTS `config_manual_payments`;
/*!40101 SET @saved_cs_client     = @@character_set_client */;
/*!40101 SET character_set_client = utf8 */;
CREATE TABLE `config_manual_payments` (
  `shop_id` int(10) unsigned NOT NULL,
  `payment_method_id` int(10) unsigned NOT NULL,
  `additional_details` text COLLATE utf8_unicode_ci DEFAULT NULL,
  `payment_instructions` text COLLATE utf8_unicode_ci DEFAULT NULL,
  `created_at` timestamp NULL DEFAULT NULL,
  `updated_at` timestamp NULL DEFAULT NULL,
  KEY `config_manual_payments_shop_id_index` (`shop_id`),
  KEY `config_manual_payments_payment_method_id_index` (`payment_method_id`),
  CONSTRAINT `config_manual_payments_payment_method_id_foreign` FOREIGN KEY (`payment_method_id`) REFERENCES `payment_methods` (`id`) ON DELETE CASCADE,
  CONSTRAINT `config_manual_payments_shop_id_foreign` FOREIGN KEY (`shop_id`) REFERENCES `shops` (`id`) ON DELETE CASCADE
) ENGINE=InnoDB DEFAULT CHARSET=utf8 COLLATE=utf8_unicode_ci;
/*!40101 SET character_set_client = @saved_cs_client */;

--
-- Dumping data for table `config_manual_payments`
--

LOCK TABLES `config_manual_payments` WRITE;
/*!40000 ALTER TABLE `config_manual_payments` DISABLE KEYS */;
INSERT INTO `config_manual_payments` VALUES (1,8,'Send the payment via Bank Wire Transfer.','Payment instructions for Bank Wire Transfer','2020-10-01 19:26:32','2020-10-01 19:26:32'),(1,7,'Our man will collect the payment when deliver the item to your doorstep.','Payment instructions for COD','2020-10-01 19:26:32','2020-10-01 19:26:32'),(2,8,'Send the payment via Bank Wire Transfer.','Payment instructions for Bank Wire Transfer','2020-10-01 19:26:32','2020-10-01 19:26:32'),(2,7,'Our man will collect the payment when deliver the item to your doorstep.','Payment instructions for COD','2020-10-01 19:26:32','2020-10-01 19:26:32');
/*!40000 ALTER TABLE `config_manual_payments` ENABLE KEYS */;
UNLOCK TABLES;

--
-- Table structure for table `config_paypal_express`
--

DROP TABLE IF EXISTS `config_paypal_express`;
/*!40101 SET @saved_cs_client     = @@character_set_client */;
/*!40101 SET character_set_client = utf8 */;
CREATE TABLE `config_paypal_express` (
  `shop_id` int(10) unsigned NOT NULL,
  `account` text COLLATE utf8_unicode_ci DEFAULT NULL,
  `client_id` text COLLATE utf8_unicode_ci DEFAULT NULL,
  `secret` text COLLATE utf8_unicode_ci DEFAULT NULL,
  `sandbox` tinyint(1) DEFAULT 1,
  `created_at` timestamp NULL DEFAULT NULL,
  `updated_at` timestamp NULL DEFAULT NULL,
  PRIMARY KEY (`shop_id`),
  KEY `config_paypal_express_shop_id_index` (`shop_id`),
  CONSTRAINT `config_paypal_express_shop_id_foreign` FOREIGN KEY (`shop_id`) REFERENCES `shops` (`id`) ON DELETE CASCADE
) ENGINE=InnoDB DEFAULT CHARSET=utf8 COLLATE=utf8_unicode_ci;
/*!40101 SET character_set_client = @saved_cs_client */;

--
-- Dumping data for table `config_paypal_express`
--

LOCK TABLES `config_paypal_express` WRITE;
/*!40000 ALTER TABLE `config_paypal_express` DISABLE KEYS */;
/*!40000 ALTER TABLE `config_paypal_express` ENABLE KEYS */;
UNLOCK TABLES;

--
-- Table structure for table `config_paystacks`
--

DROP TABLE IF EXISTS `config_paystacks`;
/*!40101 SET @saved_cs_client     = @@character_set_client */;
/*!40101 SET character_set_client = utf8 */;
CREATE TABLE `config_paystacks` (
  `shop_id` int(10) unsigned NOT NULL,
  `merchant_email` text COLLATE utf8_unicode_ci DEFAULT NULL,
  `public_key` text COLLATE utf8_unicode_ci DEFAULT NULL,
  `secret` text COLLATE utf8_unicode_ci DEFAULT NULL,
  `sandbox` tinyint(1) DEFAULT 1,
  `created_at` timestamp NULL DEFAULT NULL,
  `updated_at` timestamp NULL DEFAULT NULL,
  PRIMARY KEY (`shop_id`),
  KEY `config_paystacks_shop_id_index` (`shop_id`),
  CONSTRAINT `config_paystacks_shop_id_foreign` FOREIGN KEY (`shop_id`) REFERENCES `shops` (`id`) ON DELETE CASCADE
) ENGINE=InnoDB DEFAULT CHARSET=utf8 COLLATE=utf8_unicode_ci;
/*!40101 SET character_set_client = @saved_cs_client */;

--
-- Dumping data for table `config_paystacks`
--

LOCK TABLES `config_paystacks` WRITE;
/*!40000 ALTER TABLE `config_paystacks` DISABLE KEYS */;
/*!40000 ALTER TABLE `config_paystacks` ENABLE KEYS */;
UNLOCK TABLES;

--
-- Table structure for table `config_stripes`
--

DROP TABLE IF EXISTS `config_stripes`;
/*!40101 SET @saved_cs_client     = @@character_set_client */;
/*!40101 SET character_set_client = utf8 */;
CREATE TABLE `config_stripes` (
  `shop_id` int(10) unsigned NOT NULL,
  `stripe_user_id` varchar(255) COLLATE utf8_unicode_ci DEFAULT NULL,
  `publishable_key` varchar(255) COLLATE utf8_unicode_ci DEFAULT NULL,
  `refresh_token` varchar(255) COLLATE utf8_unicode_ci DEFAULT NULL,
  `created_at` timestamp NULL DEFAULT NULL,
  `updated_at` timestamp NULL DEFAULT NULL,
  PRIMARY KEY (`shop_id`),
  KEY `config_stripes_shop_id_index` (`shop_id`),
  CONSTRAINT `config_stripes_shop_id_foreign` FOREIGN KEY (`shop_id`) REFERENCES `shops` (`id`) ON DELETE CASCADE
) ENGINE=InnoDB DEFAULT CHARSET=utf8 COLLATE=utf8_unicode_ci;
/*!40101 SET character_set_client = @saved_cs_client */;

--
-- Dumping data for table `config_stripes`
--

LOCK TABLES `config_stripes` WRITE;
/*!40000 ALTER TABLE `config_stripes` DISABLE KEYS */;
/*!40000 ALTER TABLE `config_stripes` ENABLE KEYS */;
UNLOCK TABLES;

--
-- Table structure for table `configs`
--

DROP TABLE IF EXISTS `configs`;
/*!40101 SET @saved_cs_client     = @@character_set_client */;
/*!40101 SET character_set_client = utf8 */;
CREATE TABLE `configs` (
  `shop_id` int(10) unsigned NOT NULL,
  `support_phone` varchar(255) COLLATE utf8_unicode_ci DEFAULT NULL,
  `support_phone_toll_free` varchar(255) COLLATE utf8_unicode_ci DEFAULT NULL,
  `support_email` varchar(255) COLLATE utf8_unicode_ci DEFAULT NULL,
  `support_agent` bigint(20) unsigned DEFAULT NULL,
  `default_sender_email_address` varchar(255) COLLATE utf8_unicode_ci DEFAULT NULL,
  `default_email_sender_name` varchar(255) COLLATE utf8_unicode_ci DEFAULT NULL,
  `return_refund` longtext COLLATE utf8_unicode_ci DEFAULT NULL,
  `order_number_prefix` varchar(255) COLLATE utf8_unicode_ci DEFAULT '#',
  `order_number_suffix` varchar(255) COLLATE utf8_unicode_ci DEFAULT NULL,
  `default_tax_id` int(10) unsigned DEFAULT 1,
  `order_handling_cost` decimal(20,6) DEFAULT NULL,
  `auto_archive_order` tinyint(1) DEFAULT 0,
  `default_payment_method_id` int(10) unsigned DEFAULT NULL,
  `pagination` int(10) unsigned NOT NULL DEFAULT 10,
  `show_shop_desc_with_listing` tinyint(1) DEFAULT NULL,
  `show_refund_policy_with_listing` tinyint(1) DEFAULT 1,
  `alert_quantity` int(11) DEFAULT NULL,
  `digital_goods_only` tinyint(1) DEFAULT 0,
  `default_warehouse_id` int(10) unsigned DEFAULT NULL,
  `default_supplier_id` int(10) unsigned DEFAULT NULL,
  `default_packaging_ids` varchar(255) COLLATE utf8_unicode_ci DEFAULT NULL,
  `notify_new_message` tinyint(1) DEFAULT NULL,
  `notify_alert_quantity` tinyint(1) DEFAULT NULL,
  `notify_inventory_out` tinyint(1) DEFAULT NULL,
  `notify_new_order` tinyint(1) DEFAULT 1,
  `notify_abandoned_checkout` tinyint(1) DEFAULT NULL,
  `notify_new_disput` tinyint(1) DEFAULT 1,
  `enable_live_chat` tinyint(1) DEFAULT 1,
  `notify_new_chat` tinyint(1) DEFAULT 1,
  `maintenance_mode` tinyint(1) DEFAULT 1,
  `pending_verification` tinyint(1) DEFAULT NULL,
  `created_at` timestamp NULL DEFAULT NULL,
  `updated_at` timestamp NULL DEFAULT NULL,
  PRIMARY KEY (`shop_id`),
  UNIQUE KEY `configs_shop_id_unique` (`shop_id`),
  CONSTRAINT `configs_shop_id_foreign` FOREIGN KEY (`shop_id`) REFERENCES `shops` (`id`) ON DELETE CASCADE
) ENGINE=InnoDB DEFAULT CHARSET=utf8 COLLATE=utf8_unicode_ci;
/*!40101 SET character_set_client = @saved_cs_client */;

--
-- Dumping data for table `configs`
--

LOCK TABLES `configs` WRITE;
/*!40000 ALTER TABLE `configs` DISABLE KEYS */;
INSERT INTO `configs` VALUES (1,NULL,NULL,'support.shop@demo.com',NULL,'noreply.shop@demo.com','Support Agent','<h3>Return & Refund Policy</h3> Thanks for shopping at My Shop.<br/> If you are not entirely satisfied with your purchase, we\'re here to help.<br/><br/><h3>Returns</h3>You have 30 (change this) calendar days to return an item from the date you received it.<br/>To be eligible for a return, your item must be unused and in the same condition that you received it.<br/>Your item must be in the original packaging.<br/>Your item needs to have the receipt or proof of purchase.<br/><br/>','#',NULL,1,2.000000,0,NULL,10,NULL,1,NULL,0,NULL,NULL,'a:3:{i:0;i:0;i:1;i:2;i:2;i:4;}',NULL,NULL,NULL,1,NULL,1,1,1,0,NULL,'2020-10-01 19:26:29','2020-10-01 19:26:29'),(2,NULL,NULL,'support.shop@demo.com',NULL,'noreply.shop@demo.com','Support Agent','<h3>Return & Refund Policy</h3> Thanks for shopping at My Shop.<br/> If you are not entirely satisfied with your purchase, we\'re here to help.<br/><br/><h3>Returns</h3>You have 30 (change this) calendar days to return an item from the date you received it.<br/>To be eligible for a return, your item must be unused and in the same condition that you received it.<br/>Your item must be in the original packaging.<br/>Your item needs to have the receipt or proof of purchase.<br/><br/>','#',NULL,1,2.000000,0,NULL,10,NULL,1,NULL,0,NULL,NULL,'a:3:{i:0;i:0;i:1;i:2;i:2;i:5;}',NULL,NULL,NULL,1,NULL,1,1,1,0,NULL,'2020-10-01 19:26:29','2020-10-01 19:26:29');
/*!40000 ALTER TABLE `configs` ENABLE KEYS */;
UNLOCK TABLES;

--
-- Table structure for table `contact_us`
--

DROP TABLE IF EXISTS `contact_us`;
/*!40101 SET @saved_cs_client     = @@character_set_client */;
/*!40101 SET character_set_client = utf8 */;
CREATE TABLE `contact_us` (
  `id` bigint(20) unsigned NOT NULL AUTO_INCREMENT,
  `name` varchar(255) COLLATE utf8_unicode_ci DEFAULT NULL,
  `phone` varchar(255) COLLATE utf8_unicode_ci DEFAULT NULL,
  `email` varchar(255) COLLATE utf8_unicode_ci NOT NULL,
  `subject` varchar(255) COLLATE utf8_unicode_ci NOT NULL,
  `message` longtext COLLATE utf8_unicode_ci NOT NULL,
  `read` tinyint(1) DEFAULT NULL,
  `created_at` timestamp NULL DEFAULT NULL,
  `updated_at` timestamp NULL DEFAULT NULL,
  PRIMARY KEY (`id`)
) ENGINE=InnoDB DEFAULT CHARSET=utf8 COLLATE=utf8_unicode_ci;
/*!40101 SET character_set_client = @saved_cs_client */;

--
-- Dumping data for table `contact_us`
--

LOCK TABLES `contact_us` WRITE;
/*!40000 ALTER TABLE `contact_us` DISABLE KEYS */;
/*!40000 ALTER TABLE `contact_us` ENABLE KEYS */;
UNLOCK TABLES;

--
-- Table structure for table `countries`
--

DROP TABLE IF EXISTS `countries`;
/*!40101 SET @saved_cs_client     = @@character_set_client */;
/*!40101 SET character_set_client = utf8 */;
CREATE TABLE `countries` (
  `id` int(10) unsigned NOT NULL AUTO_INCREMENT,
  `name` varchar(255) COLLATE utf8_unicode_ci NOT NULL,
  `full_name` varchar(255) COLLATE utf8_unicode_ci DEFAULT NULL,
  `capital` varchar(255) COLLATE utf8_unicode_ci DEFAULT NULL,
  `currency_id` int(10) unsigned DEFAULT NULL,
  `timezone_id` int(10) unsigned DEFAULT NULL,
  `citizenship` varchar(255) COLLATE utf8_unicode_ci DEFAULT NULL,
  `iso_code` varchar(2) COLLATE utf8_unicode_ci NOT NULL,
  `iso_numeric` varchar(3) COLLATE utf8_unicode_ci DEFAULT NULL,
  `calling_code` varchar(3) COLLATE utf8_unicode_ci DEFAULT NULL,
  `flag` varchar(6) COLLATE utf8_unicode_ci DEFAULT NULL,
  `eea` tinyint(1) DEFAULT 0,
  `active` tinyint(1) DEFAULT 0,
  `created_at` timestamp NULL DEFAULT NULL,
  `updated_at` timestamp NULL DEFAULT NULL,
  PRIMARY KEY (`id`),
  KEY `countries_timezone_id_foreign` (`timezone_id`),
  KEY `countries_currency_id_foreign` (`currency_id`),
  CONSTRAINT `countries_currency_id_foreign` FOREIGN KEY (`currency_id`) REFERENCES `currencies` (`id`) ON DELETE SET NULL,
  CONSTRAINT `countries_timezone_id_foreign` FOREIGN KEY (`timezone_id`) REFERENCES `timezones` (`id`) ON DELETE SET NULL
) ENGINE=InnoDB AUTO_INCREMENT=895 DEFAULT CHARSET=utf8 COLLATE=utf8_unicode_ci;
/*!40101 SET character_set_client = @saved_cs_client */;

--
-- Dumping data for table `countries`
--

LOCK TABLES `countries` WRITE;
/*!40000 ALTER TABLE `countries` DISABLE KEYS */;
INSERT INTO `countries` VALUES (4,'Afghanistan','Islamic Republic of Afghanistan','Kabul',2,NULL,'Afghan','AF','004','93','AF.png',0,1,'2020-10-01 19:25:57','2020-10-01 19:25:57'),(8,'Albania','Republic of Albania','Tirana',3,NULL,'Albanian','AL','008','355','AL.png',0,1,'2020-10-01 19:25:57','2020-10-01 19:25:57'),(10,'Antarctica','Antarctica','Antartica',NULL,NULL,'of Antartica','AQ','010','672','AQ.png',0,1,'2020-10-01 19:25:57','2020-10-01 19:25:57'),(12,'Algeria','Peoples Democratic Republic of Algeria','Algiers',42,NULL,'Algerian','DZ','012','213','DZ.png',0,1,'2020-10-01 19:25:57','2020-10-01 19:25:57'),(16,'American Samoa','Territory of American','Pago Pago',148,NULL,'American Samoan','AS','016','1','AS.png',0,1,'2020-10-01 19:25:57','2020-10-01 19:25:57'),(20,'Andorra','Principality of Andorra','Andorra la Vella',46,NULL,'Andorran','AD','020','376','AD.png',0,1,'2020-10-01 19:25:57','2020-10-01 19:25:57'),(24,'Angola','Republic of Angola','Luanda',6,NULL,'Angolan','AO','024','244','AO.png',0,1,'2020-10-01 19:25:57','2020-10-01 19:25:57'),(28,'Antigua and Barbuda','Antigua and Barbuda','St Johns',162,NULL,'of Antigua and Barbuda','AG','028','1','AG.png',0,1,'2020-10-01 19:25:57','2020-10-01 19:25:57'),(31,'Azerbaijan','Republic of Azerbaijan','Baku',10,NULL,'Azerbaijani','AZ','031','994','AZ.png',0,1,'2020-10-01 19:25:57','2020-10-01 19:25:57'),(32,'Argentina','Argentine Republic','Buenos Aires',7,NULL,'Argentinian','AR','032','54','AR.png',0,1,'2020-10-01 19:25:57','2020-10-01 19:25:57'),(36,'Australia','Commonwealth of Australia','Canberra',8,NULL,'Australian','AU','036','61','AU.png',0,1,'2020-10-01 19:25:57','2020-10-01 19:25:57'),(40,'Austria','Republic of Austria','Vienna',46,NULL,'Austrian','AT','040','43','AT.png',1,1,'2020-10-01 19:25:57','2020-10-01 19:25:57'),(44,'Bahamas','Commonwealth of the Bahamas','Nassau',21,NULL,'Bahamian','BS','044','1','BS.png',0,1,'2020-10-01 19:25:57','2020-10-01 19:25:57'),(48,'Bahrain','Kingdom of Bahrain','Manama',15,NULL,'Bahraini','BH','048','973','BH.png',0,1,'2020-10-01 19:25:57','2020-10-01 19:25:57'),(50,'Bangladesh','Peoples Republic of Bangladesh','Dhaka',13,NULL,'Bangladeshi','BD','050','880','BD.png',0,1,'2020-10-01 19:25:57','2020-10-01 19:25:57'),(51,'Armenia','Republic of Armenia','Yerevan',4,NULL,'Armenian','AM','051','374','AM.png',0,1,'2020-10-01 19:25:57','2020-10-01 19:25:57'),(52,'Barbados','Barbados','Bridgetown',12,NULL,'Barbadian','BB','052','1','BB.png',0,1,'2020-10-01 19:25:57','2020-10-01 19:25:57'),(56,'Belgium','Kingdom of Belgium','Brussels',46,NULL,'Belgian','BE','056','32','BE.png',1,1,'2020-10-01 19:25:57','2020-10-01 19:25:57'),(60,'Bermuda','Bermuda','Hamilton',17,NULL,'Bermudian','BM','060','1','BM.png',0,1,'2020-10-01 19:25:57','2020-10-01 19:25:57'),(64,'Bhutan','Kingdom of Bhutan','Thimphu',22,NULL,'Bhutanese','BT','064','975','BT.png',0,1,'2020-10-01 19:25:57','2020-10-01 19:25:57'),(68,'Bolivia, Plurinational State of','Plurinational State of Bolivia','Sucre (BO1)',19,NULL,'Bolivian','BO','068','591','BO.png',0,1,'2020-10-01 19:25:57','2020-10-01 19:25:57'),(70,'Bosnia and Herzegovina','Bosnia and Herzegovina','Sarajevo',11,NULL,'of Bosnia and Herzegovina','BA','070','387','BA.png',0,1,'2020-10-01 19:25:57','2020-10-01 19:25:57'),(72,'Botswana','Republic of Botswana','Gaborone',23,NULL,'Botswanan','BW','072','267','BW.png',0,1,'2020-10-01 19:25:57','2020-10-01 19:25:57'),(74,'Bouvet Island','Bouvet Island','Bouvet island',NULL,NULL,'of Bouvet island','BV','074','47','BV.png',0,1,'2020-10-01 19:25:57','2020-10-01 19:25:57'),(76,'Brazil','Federative Republic of Brazil','Brasilia',20,NULL,'Brazilian','BR','076','55','BR.png',0,1,'2020-10-01 19:25:57','2020-10-01 19:25:57'),(84,'Belize','Belize','Belmopan',26,NULL,'Belizean','BZ','084','501','BZ.png',0,1,'2020-10-01 19:25:57','2020-10-01 19:25:57'),(86,'British Indian Ocean Territory','British Indian Ocean Territory','Diego Garcia',148,NULL,'Changosian','IO','086','246','IO.png',0,1,'2020-10-01 19:25:57','2020-10-01 19:25:57'),(90,'Solomon Islands','Solomon Islands','Honiara',122,NULL,'Solomon Islander','SB','090','677','SB.png',0,1,'2020-10-01 19:25:57','2020-10-01 19:25:57'),(92,'Virgin Islands, British','British Virgin Islands','Road Town',148,NULL,'British Virgin Islander;','VG','092','1','VG.png',0,1,'2020-10-01 19:25:57','2020-10-01 19:25:57'),(96,'Brunei Darussalam','Brunei Darussalam','Bandar Seri Begawan',18,NULL,'Bruneian','BN','096','673','BN.png',0,1,'2020-10-01 19:25:57','2020-10-01 19:25:57'),(100,'Bulgaria','Republic of Bulgaria','Sofia',14,NULL,'Bulgarian','BG','100','359','BG.png',1,1,'2020-10-01 19:25:57','2020-10-01 19:25:57'),(104,'Myanmar','Union of Myanmar/','Yangon',92,NULL,'Burmese','MM','104','95','MM.png',0,1,'2020-10-01 19:25:57','2020-10-01 19:25:57'),(108,'Burundi','Republic of Burundi','Bujumbura',16,NULL,'Burundian','BI','108','257','BI.png',0,1,'2020-10-01 19:25:57','2020-10-01 19:25:57'),(112,'Belarus','Republic of Belarus','Minsk',25,NULL,'Belarusian','BY','112','375','BY.png',0,1,'2020-10-01 19:25:57','2020-10-01 19:25:57'),(116,'Cambodia','Kingdom of Cambodia','Phnom Penh',73,NULL,'Cambodian','KH','116','855','KH.png',0,1,'2020-10-01 19:25:57','2020-10-01 19:25:57'),(120,'Cameroon','Republic of Cameroon','Yaound',155,NULL,'Cameroonian','CM','120','237','CM.png',0,1,'2020-10-01 19:25:57','2020-10-01 19:25:57'),(124,'Canada','Canada','Ottawa',27,NULL,'Canadian','CA','124','1','CA.png',0,1,'2020-10-01 19:25:57','2020-10-01 19:25:57'),(132,'Cape Verde','Republic of Cape Verde','Praia',37,NULL,'Cape Verdean','CV','132','238','CV.png',0,1,'2020-10-01 19:25:57','2020-10-01 19:25:57'),(136,'Cayman Islands','Cayman Islands','George Town',78,NULL,'Caymanian','KY','136','1','KY.png',0,1,'2020-10-01 19:25:57','2020-10-01 19:25:57'),(140,'Central African Republic','Central African Republic','Bangui',155,NULL,'Central African','CF','140','236','CF.png',0,1,'2020-10-01 19:25:57','2020-10-01 19:25:57'),(144,'Sri Lanka','Democratic Socialist Republic of Sri Lanka','Colombo',82,NULL,'Sri Lankan','LK','144','94','LK.png',0,1,'2020-10-01 19:25:57','2020-10-01 19:25:57'),(148,'Chad','Republic of Chad','NDjamena',155,NULL,'Chadian','TD','148','235','TD.png',0,1,'2020-10-01 19:25:57','2020-10-01 19:25:57'),(152,'Chile','Republic of Chile','Santiago',31,NULL,'Chilean','CL','152','56','CL.png',0,1,'2020-10-01 19:25:57','2020-10-01 19:25:57'),(156,'China','Peoples Republic of China','Beijing',32,NULL,'Chinese','CN','156','86','CN.png',0,1,'2020-10-01 19:25:57','2020-10-01 19:25:57'),(158,'Taiwan, Province of China','Republic of China, Taiwan (TW1)','Taipei',144,NULL,'Taiwanese','TW','158','886','TW.png',0,1,'2020-10-01 19:25:57','2020-10-01 19:25:57'),(162,'Christmas Island','Christmas Island Territory','Flying Fish Cove',8,NULL,'Christmas Islander','CX','162','61','CX.png',0,1,'2020-10-01 19:25:57','2020-10-01 19:25:57'),(166,'Cocos (Keeling) Islands','Territory of Cocos (Keeling) Islands','Bantam',8,NULL,'Cocos Islander','CC','166','61','CC.png',0,1,'2020-10-01 19:25:57','2020-10-01 19:25:57'),(170,'Colombia','Republic of Colombia','Santa Fe de Bogot',33,NULL,'Colombian','CO','170','57','CO.png',0,1,'2020-10-01 19:25:57','2020-10-01 19:25:57'),(174,'Comoros','Union of the Comoros','Moroni',74,NULL,'Comorian','KM','174','269','KM.png',0,1,'2020-10-01 19:25:57','2020-10-01 19:25:57'),(175,'Mayotte','Departmental Collectivity of Mayotte','Mamoudzou',46,NULL,'Mahorais','YT','175','262','YT.png',0,1,'2020-10-01 19:25:57','2020-10-01 19:25:57'),(178,'Congo','Republic of the Congo','Brazzaville',155,NULL,'Congolese','CG','178','242','CG.png',0,1,'2020-10-01 19:25:57','2020-10-01 19:25:57'),(180,'Congo, the Democratic Republic of the','Democratic Republic of the Congo','Kinshasa',28,NULL,'Congolese','CD','180','243','CD.png',0,1,'2020-10-01 19:25:57','2020-10-01 19:25:57'),(184,'Cook Islands','Cook Islands','Avarua',107,NULL,'Cook Islander','CK','184','682','CK.png',0,1,'2020-10-01 19:25:57','2020-10-01 19:25:57'),(188,'Costa Rica','Republic of Costa Rica','San Jos',34,NULL,'Costa Rican','CR','188','506','CR.png',0,1,'2020-10-01 19:25:57','2020-10-01 19:25:57'),(191,'Croatia','Republic of Croatia','Zagreb',59,NULL,'Croatian','HR','191','385','HR.png',1,1,'2020-10-01 19:25:57','2020-10-01 19:25:57'),(192,'Cuba','Republic of Cuba','Havana',36,NULL,'Cuban','CU','192','53','CU.png',0,1,'2020-10-01 19:25:57','2020-10-01 19:25:57'),(196,'Cyprus','Republic of Cyprus','Nicosia',46,NULL,'Cypriot','CY','196','357','CY.png',1,1,'2020-10-01 19:25:57','2020-10-01 19:25:57'),(203,'Czech Republic','Czech Republic','Prague',38,NULL,'Czech','CZ','203','420','CZ.png',1,1,'2020-10-01 19:25:57','2020-10-01 19:25:57'),(204,'Benin','Republic of Benin','Porto Novo (BJ1)',164,NULL,'Beninese','BJ','204','229','BJ.png',0,1,'2020-10-01 19:25:57','2020-10-01 19:25:57'),(208,'Denmark','Kingdom of Denmark','Copenhagen',40,NULL,'Danish','DK','208','45','DK.png',1,1,'2020-10-01 19:25:57','2020-10-01 19:25:57'),(212,'Dominica','Commonwealth of Dominica','Roseau',162,NULL,'Dominican','DM','212','1','DM.png',0,1,'2020-10-01 19:25:57','2020-10-01 19:25:57'),(214,'Dominican Republic','Dominican Republic','Santo Domingo',41,NULL,'Dominican','DO','214','1','DO.png',0,1,'2020-10-01 19:25:57','2020-10-01 19:25:57'),(218,'Ecuador','Republic of Ecuador','Quito',148,NULL,'Ecuadorian','EC','218','593','EC.png',0,1,'2020-10-01 19:25:57','2020-10-01 19:25:57'),(222,'El Salvador','Republic of El Salvador','San Salvador',134,NULL,'Salvadoran','SV','222','503','SV.png',0,1,'2020-10-01 19:25:57','2020-10-01 19:25:57'),(226,'Equatorial Guinea','Republic of Equatorial Guinea','Malabo',155,NULL,'Equatorial Guinean','GQ','226','240','GQ.png',0,1,'2020-10-01 19:25:57','2020-10-01 19:25:57'),(231,'Ethiopia','Federal Democratic Republic of Ethiopia','Addis Ababa',45,NULL,'Ethiopian','ET','231','251','ET.png',0,1,'2020-10-01 19:25:57','2020-10-01 19:25:57'),(232,'Eritrea','State of Eritrea','Asmara',44,NULL,'Eritrean','ER','232','291','ER.png',0,1,'2020-10-01 19:25:57','2020-10-01 19:25:57'),(233,'Estonia','Republic of Estonia','Tallinn',46,NULL,'Estonian','EE','233','372','EE.png',1,1,'2020-10-01 19:25:57','2020-10-01 19:25:57'),(234,'Faroe Islands','Faeroe Islands','Trshavn',40,NULL,'Faeroese','FO','234','298','FO.png',0,1,'2020-10-01 19:25:57','2020-10-01 19:25:57'),(238,'Falkland Islands (Malvinas)','Falkland Islands','Stanley',48,NULL,'Falkland Islander','FK','238','500','FK.png',0,1,'2020-10-01 19:25:57','2020-10-01 19:25:57'),(239,'South Georgia and the South Sandwich Islands','South Georgia and the South Sandwich Islands','King Edward Point (Grytviken)',NULL,NULL,'of South Georgia and the South Sandwich Islands','GS','239','44','GS.png',0,1,'2020-10-01 19:25:57','2020-10-01 19:25:57'),(242,'Fiji','Republic of Fiji','Suva',47,NULL,'Fijian','FJ','242','679','FJ.png',0,1,'2020-10-01 19:25:57','2020-10-01 19:25:57'),(246,'Finland','Republic of Finland','Helsinki',46,NULL,'Finnish','FI','246','358','FI.png',1,1,'2020-10-01 19:25:57','2020-10-01 19:25:57'),(248,'land Islands','land Islands','Mariehamn',46,NULL,'land Islander','AX','248','358',NULL,0,1,'2020-10-01 19:25:57','2020-10-01 19:25:57'),(250,'France','French Republic','Paris',46,NULL,'French','FR','250','33','FR.png',1,1,'2020-10-01 19:25:57','2020-10-01 19:25:57'),(254,'French Guiana','French Guiana','Cayenne',46,NULL,'Guianese','GF','254','594','GF.png',0,1,'2020-10-01 19:25:57','2020-10-01 19:25:57'),(258,'French Polynesia','French Polynesia','Papeete',166,NULL,'Polynesian','PF','258','689','PF.png',0,1,'2020-10-01 19:25:57','2020-10-01 19:25:57'),(260,'French Southern Territories','French Southern and Antarctic Lands','Port-aux-Francais',46,NULL,'of French Southern and Antarctic Lands','TF','260','33','TF.png',0,1,'2020-10-01 19:25:57','2020-10-01 19:25:57'),(262,'Djibouti','Republic of Djibouti','Djibouti',39,NULL,'Djiboutian','DJ','262','253','DJ.png',0,1,'2020-10-01 19:25:57','2020-10-01 19:25:57'),(266,'Gabon','Gabonese Republic','Libreville',155,NULL,'Gabonese','GA','266','241','GA.png',0,1,'2020-10-01 19:25:57','2020-10-01 19:25:57'),(268,'Georgia','Georgia','Tbilisi',50,NULL,'Georgian','GE','268','995','GE.png',0,1,'2020-10-01 19:25:57','2020-10-01 19:25:57'),(270,'Gambia','Republic of the Gambia','Banjul',53,NULL,'Gambian','GM','270','220','GM.png',0,1,'2020-10-01 19:25:57','2020-10-01 19:25:57'),(275,'Palestinian Territory, Occupied',NULL,NULL,53,NULL,'Palestinian','PS','275','970','PS.png',0,1,'2020-10-01 19:25:57','2020-10-01 19:25:57'),(276,'Germany','Federal Republic of Germany','Berlin',46,NULL,'German','DE','276','49','DE.png',1,1,'2020-10-01 19:25:57','2020-10-01 19:25:57'),(288,'Ghana','Republic of Ghana','Accra',51,NULL,'Ghanaian','GH','288','233','GH.png',0,1,'2020-10-01 19:25:57','2020-10-01 19:25:57'),(292,'Gibraltar','Gibraltar','Gibraltar',52,NULL,'Gibraltarian','GI','292','350','GI.png',0,1,'2020-10-01 19:25:57','2020-10-01 19:25:57'),(296,'Kiribati','Republic of Kiribati','Tarawa',8,NULL,'Kiribatian','KI','296','686','KI.png',0,1,'2020-10-01 19:25:57','2020-10-01 19:25:57'),(300,'Greece','Hellenic Republic','Athens',46,NULL,'Greek','GR','300','30','GR.png',1,1,'2020-10-01 19:25:57','2020-10-01 19:25:57'),(304,'Greenland','Greenland','Nuuk',40,NULL,'Greenlander','GL','304','299','GL.png',0,1,'2020-10-01 19:25:57','2020-10-01 19:25:57'),(308,'Grenada','Grenada','St Georges',162,NULL,'Grenadian','GD','308','1','GD.png',0,1,'2020-10-01 19:25:57','2020-10-01 19:25:57'),(312,'Guadeloupe','Guadeloupe','Basse Terre',46,NULL,'Guadeloupean','GP','312','590','GP.png',0,1,'2020-10-01 19:25:57','2020-10-01 19:25:57'),(316,'Guam','Territory of Guam','Agaa (Hagta)',148,NULL,'Guamanian','GU','316','1','GU.png',0,1,'2020-10-01 19:25:57','2020-10-01 19:25:57'),(320,'Guatemala','Republic of Guatemala','Guatemala City',55,NULL,'Guatemalan','GT','320','502','GT.png',0,1,'2020-10-01 19:25:57','2020-10-01 19:25:57'),(324,'Guinea','Republic of Guinea','Conakry',54,NULL,'Guinean','GN','324','224','GN.png',0,1,'2020-10-01 19:25:57','2020-10-01 19:25:57'),(328,'Guyana','Cooperative Republic of Guyana','Georgetown',56,NULL,'Guyanese','GY','328','592','GY.png',0,1,'2020-10-01 19:25:57','2020-10-01 19:25:57'),(332,'Haiti','Republic of Haiti','Port-au-Prince',60,NULL,'Haitian','HT','332','509','HT.png',0,1,'2020-10-01 19:25:57','2020-10-01 19:25:57'),(334,'Heard Island and McDonald Islands','Territory of Heard Island and McDonald Islands','Territory of Heard Island and McDonald Islands',NULL,NULL,'of Territory of Heard Island and McDonald Islands','HM','334','61','HM.png',0,1,'2020-10-01 19:25:57','2020-10-01 19:25:57'),(336,'Holy See (Vatican City State)','the Holy See/ Vatican City State','Vatican City',46,NULL,'of the Holy See/of the Vatican','VA','336','39','VA.png',0,1,'2020-10-01 19:25:57','2020-10-01 19:25:57'),(340,'Honduras','Republic of Honduras','Tegucigalpa',58,NULL,'Honduran','HN','340','504','HN.png',0,1,'2020-10-01 19:25:57','2020-10-01 19:25:57'),(344,'Hong Kong','Hong Kong Special Administrative Region of the Peoples Republic of China (HK2)','(HK3)',57,NULL,'Hong Kong Chinese','HK','344','852','HK.png',0,1,'2020-10-01 19:25:57','2020-10-01 19:25:57'),(348,'Hungary','Republic of Hungary','Budapest',61,NULL,'Hungarian','HU','348','36','HU.png',1,1,'2020-10-01 19:25:57','2020-10-01 19:25:57'),(352,'Iceland','Republic of Iceland','Reykjavik',67,NULL,'Icelander','IS','352','354','IS.png',1,1,'2020-10-01 19:25:57','2020-10-01 19:25:57'),(356,'India','Republic of India','New Delhi',64,NULL,'Indian','IN','356','91','IN.png',0,1,'2020-10-01 19:25:57','2020-10-01 19:25:57'),(360,'Indonesia','Republic of Indonesia','Jakarta',62,NULL,'Indonesian','ID','360','62','ID.png',0,1,'2020-10-01 19:25:57','2020-10-01 19:25:57'),(364,'Iran, Islamic Republic of','Islamic Republic of Iran','Tehran',66,NULL,'Iranian','IR','364','98','IR.png',0,1,'2020-10-01 19:25:57','2020-10-01 19:25:57'),(368,'Iraq','Republic of Iraq','Baghdad',65,NULL,'Iraqi','IQ','368','964','IQ.png',0,1,'2020-10-01 19:25:57','2020-10-01 19:25:57'),(372,'Ireland','Ireland (IE1)','Dublin',46,NULL,'Irish','IE','372','353','IE.png',1,1,'2020-10-01 19:25:57','2020-10-01 19:25:57'),(376,'Israel','State of Israel','(IL1)',63,NULL,'Israeli','IL','376','972','IL.png',0,1,'2020-10-01 19:25:57','2020-10-01 19:25:57'),(380,'Italy','Italian Republic','Rome',46,NULL,'Italian','IT','380','39','IT.png',1,1,'2020-10-01 19:25:57','2020-10-01 19:25:57'),(384,'Cte d\'Ivoire','Republic of Cte dIvoire','Yamoussoukro (CI1)',164,NULL,'Ivorian','CI','384','225','CI.png',0,1,'2020-10-01 19:25:57','2020-10-01 19:25:57'),(388,'Jamaica','Jamaica','Kingston',68,NULL,'Jamaican','JM','388','1','JM.png',0,1,'2020-10-01 19:25:57','2020-10-01 19:25:57'),(392,'Japan','Japan','Tokyo',70,NULL,'Japanese','JP','392','81','JP.png',0,1,'2020-10-01 19:25:57','2020-10-01 19:25:57'),(398,'Kazakhstan','Republic of Kazakhstan','Astana',79,NULL,'Kazakh','KZ','398','7','KZ.png',0,1,'2020-10-01 19:25:57','2020-10-01 19:25:57'),(400,'Jordan','Hashemite Kingdom of Jordan','Amman',69,NULL,'Jordanian','JO','400','962','JO.png',0,1,'2020-10-01 19:25:57','2020-10-01 19:25:57'),(404,'Kenya','Republic of Kenya','Nairobi',71,NULL,'Kenyan','KE','404','254','KE.png',0,1,'2020-10-01 19:25:57','2020-10-01 19:25:57'),(408,'Korea, Democratic People\'s Republic of','Democratic Peoples Republic of Korea','Pyongyang',75,NULL,'North Korean','KP','408','850','KP.png',0,1,'2020-10-01 19:25:57','2020-10-01 19:25:57'),(410,'Korea, Republic of','Republic of Korea','Seoul',76,NULL,'South Korean','KR','410','82','KR.png',0,1,'2020-10-01 19:25:57','2020-10-01 19:25:57'),(414,'Kuwait','State of Kuwait','Kuwait City',77,NULL,'Kuwaiti','KW','414','965','KW.png',0,1,'2020-10-01 19:25:57','2020-10-01 19:25:57'),(417,'Kyrgyzstan','Kyrgyz Republic','Bishkek',72,NULL,'Kyrgyz','KG','417','996','KG.png',0,1,'2020-10-01 19:25:57','2020-10-01 19:25:57'),(418,'Lao People\'s Democratic Republic','Lao Peoples Democratic Republic','Vientiane',80,NULL,'Lao','LA','418','856','LA.png',0,1,'2020-10-01 19:25:57','2020-10-01 19:25:57'),(422,'Lebanon','Lebanese Republic','Beirut',81,NULL,'Lebanese','LB','422','961','LB.png',0,1,'2020-10-01 19:25:57','2020-10-01 19:25:57'),(426,'Lesotho','Kingdom of Lesotho','Maseru',84,NULL,'Basotho','LS','426','266','LS.png',0,1,'2020-10-01 19:25:57','2020-10-01 19:25:57'),(428,'Latvia','Republic of Latvia','Riga',46,NULL,'Latvian','LV','428','371','LV.png',1,1,'2020-10-01 19:25:57','2020-10-01 19:25:57'),(430,'Liberia','Republic of Liberia','Monrovia',83,NULL,'Liberian','LR','430','231','LR.png',0,1,'2020-10-01 19:25:57','2020-10-01 19:25:57'),(434,'Libya','Socialist Peoples Libyan Arab Jamahiriya','Tripoli',87,NULL,'Libyan','LY','434','218','LY.png',0,1,'2020-10-01 19:25:57','2020-10-01 19:25:57'),(438,'Liechtenstein','Principality of Liechtenstein','Vaduz',29,NULL,'Liechtensteiner','LI','438','423','LI.png',1,1,'2020-10-01 19:25:57','2020-10-01 19:25:57'),(440,'Lithuania','Republic of Lithuania','Vilnius',46,NULL,'Lithuanian','LT','440','370','LT.png',1,1,'2020-10-01 19:25:57','2020-10-01 19:25:57'),(442,'Luxembourg','Grand Duchy of Luxembourg','Luxembourg',46,NULL,'Luxembourger','LU','442','352','LU.png',1,1,'2020-10-01 19:25:57','2020-10-01 19:25:57'),(446,'Macao','Macao Special Administrative Region of the Peoples Republic of China (MO2)','Macao (MO3)',94,NULL,'Macanese','MO','446','853','MO.png',0,1,'2020-10-01 19:25:57','2020-10-01 19:25:57'),(450,'Madagascar','Republic of Madagascar','Antananarivo',90,NULL,'Malagasy','MG','450','261','MG.png',0,1,'2020-10-01 19:25:57','2020-10-01 19:25:57'),(454,'Malawi','Republic of Malawi','Lilongwe',98,NULL,'Malawian','MW','454','265','MW.png',0,1,'2020-10-01 19:25:57','2020-10-01 19:25:57'),(458,'Malaysia','Malaysia','Kuala Lumpur (MY1)',100,NULL,'Malaysian','MY','458','60','MY.png',0,1,'2020-10-01 19:25:57','2020-10-01 19:25:57'),(462,'Maldives','Republic of Maldives','Mal',97,NULL,'Maldivian','MV','462','960','MV.png',0,1,'2020-10-01 19:25:57','2020-10-01 19:25:57'),(466,'Mali','Republic of Mali','Bamako',164,NULL,'Malian','ML','466','223','ML.png',0,1,'2020-10-01 19:25:57','2020-10-01 19:25:57'),(470,'Malta','Republic of Malta','Valletta',46,NULL,'Maltese','MT','470','356','MT.png',1,1,'2020-10-01 19:25:57','2020-10-01 19:25:57'),(474,'Martinique','Martinique','Fort-de-France',46,NULL,'Martinican','MQ','474','596','MQ.png',0,1,'2020-10-01 19:25:57','2020-10-01 19:25:57'),(478,'Mauritania','Islamic Republic of Mauritania','Nouakchott',95,NULL,'Mauritanian','MR','478','222','MR.png',0,1,'2020-10-01 19:25:57','2020-10-01 19:25:57'),(480,'Mauritius','Republic of Mauritius','Port Louis',96,NULL,'Mauritian','MU','480','230','MU.png',0,1,'2020-10-01 19:25:57','2020-10-01 19:25:57'),(484,'Mexico','United Mexican States','Mexico City',99,NULL,'Mexican','MX','484','52','MX.png',0,1,'2020-10-01 19:25:57','2020-10-01 19:25:57'),(492,'Monaco','Principality of Monaco','Monaco',46,NULL,'Monegasque','MC','492','377','MC.png',0,1,'2020-10-01 19:25:57','2020-10-01 19:25:57'),(496,'Mongolia','Mongolia','Ulan Bator',93,NULL,'Mongolian','MN','496','976','MN.png',0,1,'2020-10-01 19:25:57','2020-10-01 19:25:57'),(498,'Moldova, Republic of','Republic of Moldova','Chisinau',89,NULL,'Moldovan','MD','498','373','MD.png',0,1,'2020-10-01 19:25:57','2020-10-01 19:25:57'),(499,'Montenegro','Montenegro','Podgorica',46,NULL,'Montenegrin','ME','499','382',NULL,0,1,'2020-10-01 19:25:57','2020-10-01 19:25:57'),(500,'Montserrat','Montserrat','Plymouth (MS2)',162,NULL,'Montserratian','MS','500','1','MS.png',0,1,'2020-10-01 19:25:57','2020-10-01 19:25:57'),(504,'Morocco','Kingdom of Morocco','Rabat',88,NULL,'Moroccan','MA','504','212','MA.png',0,1,'2020-10-01 19:25:57','2020-10-01 19:25:57'),(508,'Mozambique','Republic of Mozambique','Maputo',101,NULL,'Mozambican','MZ','508','258','MZ.png',0,1,'2020-10-01 19:25:57','2020-10-01 19:25:57'),(512,'Oman','Sultanate of Oman','Muscat',108,NULL,'Omani','OM','512','968','OM.png',0,1,'2020-10-01 19:25:57','2020-10-01 19:25:57'),(516,'Namibia','Republic of Namibia','Windhoek',102,NULL,'Namibian','NA','516','264','NA.png',0,1,'2020-10-01 19:25:57','2020-10-01 19:25:57'),(520,'Nauru','Republic of Nauru','Yaren',8,NULL,'Nauruan','NR','520','674','NR.png',0,1,'2020-10-01 19:25:57','2020-10-01 19:25:57'),(524,'Nepal','Nepal','Kathmandu',106,NULL,'Nepalese','NP','524','977','NP.png',0,1,'2020-10-01 19:25:57','2020-10-01 19:25:57'),(528,'Netherlands','Kingdom of the Netherlands','Amsterdam (NL2)',46,NULL,'Dutch','NL','528','31','NL.png',1,1,'2020-10-01 19:25:57','2020-10-01 19:25:57'),(531,'Curaao','Curaao','Willemstad',5,NULL,'Curaaoan','CW','531','599',NULL,0,1,'2020-10-01 19:25:57','2020-10-01 19:25:57'),(533,'Aruba','Aruba','Oranjestad',9,NULL,'Aruban','AW','533','297','AW.png',0,1,'2020-10-01 19:25:57','2020-10-01 19:25:57'),(534,'Sint Maarten (Dutch part)','Sint Maarten','Philipsburg',5,NULL,'Sint Maartener','SX','534','721',NULL,0,1,'2020-10-01 19:25:57','2020-10-01 19:25:57'),(535,'Bonaire, Sint Eustatius and Saba',NULL,NULL,148,NULL,'of Bonaire, Sint Eustatius and Saba','BQ','535','599',NULL,0,1,'2020-10-01 19:25:57','2020-10-01 19:25:57'),(540,'New Caledonia','New Caledonia','Nouma',166,NULL,'New Caledonian','NC','540','687','NC.png',0,1,'2020-10-01 19:25:57','2020-10-01 19:25:57'),(548,'Vanuatu','Republic of Vanuatu','Port Vila',153,NULL,'Vanuatuan','VU','548','678','VU.png',0,1,'2020-10-01 19:25:57','2020-10-01 19:25:57'),(554,'New Zealand','New Zealand','Wellington',107,NULL,'New Zealander','NZ','554','64','NZ.png',0,1,'2020-10-01 19:25:57','2020-10-01 19:25:57'),(558,'Nicaragua','Republic of Nicaragua','Managua',104,NULL,'Nicaraguan','NI','558','505','NI.png',0,1,'2020-10-01 19:25:57','2020-10-01 19:25:57'),(562,'Niger','Republic of Niger','Niamey',164,NULL,'Nigerien','NE','562','227','NE.png',0,1,'2020-10-01 19:25:57','2020-10-01 19:25:57'),(566,'Nigeria','Federal Republic of Nigeria','Abuja',103,NULL,'Nigerian','NG','566','234','NG.png',0,1,'2020-10-01 19:25:57','2020-10-01 19:25:57'),(570,'Niue','Niue','Alofi',107,NULL,'Niuean','NU','570','683','NU.png',0,1,'2020-10-01 19:25:57','2020-10-01 19:25:57'),(574,'Norfolk Island','Territory of Norfolk Island','Kingston',8,NULL,'Norfolk Islander','NF','574','672','NF.png',0,1,'2020-10-01 19:25:57','2020-10-01 19:25:57'),(578,'Norway','Kingdom of Norway','Oslo',105,NULL,'Norwegian','NO','578','47','NO.png',1,1,'2020-10-01 19:25:57','2020-10-01 19:25:57'),(580,'Northern Mariana Islands','Commonwealth of the Northern Mariana Islands','Saipan',148,NULL,'Northern Mariana Islander','MP','580','1','MP.png',0,1,'2020-10-01 19:25:57','2020-10-01 19:25:57'),(581,'United States Minor Outlying Islands','United States Minor Outlying Islands','United States Minor Outlying Islands',148,NULL,'of United States Minor Outlying Islands','UM','581','1','UM.png',0,1,'2020-10-01 19:25:57','2020-10-01 19:25:57'),(583,'Micronesia, Federated States of','Federated States of Micronesia','Palikir',148,NULL,'Micronesian','FM','583','691','FM.png',0,1,'2020-10-01 19:25:57','2020-10-01 19:25:57'),(584,'Marshall Islands','Republic of the Marshall Islands','Majuro',148,NULL,'Marshallese','MH','584','692','MH.png',0,1,'2020-10-01 19:25:57','2020-10-01 19:25:57'),(585,'Palau','Republic of Palau','Melekeok',148,NULL,'Palauan','PW','585','680','PW.png',0,1,'2020-10-01 19:25:57','2020-10-01 19:25:57'),(586,'Pakistan','Islamic Republic of Pakistan','Islamabad',113,NULL,'Pakistani','PK','586','92','PK.png',0,1,'2020-10-01 19:25:57','2020-10-01 19:25:57'),(591,'Panama','Republic of Panama','Panama City',109,NULL,'Panamanian','PA','591','507','PA.png',0,1,'2020-10-01 19:25:57','2020-10-01 19:25:57'),(598,'Papua New Guinea','Independent State of Papua New Guinea','Port Moresby',111,NULL,'Papua New Guinean','PG','598','675','PG.png',0,1,'2020-10-01 19:25:57','2020-10-01 19:25:57'),(600,'Paraguay','Republic of Paraguay','Asuncin',115,NULL,'Paraguayan','PY','600','595','PY.png',0,1,'2020-10-01 19:25:57','2020-10-01 19:25:57'),(604,'Peru','Republic of Peru','Lima',110,NULL,'Peruvian','PE','604','51','PE.png',0,1,'2020-10-01 19:25:57','2020-10-01 19:25:57'),(608,'Philippines','Republic of the Philippines','Manila',112,NULL,'Filipino','PH','608','63','PH.png',0,1,'2020-10-01 19:25:57','2020-10-01 19:25:57'),(612,'Pitcairn','Pitcairn Islands','Adamstown',107,NULL,'Pitcairner','PN','612','649','PN.png',0,1,'2020-10-01 19:25:57','2020-10-01 19:25:57'),(616,'Poland','Republic of Poland','Warsaw',114,NULL,'Polish','PL','616','48','PL.png',1,1,'2020-10-01 19:25:57','2020-10-01 19:25:57'),(620,'Portugal','Portuguese Republic','Lisbon',46,NULL,'Portuguese','PT','620','351','PT.png',1,1,'2020-10-01 19:25:57','2020-10-01 19:25:57'),(624,'Guinea-Bissau','Republic of Guinea-Bissau','Bissau',164,NULL,'Guinea-Bissau national','GW','624','245','GW.png',0,1,'2020-10-01 19:25:57','2020-10-01 19:25:57'),(626,'Timor-Leste','Democratic Republic of East Timor','Dili',148,NULL,'East Timorese','TL','626','670','TL.png',0,1,'2020-10-01 19:25:57','2020-10-01 19:25:57'),(630,'Puerto Rico','Commonwealth of Puerto Rico','San Juan',148,NULL,'Puerto Rican','PR','630','1','PR.png',0,1,'2020-10-01 19:25:57','2020-10-01 19:25:57'),(634,'Qatar','State of Qatar','Doha',116,NULL,'Qatari','QA','634','974','QA.png',0,1,'2020-10-01 19:25:57','2020-10-01 19:25:57'),(638,'Runion','Runion','Saint-Denis',46,NULL,'Reunionese','RE','638','262','RE.png',0,1,'2020-10-01 19:25:57','2020-10-01 19:25:57'),(642,'Romania','Romania','Bucharest',117,NULL,'Romanian','RO','642','40','RO.png',1,1,'2020-10-01 19:25:57','2020-10-01 19:25:57'),(643,'Russian Federation','Russian Federation','Moscow',119,NULL,'Russian','RU','643','7','RU.png',0,1,'2020-10-01 19:25:57','2020-10-01 19:25:57'),(646,'Rwanda','Republic of Rwanda','Kigali',120,NULL,'Rwandan; Rwandese','RW','646','250','RW.png',0,1,'2020-10-01 19:25:57','2020-10-01 19:25:57'),(652,'Saint Barthlemy','Collectivity of Saint Barthlemy','Gustavia',46,NULL,'of Saint Barthlemy','BL','652','590',NULL,0,1,'2020-10-01 19:25:57','2020-10-01 19:25:57'),(654,'Saint Helena, Ascension and Tristan da Cunha','Saint Helena, Ascension and Tristan da Cunha','Jamestown',127,NULL,'Saint Helenian','SH','654','290','SH.png',0,1,'2020-10-01 19:25:57','2020-10-01 19:25:57'),(659,'Saint Kitts and Nevis','Federation of Saint Kitts and Nevis','Basseterre',162,NULL,'Kittsian; Nevisian','KN','659','1','KN.png',0,1,'2020-10-01 19:25:57','2020-10-01 19:25:57'),(660,'Anguilla','Anguilla','The Valley',162,NULL,'Anguillan','AI','660','1','AI.png',0,1,'2020-10-01 19:25:57','2020-10-01 19:25:57'),(662,'Saint Lucia','Saint Lucia','Castries',162,NULL,'Saint Lucian','LC','662','1','LC.png',0,1,'2020-10-01 19:25:57','2020-10-01 19:25:57'),(663,'Saint Martin (French part)','Collectivity of Saint Martin','Marigot',46,NULL,'of Saint Martin','MF','663','590',NULL,0,1,'2020-10-01 19:25:57','2020-10-01 19:25:57'),(666,'Saint Pierre and Miquelon','Territorial Collectivity of Saint Pierre and Miquelon','Saint-Pierre',46,NULL,'St-Pierrais; Miquelonnais','PM','666','508','PM.png',0,1,'2020-10-01 19:25:57','2020-10-01 19:25:57'),(670,'Saint Vincent and the Grenadines','Saint Vincent and the Grenadines','Kingstown',162,NULL,'Vincentian','VC','670','1','VC.png',0,1,'2020-10-01 19:25:57','2020-10-01 19:25:57'),(674,'San Marino','Republic of San Marino','San Marino',46,NULL,'San Marinese','SM','674','378','SM.png',0,1,'2020-10-01 19:25:57','2020-10-01 19:25:57'),(678,'Sao Tome and Principe','Democratic Republic of So Tom and Prncipe','So Tom',133,NULL,'So Toman','ST','678','239','ST.png',0,1,'2020-10-01 19:25:57','2020-10-01 19:25:57'),(682,'Saudi Arabia','Kingdom of Saudi Arabia','Riyadh',121,NULL,'Saudi Arabian','SA','682','966','SA.png',0,1,'2020-10-01 19:25:57','2020-10-01 19:25:57'),(686,'Senegal','Republic of Senegal','Dakar',164,NULL,'Senegalese','SN','686','221','SN.png',0,1,'2020-10-01 19:25:57','2020-10-01 19:25:57'),(688,'Serbia','Republic of Serbia','Belgrade',118,NULL,'Serb','RS','688','381',NULL,0,1,'2020-10-01 19:25:57','2020-10-01 19:25:57'),(690,'Seychelles','Republic of Seychelles','Victoria',123,NULL,'Seychellois','SC','690','248','SC.png',0,1,'2020-10-01 19:25:57','2020-10-01 19:25:57'),(694,'Sierra Leone','Republic of Sierra Leone','Freetown',129,NULL,'Sierra Leonean','SL','694','232','SL.png',0,1,'2020-10-01 19:25:57','2020-10-01 19:25:57'),(702,'Singapore','Republic of Singapore','Singapore',126,NULL,'Singaporean','SG','702','65','SG.png',0,1,'2020-10-01 19:25:57','2020-10-01 19:25:57'),(703,'Slovakia','Slovak Republic','Bratislava',46,NULL,'Slovak','SK','703','421','SK.png',1,1,'2020-10-01 19:25:57','2020-10-01 19:25:57'),(704,'Viet Nam','Socialist Republic of Vietnam','Hanoi',152,NULL,'Vietnamese','VN','704','84','VN.png',0,1,'2020-10-01 19:25:57','2020-10-01 19:25:57'),(705,'Slovenia','Republic of Slovenia','Ljubljana',46,NULL,'Slovene','SI','705','386','SI.png',1,1,'2020-10-01 19:25:57','2020-10-01 19:25:57'),(706,'Somalia','Somali Republic','Mogadishu',130,NULL,'Somali','SO','706','252','SO.png',0,1,'2020-10-01 19:25:57','2020-10-01 19:25:57'),(710,'South Africa','Republic of South Africa','Pretoria (ZA1)',170,NULL,'South African','ZA','710','27','ZA.png',0,1,'2020-10-01 19:25:57','2020-10-01 19:25:57'),(716,'Zimbabwe','Republic of Zimbabwe','Harare',NULL,NULL,'Zimbabwean','ZW','716','263','ZW.png',0,1,'2020-10-01 19:25:57','2020-10-01 19:25:57'),(724,'Spain','Kingdom of Spain','Madrid',46,NULL,'Spaniard','ES','724','34','ES.png',1,1,'2020-10-01 19:25:57','2020-10-01 19:25:57'),(728,'South Sudan','Republic of South Sudan','Juba',132,NULL,'South Sudanese','SS','728','211',NULL,0,1,'2020-10-01 19:25:57','2020-10-01 19:25:57'),(729,'Sudan','Republic of the Sudan','Khartoum',124,NULL,'Sudanese','SD','729','249',NULL,0,1,'2020-10-01 19:25:57','2020-10-01 19:25:57'),(732,'Western Sahara','Western Sahara','Al aaiun',88,NULL,'Sahrawi','EH','732','212','EH.png',0,1,'2020-10-01 19:25:57','2020-10-01 19:25:57'),(740,'Suriname','Republic of Suriname','Paramaribo',131,NULL,'Surinamese','SR','740','597','SR.png',0,1,'2020-10-01 19:25:57','2020-10-01 19:25:57'),(744,'Svalbard and Jan Mayen','Svalbard and Jan Mayen','Longyearbyen',105,NULL,'of Svalbard','SJ','744','47','SJ.png',0,1,'2020-10-01 19:25:57','2020-10-01 19:25:57'),(748,'Swaziland','Kingdom of Swaziland','Mbabane',136,NULL,'Swazi','SZ','748','268','SZ.png',0,1,'2020-10-01 19:25:57','2020-10-01 19:25:57'),(752,'Sweden','Kingdom of Sweden','Stockholm',125,NULL,'Swedish','SE','752','46','SE.png',1,1,'2020-10-01 19:25:57','2020-10-01 19:25:57'),(756,'Switzerland','Swiss Confederation','Berne',29,NULL,'Swiss','CH','756','41','CH.png',1,1,'2020-10-01 19:25:57','2020-10-01 19:25:57'),(760,'Syrian Arab Republic','Syrian Arab Republic','Damascus',135,NULL,'Syrian','SY','760','963','SY.png',0,1,'2020-10-01 19:25:57','2020-10-01 19:25:57'),(762,'Tajikistan','Republic of Tajikistan','Dushanbe',138,NULL,'Tajik','TJ','762','992','TJ.png',0,1,'2020-10-01 19:25:57','2020-10-01 19:25:57'),(764,'Thailand','Kingdom of Thailand','Bangkok',137,NULL,'Thai','TH','764','66','TH.png',0,1,'2020-10-01 19:25:57','2020-10-01 19:25:57'),(768,'Togo','Togolese Republic','Lom',164,NULL,'Togolese','TG','768','228','TG.png',0,1,'2020-10-01 19:25:57','2020-10-01 19:25:57'),(772,'Tokelau','Tokelau','(TK2)',107,NULL,'Tokelauan','TK','772','690','TK.png',0,1,'2020-10-01 19:25:57','2020-10-01 19:25:57'),(776,'Tonga','Kingdom of Tonga','Nukualofa',141,NULL,'Tongan','TO','776','676','TO.png',0,1,'2020-10-01 19:25:57','2020-10-01 19:25:57'),(780,'Trinidad and Tobago','Republic of Trinidad and Tobago','Port of Spain',143,NULL,'Trinidadian; Tobagonian','TT','780','1','TT.png',0,1,'2020-10-01 19:25:57','2020-10-01 19:25:57'),(784,'United Arab Emirates','United Arab Emirates','Abu Dhabi',1,NULL,'Emirian','AE','784','971','AE.png',0,1,'2020-10-01 19:25:57','2020-10-01 19:25:57'),(788,'Tunisia','Republic of Tunisia','Tunis',140,NULL,'Tunisian','TN','788','216','TN.png',0,1,'2020-10-01 19:25:57','2020-10-01 19:25:57'),(792,'Turkey','Republic of Turkey','Ankara',142,NULL,'Turk','TR','792','90','TR.png',0,1,'2020-10-01 19:25:57','2020-10-01 19:25:57'),(795,'Turkmenistan','Turkmenistan','Ashgabat',139,NULL,'Turkmen','TM','795','993','TM.png',0,1,'2020-10-01 19:25:57','2020-10-01 19:25:57'),(796,'Turks and Caicos Islands','Turks and Caicos Islands','Cockburn Town',148,NULL,'Turks and Caicos Islander','TC','796','1','TC.png',0,1,'2020-10-01 19:25:57','2020-10-01 19:25:57'),(798,'Tuvalu','Tuvalu','Funafuti',8,NULL,'Tuvaluan','TV','798','688','TV.png',0,1,'2020-10-01 19:25:57','2020-10-01 19:25:57'),(800,'Uganda','Republic of Uganda','Kampala',147,NULL,'Ugandan','UG','800','256','UG.png',0,1,'2020-10-01 19:25:57','2020-10-01 19:25:57'),(804,'Ukraine','Ukraine','Kiev',146,NULL,'Ukrainian','UA','804','380','UA.png',0,1,'2020-10-01 19:25:57','2020-10-01 19:25:57'),(807,'Macedonia, the former Yugoslav Republic of','the former Yugoslav Republic of Macedonia','Skopje',91,NULL,'of the former Yugoslav Republic of Macedonia','MK','807','389','MK.png',0,1,'2020-10-01 19:25:57','2020-10-01 19:25:57'),(818,'Egypt','Arab Republic of Egypt','Cairo',43,NULL,'Egyptian','EG','818','20','EG.png',0,1,'2020-10-01 19:25:57','2020-10-01 19:25:57'),(826,'United Kingdom','United Kingdom of Great Britain and Northern Ireland','London',49,NULL,'British','GB','826','44','GB.png',1,1,'2020-10-01 19:25:57','2020-10-01 19:25:57'),(831,'Guernsey','Bailiwick of Guernsey','St Peter Port',NULL,NULL,'of Guernsey','GG','831','44',NULL,0,1,'2020-10-01 19:25:57','2020-10-01 19:25:57'),(832,'Jersey','Bailiwick of Jersey','St Helier',NULL,NULL,'of Jersey','JE','832','44',NULL,0,1,'2020-10-01 19:25:57','2020-10-01 19:25:57'),(833,'Isle of Man','Isle of Man','Douglas',NULL,NULL,'Manxman; Manxwoman','IM','833','44',NULL,0,1,'2020-10-01 19:25:57','2020-10-01 19:25:57'),(834,'Tanzania, United Republic of','United Republic of Tanzania','Dodoma (TZ1)',145,NULL,'Tanzanian','TZ','834','255','TZ.png',0,1,'2020-10-01 19:25:57','2020-10-01 19:25:57'),(840,'United States','United States of America','Washington DC',148,NULL,'American','US','840','1','US.png',0,1,'2020-10-01 19:25:57','2020-10-01 19:25:57'),(850,'Virgin Islands, U.S.','United States Virgin Islands','Charlotte Amalie',148,NULL,'US Virgin Islander','VI','850','1','VI.png',0,1,'2020-10-01 19:25:57','2020-10-01 19:25:57'),(854,'Burkina Faso','Burkina Faso','Ouagadougou',164,NULL,'Burkinabe','BF','854','226','BF.png',0,1,'2020-10-01 19:25:57','2020-10-01 19:25:57'),(858,'Uruguay','Eastern Republic of Uruguay','Montevideo',149,NULL,'Uruguayan','UY','858','598','UY.png',0,1,'2020-10-01 19:25:57','2020-10-01 19:25:57'),(860,'Uzbekistan','Republic of Uzbekistan','Tashkent',150,NULL,'Uzbek','UZ','860','998','UZ.png',0,1,'2020-10-01 19:25:57','2020-10-01 19:25:57'),(862,'Venezuela, Bolivarian Republic of','Bolivarian Republic of Venezuela','Caracas',151,NULL,'Venezuelan','VE','862','58','VE.png',0,1,'2020-10-01 19:25:57','2020-10-01 19:25:57'),(876,'Wallis and Futuna','Wallis and Futuna','Mata-Utu',166,NULL,'Wallisian; Futunan; Wallis and Futuna Islander','WF','876','681','WF.png',0,1,'2020-10-01 19:25:57','2020-10-01 19:25:57'),(882,'Samoa','Independent State of Samoa','Apia',154,NULL,'Samoan','WS','882','685','WS.png',0,1,'2020-10-01 19:25:57','2020-10-01 19:25:57'),(887,'Yemen','Republic of Yemen','Sana',169,NULL,'Yemenite','YE','887','967','YE.png',0,1,'2020-10-01 19:25:57','2020-10-01 19:25:57'),(894,'Zambia','Republic of Zambia','Lusaka',172,NULL,'Zambian','ZM','894','260','ZM.png',0,1,'2020-10-01 19:25:57','2020-10-01 19:25:57');
/*!40000 ALTER TABLE `countries` ENABLE KEYS */;
UNLOCK TABLES;

--
-- Table structure for table `coupon_customer`
--

DROP TABLE IF EXISTS `coupon_customer`;
/*!40101 SET @saved_cs_client     = @@character_set_client */;
/*!40101 SET character_set_client = utf8 */;
CREATE TABLE `coupon_customer` (
  `coupon_id` bigint(20) unsigned NOT NULL,
  `customer_id` bigint(20) unsigned NOT NULL,
  `created_at` timestamp NULL DEFAULT NULL,
  `updated_at` timestamp NULL DEFAULT NULL,
  KEY `coupon_customer_coupon_id_index` (`coupon_id`),
  KEY `coupon_customer_customer_id_index` (`customer_id`),
  CONSTRAINT `coupon_customer_coupon_id_foreign` FOREIGN KEY (`coupon_id`) REFERENCES `coupons` (`id`) ON DELETE CASCADE,
  CONSTRAINT `coupon_customer_customer_id_foreign` FOREIGN KEY (`customer_id`) REFERENCES `customers` (`id`) ON DELETE CASCADE
) ENGINE=InnoDB DEFAULT CHARSET=utf8 COLLATE=utf8_unicode_ci;
/*!40101 SET character_set_client = @saved_cs_client */;

--
-- Dumping data for table `coupon_customer`
--

LOCK TABLES `coupon_customer` WRITE;
/*!40000 ALTER TABLE `coupon_customer` DISABLE KEYS */;
INSERT INTO `coupon_customer` VALUES (12,1,'2020-10-01 19:26:32','2020-10-01 19:26:32'),(3,1,'2020-10-01 19:26:32','2020-10-01 19:26:32'),(9,1,'2020-10-01 19:26:32','2020-10-01 19:26:32'),(9,1,'2020-10-01 19:26:32','2020-10-01 19:26:32'),(11,1,'2020-10-01 19:26:32','2020-10-01 19:26:32'),(10,1,'2020-10-01 19:26:32','2020-10-01 19:26:32'),(5,1,'2020-10-01 19:26:32','2020-10-01 19:26:32'),(4,1,'2020-10-01 19:26:32','2020-10-01 19:26:32'),(8,1,'2020-10-01 19:26:32','2020-10-01 19:26:32'),(7,1,'2020-10-01 19:26:32','2020-10-01 19:26:32'),(12,1,'2020-10-01 19:26:32','2020-10-01 19:26:32'),(2,1,'2020-10-01 19:26:32','2020-10-01 19:26:32'),(3,1,'2020-10-01 19:26:32','2020-10-01 19:26:32'),(9,1,'2020-10-01 19:26:32','2020-10-01 19:26:32'),(7,1,'2020-10-01 19:26:32','2020-10-01 19:26:32');
/*!40000 ALTER TABLE `coupon_customer` ENABLE KEYS */;
UNLOCK TABLES;

--
-- Table structure for table `coupon_shipping_zone`
--

DROP TABLE IF EXISTS `coupon_shipping_zone`;
/*!40101 SET @saved_cs_client     = @@character_set_client */;
/*!40101 SET character_set_client = utf8 */;
CREATE TABLE `coupon_shipping_zone` (
  `coupon_id` bigint(20) unsigned NOT NULL,
  `shipping_zone_id` int(10) unsigned NOT NULL,
  `created_at` timestamp NULL DEFAULT NULL,
  `updated_at` timestamp NULL DEFAULT NULL,
  KEY `coupon_shipping_zone_coupon_id_index` (`coupon_id`),
  KEY `coupon_shipping_zone_shipping_zone_id_index` (`shipping_zone_id`),
  CONSTRAINT `coupon_shipping_zone_coupon_id_foreign` FOREIGN KEY (`coupon_id`) REFERENCES `coupons` (`id`) ON DELETE CASCADE,
  CONSTRAINT `coupon_shipping_zone_shipping_zone_id_foreign` FOREIGN KEY (`shipping_zone_id`) REFERENCES `shipping_zones` (`id`) ON DELETE CASCADE
) ENGINE=InnoDB DEFAULT CHARSET=utf8 COLLATE=utf8_unicode_ci;
/*!40101 SET character_set_client = @saved_cs_client */;

--
-- Dumping data for table `coupon_shipping_zone`
--

LOCK TABLES `coupon_shipping_zone` WRITE;
/*!40000 ALTER TABLE `coupon_shipping_zone` DISABLE KEYS */;
/*!40000 ALTER TABLE `coupon_shipping_zone` ENABLE KEYS */;
UNLOCK TABLES;

--
-- Table structure for table `coupons`
--

DROP TABLE IF EXISTS `coupons`;
/*!40101 SET @saved_cs_client     = @@character_set_client */;
/*!40101 SET character_set_client = utf8 */;
CREATE TABLE `coupons` (
  `id` bigint(20) unsigned NOT NULL AUTO_INCREMENT,
  `shop_id` int(10) unsigned DEFAULT NULL,
  `name` text COLLATE utf8_unicode_ci DEFAULT NULL,
  `code` varchar(255) COLLATE utf8_unicode_ci DEFAULT NULL,
  `description` text COLLATE utf8_unicode_ci DEFAULT NULL,
  `value` decimal(20,6) DEFAULT NULL,
  `min_order_amount` decimal(20,6) DEFAULT NULL,
  `type` enum('amount','percent') COLLATE utf8_unicode_ci NOT NULL DEFAULT 'amount',
  `quantity` int(11) DEFAULT NULL,
  `quantity_per_customer` int(11) DEFAULT NULL,
  `starting_time` timestamp NULL DEFAULT NULL,
  `ending_time` timestamp NULL DEFAULT NULL,
  `active` tinyint(1) NOT NULL DEFAULT 1,
  `deleted_at` timestamp NULL DEFAULT NULL,
  `created_at` timestamp NULL DEFAULT NULL,
  `updated_at` timestamp NULL DEFAULT NULL,
  PRIMARY KEY (`id`)
) ENGINE=InnoDB AUTO_INCREMENT=16 DEFAULT CHARSET=utf8 COLLATE=utf8_unicode_ci;
/*!40101 SET character_set_client = @saved_cs_client */;

--
-- Dumping data for table `coupons`
--

LOCK TABLES `coupons` WRITE;
/*!40000 ALTER TABLE `coupons` DISABLE KEYS */;
INSERT INTO `coupons` VALUES (1,1,'consequatur','4','Perspiciatis aut quibusdam ut id. Earum facere omnis eveniet alias eum voluptas. Nulla error voluptates repellendus possimus vel. Assumenda dignissimos velit ipsam saepe et est. Veniam architecto quia necessitatibus. Consequatur et molestiae ut aut voluptas odit. Sit provident deleniti omnis accusantium. Corrupti qui quod voluptate soluta et sit quidem. Dolorem magnam quo accusamus molestiae aut a earum. Impedit quam voluptas nemo illum aperiam aliquid. Aspernatur eum incidunt ut architecto. Quis qui in aut ex eum beatae sint. Voluptas odio necessitatibus minima ut placeat. Modi dolor dolore minima aut cum magnam. Dolorem ut non corporis architecto. Enim hic maxime et aut. Dicta quo vel non est. Pariatur et maxime et ut porro provident et. Impedit velit dolorem quos voluptatibus earum officiis. Harum consequuntur eaque error dolor magni aut quis repudiandae. Veritatis ut excepturi minima saepe fuga et. Sed ad ad impedit nihil velit. Commodi non sit et et sit qui. Perspiciatis fugit beatae fugit dolorum quia voluptatum. Nostrum architecto a velit eius. Iure qui voluptas esse eum quos. Vero aut ea possimus in. Quo sunt recusandae ad dolor quia libero sit asperiores. Tempora voluptas autem rerum. Et eum similique tempora molestias. Dolores quis fugit necessitatibus veritatis sed. Nihil accusamus commodi saepe nihil cupiditate. Veritatis suscipit quis animi.',30.000000,NULL,'amount',22,5,'2020-10-07 19:26:00','2020-10-23 19:26:00',1,NULL,'2020-09-20 19:26:32','2020-09-27 19:26:32'),(2,2,'perferendis','7081176','Harum quibusdam ut soluta numquam voluptate. Sunt quis aliquam qui et quaerat sunt expedita voluptatem. Impedit illum quae ut molestiae non quaerat adipisci. Voluptas vel doloribus sint numquam aut deserunt. Qui odio iure iste optio id fugit non. Et adipisci minus natus nihil temporibus. Doloremque est ea cupiditate praesentium quod fugit. Facere velit dolores voluptatem nihil voluptatum consequatur. Quisquam soluta eos facere dicta. Ut quibusdam consequatur officia aut. Qui facilis nostrum suscipit dolores maiores et laboriosam. Laboriosam dolore optio animi consequatur. Magnam fugit accusamus ut non nesciunt odit. Enim illum similique laboriosam sint. Optio quia id sunt ut modi. Natus aut facere fugit voluptatem dolorem aut iure fuga. Repudiandae accusamus molestias suscipit ut consequatur beatae atque assumenda. Nobis explicabo accusamus voluptate accusantium. Quis dolores cumque tenetur error unde dicta consequatur. Ipsam aliquam id fugiat aperiam et ipsam at eum. Nam qui pariatur harum iusto consectetur ipsam. Qui minima aut iure iste quisquam totam qui. Aut iure non dolore cupiditate placeat necessitatibus. Et velit aut dicta quaerat eos sequi. Repudiandae quod voluptas eum accusamus officia. Libero nihil architecto in nihil. Omnis porro autem blanditiis enim incidunt. Vero enim odit cum velit dolor dolorem voluptatem. Repellendus enim neque explicabo iste at consequatur voluptas. Incidunt qui expedita quidem dolorem unde.',50.000000,NULL,'percent',62,1,'2020-10-05 19:26:00','2020-10-20 19:26:00',1,NULL,'2020-09-25 19:26:32','2020-09-17 19:26:32'),(3,1,'dicta','60','Ut quos quia dicta debitis molestias. Suscipit quae autem fugit itaque consequuntur. Nisi omnis et fugit ut quaerat. Facere et laboriosam vitae amet aut. Voluptates sed recusandae dolor libero sint. Asperiores dolor minima quisquam autem provident perferendis. Quidem iste neque eos quis voluptas sequi. Optio quo ut aut ratione quod. Ab quaerat est harum veritatis corrupti minus. Error quis ut fugit occaecati consectetur aut magnam. Quasi debitis pariatur sit quidem sequi deserunt sunt aut. Rerum est officia consequatur ducimus. Eum soluta voluptate voluptatum iste. Officia eum blanditiis velit voluptatem et. Doloremque deserunt fuga et corrupti et minus animi optio. Harum doloremque provident quibusdam culpa dolorem nobis quia. Accusamus reprehenderit ducimus quia debitis nihil voluptatem occaecati. Illo iure aut omnis. Sit harum quo facere dolorem quas voluptatum. Sed vero aliquid quos quibusdam aliquid omnis. Voluptatem quia quos consequuntur rem occaecati non est consequatur. Nostrum praesentium quasi nihil totam et non aut. Quo deleniti praesentium enim sit. Rem neque aut et iusto hic sint. Fugiat voluptas voluptate quis iste voluptas necessitatibus et culpa. Explicabo non iste exercitationem ea alias. Dolor quasi ut voluptatem aspernatur consequuntur est. Dolores quod voluptas dolores ipsam quia libero nisi.',94.000000,NULL,'amount',86,5,'2020-10-05 19:26:00','2020-10-19 19:26:00',1,NULL,'2020-09-17 19:26:32','2020-09-29 19:26:32'),(4,2,'est','808642','Dolorem molestias beatae debitis aliquid illo. Magni ea incidunt voluptas alias tempore repellendus. Distinctio adipisci quia aut libero sint ut repellat. Recusandae voluptates recusandae fuga voluptatem et. Velit velit voluptatem quis assumenda harum cum. Voluptas sed debitis quis suscipit. Unde aut ea modi veniam accusamus ad. Distinctio nemo quas illum debitis labore vel quas. Sed consequuntur aut neque dolor ad. Quia magni quidem veritatis. Eaque aperiam maxime quas illum vel. Qui velit odit ducimus consequuntur rerum iusto. Esse est et non quisquam assumenda iste. Sint placeat quia ut rerum quis ut praesentium. Quia eius non sint repellendus autem in eos. Similique nulla consequuntur in aut atque. Voluptatum omnis itaque libero sunt suscipit itaque non. Asperiores nostrum sit vero dolorem cumque vel et. Possimus recusandae est et molestiae. Sed quisquam qui iste omnis quam ipsa. Sequi cumque autem id et aut at. Corrupti eaque expedita alias veritatis in nostrum consequatur et. Molestias laboriosam quos culpa sapiente qui repudiandae qui. Sunt enim illum et nulla vero quis. Dolorem blanditiis delectus repellat. Repellat harum velit accusantium perferendis quis. Minima repellendus unde sapiente. Quis expedita minus non. Recusandae porro ut eligendi laudantium voluptatem quod. Vel perspiciatis deleniti enim eius. Est ipsam ut qui et. Sunt dolorum error porro totam et. Harum consequuntur magnam expedita commodi temporibus necessitatibus.',30.000000,NULL,'amount',16,2,'2020-10-06 19:26:00','2020-10-16 19:26:00',1,NULL,'2020-09-25 19:26:32','2020-09-24 19:26:32'),(5,2,'voluptas','935','Repudiandae et alias dolore eum omnis esse. Quis aut qui vero sint. Omnis quidem sequi ratione itaque odio. Rerum deserunt quas nihil. Qui distinctio et est expedita. Rem qui ratione optio necessitatibus sunt minus nesciunt. Reiciendis reiciendis nam assumenda. Blanditiis tempora magnam aut voluptatem tempore non. Odit rerum et ut sed alias sed quia. Consectetur est nemo in praesentium voluptatem. Magnam possimus est quasi praesentium. Illum nulla quas et enim et repellendus. Ab laboriosam ex aut autem repudiandae. Harum consequatur corporis sit provident assumenda. Ut repellendus ut voluptas enim magnam. Impedit laudantium et ex earum illo id autem ut. Quisquam expedita odit unde magnam neque voluptatem. Vel et inventore nihil est necessitatibus molestias et. Aliquam quos itaque deserunt sit. Amet voluptas ut illum. Velit eum quos aut enim. Quaerat et eveniet qui autem consequuntur. Exercitationem dolores nostrum amet commodi deserunt ea. Dolor laboriosam rem possimus minus. Ut voluptatem velit libero est est. Sapiente sed maxime neque aut sed aliquam. Dolore et ut odio aut et. Est vero minus reiciendis veniam et. Aut modi qui corporis ex eaque. Impedit voluptatibus non magnam aut est. Eaque est cupiditate deserunt in aperiam et placeat. Aut aut unde est repudiandae. Quo sed quod sint dolores vero ex atque. Magnam explicabo minus accusantium.',67.000000,NULL,'percent',61,2,'2020-10-02 19:26:00','2020-10-18 19:26:00',1,NULL,'2020-10-01 19:26:32','2020-09-23 19:26:32'),(6,1,'repellendus','750165','Et necessitatibus aspernatur dolor esse. Explicabo tenetur nobis doloremque dolorem. Doloremque qui architecto officia eos. Unde quidem modi est sit et vel fugit. Iste reprehenderit voluptas quis cumque est blanditiis voluptate. Et dolorum eum omnis molestiae quae. Et odio porro dolores iure. Saepe delectus qui aut natus aspernatur aut nobis. Voluptatem a officia voluptatem ad. Omnis laborum iste mollitia error est dolor iure nesciunt. Voluptatem reprehenderit consectetur incidunt. Et et sint omnis cumque sapiente non. Non ut nesciunt et adipisci dolorem est. Voluptate est cumque dolores aut. Occaecati maiores tempore illum fuga. Omnis consequatur omnis aut. Veniam non veniam natus excepturi accusamus. Dolores nisi et perferendis necessitatibus et. Veniam iure ullam deleniti et. Velit voluptates ipsam aut odit voluptate soluta aut. Deleniti alias rerum ea et iusto eum. Qui illo in itaque vitae. Id possimus illum velit inventore illum et optio similique. Quaerat praesentium aut rerum. Quia doloribus aut ut reiciendis labore. Enim saepe voluptatem sunt ullam tempora odio incidunt. Libero iste tenetur assumenda et neque ratione magni saepe. Illum earum quisquam impedit quas. Quis consectetur voluptatem sit. Cum fugiat blanditiis earum labore. Sit assumenda quae asperiores ratione odit veritatis aliquid. Ut et assumenda maxime suscipit sit rerum et. Quia voluptas dolorum saepe. Cum nesciunt asperiores enim minima fugiat.',63.000000,NULL,'percent',26,5,'2020-10-06 19:26:00','2020-10-20 19:26:00',1,NULL,'2020-09-19 19:26:32','2020-09-21 19:26:32'),(7,1,'ut','93231','Unde accusantium velit culpa aperiam. Eligendi tempore facilis eligendi et ipsa. Occaecati dignissimos laborum culpa voluptatibus. Voluptatem eaque corrupti ad sint omnis officia aperiam. Officia nihil omnis omnis quia dolorem. Consequatur est voluptatem qui omnis delectus. Eius itaque ut quia corrupti eaque itaque aut. Repudiandae quia voluptas eos aut fugit illum. Qui autem quia voluptate dolorem corporis maxime debitis. Eveniet praesentium mollitia similique delectus non. Id tempora debitis sequi sed et sit. Deserunt consequuntur veritatis et quam ea eveniet quis. Molestias et et nostrum in et blanditiis quaerat. Explicabo odit inventore vel animi hic sint. Magni deleniti facilis laborum molestias necessitatibus dolorem consequatur. In labore provident aut ab aut quis. Sed soluta rerum quia ipsa iure quaerat dolor modi. Eum sed voluptatem et quos non quam. Neque odit distinctio quia et eum optio autem. Eos quasi blanditiis voluptatem repudiandae porro est non deleniti. Ut rerum a hic officiis quia quam qui. Molestiae omnis cumque saepe quia dolorem sint minima. Ut veritatis sunt et ut eaque odit voluptas. Accusamus voluptates dolores eveniet iure. Dolor ratione assumenda quisquam harum. Quia dolorem vel sed necessitatibus dolores. Quisquam ullam error magnam culpa repellendus. Culpa sit sed consequatur sit non aut ut accusamus.',55.000000,NULL,'amount',31,3,'2020-10-05 19:26:00','2020-10-23 19:26:00',1,NULL,'2020-09-30 19:26:32','2020-09-23 19:26:32'),(8,1,'consequatur','500078','Officiis qui eum at vero. Praesentium repudiandae non rerum neque in. Quasi sunt vero ducimus repellat qui quibusdam voluptate. Laboriosam modi voluptate qui qui quia. Non ipsum deserunt ut. Sed iste adipisci dolorem ipsa non at. Maiores et dignissimos repudiandae odio temporibus. Nisi soluta natus quia voluptatem. Atque ipsum omnis voluptates eveniet quam. Dolorem nihil consequatur sed ipsa nemo eveniet sit at. Rerum nihil ullam maiores sed. Delectus corrupti beatae dolores et. Numquam et dolorem et repellendus consequuntur eligendi dignissimos. Perspiciatis sit autem aliquid et. Excepturi voluptatum blanditiis qui corrupti nesciunt quia. In aliquid nisi laboriosam aut qui animi ad. Explicabo officia est enim quas ad magni est quam. Voluptate quis cum incidunt adipisci. Libero ad aut sunt quo exercitationem. Quia similique non aspernatur nulla. Sed necessitatibus ad consequatur suscipit quibusdam consectetur. Rerum ipsum voluptatem sequi assumenda eveniet. Consequuntur placeat qui sapiente explicabo eos cumque. Odio alias omnis rerum maiores consequatur ipsam exercitationem. Quia fugit architecto rerum. Minima rem quibusdam sint reprehenderit ex. Quisquam enim non dolores aliquid nihil tenetur sapiente. Aut et modi dicta repudiandae incidunt fugiat eos consequatur. Et ipsa eos ut saepe. Tempora dolorem blanditiis dolor labore.',31.000000,NULL,'percent',54,5,'2020-10-04 19:26:00','2020-10-21 19:26:00',1,NULL,'2020-09-27 19:26:32','2020-09-30 19:26:32'),(9,1,'ab','610143291','Exercitationem aut et culpa minus ut rerum natus. Qui cum odit repudiandae aut non. Et dignissimos hic sapiente vero qui ut et. Non in autem consectetur aut rerum temporibus. Et eum consequuntur provident adipisci. Explicabo debitis nam consectetur impedit rem et corporis. Nihil quia eaque dignissimos alias exercitationem soluta enim. Perspiciatis est expedita atque ducimus et repudiandae. Sint sapiente hic vitae quasi nesciunt mollitia. Inventore ut officia accusantium deleniti omnis deleniti rerum recusandae. Et sit natus non. Adipisci autem atque quam beatae non doloribus velit. Tempore molestias tempore ut et. Dolor esse non nulla ad consectetur. A delectus assumenda provident saepe hic. Occaecati enim laborum tempora. Debitis maxime perspiciatis velit et voluptas non. A et dolores enim explicabo reprehenderit. Eum autem et fugiat. Rem placeat animi quo sapiente officiis minima. Id laborum quae officia hic laborum numquam fugiat necessitatibus. Deleniti modi aut quis magnam voluptatum. Deserunt ut qui magnam cupiditate velit laudantium ut. Odio id earum corrupti error. Voluptatum expedita distinctio illo debitis reprehenderit et unde. In officiis consequatur odit eum laborum dolorum alias dolor. Voluptatem cupiditate repudiandae culpa rem. Omnis neque perferendis optio autem sit. Accusamus perspiciatis nesciunt alias nobis. Ipsa non non ut autem. Consequatur omnis enim quia aut sint voluptatem eum. Omnis qui fugit et.',86.000000,NULL,'percent',88,2,'2020-10-04 19:26:00','2020-10-15 19:26:00',1,NULL,'2020-09-16 19:26:32','2020-09-24 19:26:32'),(10,2,'tempora','381','Neque laborum quam ratione similique. Architecto aperiam unde temporibus non distinctio. Aliquid voluptatibus id non voluptas dolor et explicabo. Inventore ut earum sunt est est rerum id. Eaque maiores dicta quo similique. Consequuntur delectus magnam culpa fugit vitae ea. Similique sed nostrum totam vel recusandae cum quidem est. Corrupti similique qui non a. In magnam qui amet ea harum temporibus delectus mollitia. Unde ipsam at eveniet natus sed. Sed voluptatem alias ex et et omnis ut. Vel id enim maxime reiciendis dolor voluptatibus. Tempora corporis et consectetur dolor corrupti maiores. Qui aperiam molestias non illum. Dicta corrupti et dicta sapiente ipsam. Ut velit ut ut aut. Dolores omnis inventore officiis. Dolores exercitationem qui ut in et praesentium. Explicabo laborum nisi temporibus dignissimos voluptas ea et nesciunt. Sapiente cumque sit et eveniet harum temporibus cumque atque. Odit quae a ipsum soluta pariatur fugit et. Dolore et aperiam dolor rerum nesciunt neque illum. Quae qui ea ut quasi accusamus perspiciatis eligendi et. Ea rerum suscipit hic id eius magni esse. Illo et nisi quae natus et. Animi debitis nesciunt nihil aut nisi. Ut quo magnam amet nesciunt deleniti asperiores corrupti. Occaecati dolorem veritatis repudiandae pariatur.',25.000000,NULL,'percent',98,5,'2020-10-04 19:26:00','2020-10-16 19:26:00',1,NULL,'2020-09-20 19:26:32','2020-09-22 19:26:32'),(11,2,'provident','624','Ducimus eveniet corporis consectetur sit architecto blanditiis. Dolore animi repudiandae earum exercitationem error. Doloremque asperiores dignissimos odit optio. Quia ratione in esse unde aspernatur dolor. Molestiae aut aut excepturi similique. Dicta eos commodi dolorum quae a blanditiis. Aut ipsam dicta repellat id ipsa ullam repellat. Facere ut sit beatae error nam dicta odio blanditiis. Reprehenderit ex aspernatur dolore consequatur voluptatem repudiandae fugit. Dolorum iste eius in id. Officia nisi incidunt consectetur totam a ut molestiae. Sed tenetur placeat et expedita. Minus et non eveniet magnam ratione aut veniam. Nisi architecto nemo eum natus et. Aut fuga et illo et cupiditate voluptas. Vel dolores sint libero error dolorem eum. Quis nihil aut debitis consectetur. Non sint nobis molestiae cupiditate. Impedit minima mollitia recusandae ea voluptas nemo quia. Magni et ea et dolor eum. Deserunt quo qui sunt provident dolor assumenda ut. Explicabo nihil nam est consectetur fugiat. Et id cumque ipsam labore. Commodi velit sunt ut explicabo fuga esse id. Et eos rerum omnis nisi eum velit. Distinctio labore aut sint dolorem debitis. Voluptatem libero voluptate qui consequuntur et. Voluptas deleniti eos occaecati sapiente quia. Sunt non excepturi et tempore voluptates. Et architecto dolorum qui iure. Quis quisquam corporis qui distinctio. Aspernatur aut unde optio quia rem saepe. Rerum consequatur consectetur et molestiae molestias ratione aperiam.',27.000000,NULL,'percent',32,2,'2020-10-06 19:26:00','2020-10-21 19:26:00',1,NULL,'2020-09-19 19:26:32','2020-09-23 19:26:32'),(12,2,'vel','110985637','Adipisci commodi beatae tenetur dolor molestiae sapiente rerum. Repudiandae eveniet quod ducimus fugiat beatae est quis. Facere temporibus corrupti est. Delectus eius optio rerum iure aut pariatur qui. A enim vero hic aut labore et impedit adipisci. Fuga et aut voluptatem tenetur. Dolores eveniet velit qui aliquam ipsam. Voluptas delectus ex qui nesciunt et. Molestias dolorem exercitationem ea quibusdam. Necessitatibus veritatis tempora labore. Et sit voluptatem tempora et ea distinctio dolor. Hic aspernatur dolore aperiam architecto quis quibusdam iure ducimus. Quia adipisci deleniti aut quos quidem officiis rerum. Nemo laudantium iusto est enim. Molestias enim iste quis excepturi placeat. Officia nesciunt corporis recusandae necessitatibus quam tempora. Dignissimos molestiae eveniet reprehenderit veniam inventore unde dolor. Accusantium quas sapiente laborum voluptas provident a incidunt. Quo ad quas fuga dolor rem mollitia culpa. Ut nesciunt harum accusamus ducimus similique. Sed omnis quia sed aut est repellat. Et quam quidem ab quia. Et consequatur aperiam asperiores repudiandae non nesciunt suscipit doloribus. Voluptates illo recusandae et qui aperiam tenetur tempora. Quia error voluptatem laudantium eveniet. Assumenda delectus consequatur repudiandae aut. Consectetur praesentium et ab non corporis. Sit eius adipisci occaecati nihil inventore quisquam.',81.000000,NULL,'percent',78,3,'2020-10-01 19:26:00','2020-10-22 19:26:00',1,NULL,'2020-09-30 19:26:32','2020-09-18 19:26:32'),(13,1,'qui','39503','Sint ipsum molestiae et totam sint commodi. Rerum ullam voluptates ut cum. Incidunt facilis repellat facilis ut eaque vel. Sequi ut eaque numquam qui neque. Voluptas perferendis ut expedita vitae aliquid. Repudiandae et quo qui iure qui. Voluptas ea illum adipisci ad. Est sed omnis distinctio sed tempore illo illo. Modi dolor dolorem nihil dolore nostrum rerum nesciunt. Magnam quaerat commodi sit. Magnam aut voluptatem nam saepe voluptates minima. Reiciendis architecto deleniti quo fugit dolor eaque. Iste quo ut quas sit in sint rerum. Laboriosam voluptatum aut similique ut. Aut animi cumque doloribus qui nemo doloremque. Modi omnis dolorum corporis voluptas provident quod eaque. Illo aut praesentium quidem eius. Pariatur excepturi maiores itaque veritatis delectus et totam. Voluptatem inventore quis eaque consequatur id. Officiis similique consectetur repellendus temporibus qui ut sequi. Et autem dolores sit illum cupiditate non. Illo non voluptatem repellat saepe fugiat. Est qui ullam et rerum. Non minus sapiente magni maiores sit consequatur. Est quos doloribus qui praesentium sequi. Labore nulla aut ut et. Quis veniam animi magnam necessitatibus voluptas totam omnis. Provident et sit est. Asperiores et molestiae et nisi accusamus sit officiis. Praesentium similique totam numquam sit itaque harum. Consequuntur optio mollitia non quas iure similique voluptas. Odio harum quia quis.',22.000000,NULL,'percent',93,5,'2020-10-01 19:26:00','2020-10-14 19:26:00',1,NULL,'2020-09-22 19:26:32','2020-09-20 19:26:32'),(14,2,'eos','37150','Aliquam quod ipsa assumenda molestiae est vel. Quasi itaque animi aspernatur tempore eligendi aut voluptatem. Laudantium id sunt quaerat esse soluta hic porro. Aut omnis et eveniet omnis officiis ex assumenda. Necessitatibus qui nulla laboriosam eveniet veniam sed et provident. Quis omnis consequatur enim. Iusto dolor id reprehenderit voluptas magni magni temporibus suscipit. Dolorum esse quas at nihil ullam earum minus. Veniam et voluptate debitis error qui qui. Laudantium maiores enim quia similique. Expedita sapiente quia quia tempore. Excepturi tempore perspiciatis aperiam ut magnam dolorum. Earum accusantium est sequi cum qui quaerat. Et quia cumque veniam distinctio esse enim ut. Nihil animi odit temporibus maxime. Ut quod eos sapiente cupiditate deleniti enim. Qui amet cumque id reiciendis inventore ipsum. Voluptates nam dolorem error iste. Dolore ut praesentium est officiis illo possimus autem. Rerum quas dolorum eum voluptatem pariatur sequi ipsum. Reprehenderit quidem repudiandae ipsum veritatis cupiditate repellendus. Explicabo veniam quia voluptatem provident aut. Sunt rem iure cupiditate consectetur aliquam consequuntur molestiae. Asperiores id numquam deserunt. Fuga quos in ut veniam laboriosam. Hic sed nihil laboriosam tempora. Hic molestiae ut voluptatem. Ut enim sequi dolorum aut hic. Commodi dicta voluptatem ut libero dolorum non nulla. Velit ut quidem nemo voluptatem ut. Voluptate nobis dicta quasi repellendus quae. A harum fugit possimus saepe.',40.000000,NULL,'amount',5,3,'2020-10-04 19:26:00','2020-10-11 19:26:00',1,NULL,'2020-09-28 19:26:32','2020-09-16 19:26:32'),(15,2,'quibusdam','3667','Corrupti quia consectetur commodi perspiciatis blanditiis. Molestias esse accusamus dolorum maxime tenetur. Ipsam qui aliquid rerum aliquam aut. Est pariatur est totam exercitationem officia eum eligendi. Ut et sunt fugit earum omnis eius. Voluptatem et unde delectus facere iure. Et qui ut saepe suscipit. Est quia mollitia delectus rerum. Vero at ea tenetur error odit ad odio. Harum modi sit quos repellendus veniam autem assumenda. Accusamus cumque magnam eos illum vel laborum incidunt. Suscipit nihil dolore voluptate. Adipisci omnis qui expedita consequatur aliquam in pariatur. Dolorem ea distinctio laboriosam aspernatur et. Fugit dolor voluptates mollitia. Impedit expedita corrupti in ex et porro. Doloremque dolor dolores aliquid sint. Delectus quasi ducimus adipisci enim eaque. Optio et veniam et. Perferendis sint repellendus a neque. Eveniet voluptates minima itaque dolor perferendis dolorem iusto. Quia sapiente iste pariatur blanditiis. Rerum repudiandae ab maxime error nobis quo consequatur. Rerum nam commodi dolor aperiam inventore eius. Et molestiae consectetur nulla et voluptas adipisci. Aut nostrum repellendus dolorem voluptates. Atque sapiente adipisci at optio et non consequuntur. Voluptas architecto aut autem possimus illum exercitationem. Nesciunt eum non ut necessitatibus omnis nesciunt. Voluptatem commodi voluptatum sunt qui incidunt dolores sequi.',22.000000,NULL,'amount',84,1,'2020-10-08 19:26:00','2020-10-18 19:26:00',1,NULL,'2020-09-27 19:26:32','2020-09-25 19:26:32');
/*!40000 ALTER TABLE `coupons` ENABLE KEYS */;
UNLOCK TABLES;

--
-- Table structure for table `currencies`
--

DROP TABLE IF EXISTS `currencies`;
/*!40101 SET @saved_cs_client     = @@character_set_client */;
/*!40101 SET character_set_client = utf8 */;
CREATE TABLE `currencies` (
  `id` int(10) unsigned NOT NULL AUTO_INCREMENT,
  `iso_code` varchar(3) COLLATE utf8_unicode_ci NOT NULL,
  `iso_numeric` varchar(3) COLLATE utf8_unicode_ci DEFAULT NULL,
  `name` varchar(255) COLLATE utf8_unicode_ci NOT NULL,
  `symbol` varchar(255) COLLATE utf8_unicode_ci DEFAULT NULL,
  `disambiguate_symbol` varchar(255) COLLATE utf8_unicode_ci DEFAULT NULL,
  `subunit` varchar(255) COLLATE utf8_unicode_ci DEFAULT NULL,
  `subunit_to_unit` int(11) NOT NULL DEFAULT 100,
  `symbol_first` tinyint(1) NOT NULL DEFAULT 1,
  `html_entity` varchar(255) COLLATE utf8_unicode_ci DEFAULT NULL,
  `decimal_mark` varchar(25) COLLATE utf8_unicode_ci DEFAULT NULL,
  `thousands_separator` varchar(25) COLLATE utf8_unicode_ci DEFAULT NULL,
  `smallest_denomination` int(11) NOT NULL DEFAULT 1,
  `priority` int(11) DEFAULT 100,
  `active` tinyint(1) DEFAULT 0,
  `created_at` timestamp NULL DEFAULT NULL,
  `updated_at` timestamp NULL DEFAULT NULL,
  PRIMARY KEY (`id`)
) ENGINE=InnoDB AUTO_INCREMENT=178 DEFAULT CHARSET=utf8 COLLATE=utf8_unicode_ci;
/*!40101 SET character_set_client = @saved_cs_client */;

--
-- Dumping data for table `currencies`
--

LOCK TABLES `currencies` WRITE;
/*!40000 ALTER TABLE `currencies` DISABLE KEYS */;
INSERT INTO `currencies` VALUES (1,'AED','784','United Arab Emirates Dirham','.',NULL,'Fils',100,0,'','.',',',25,100,0,'2020-10-01 19:25:56','2020-10-01 19:25:56'),(2,'AFN','971','Afghani','',NULL,'Pul',100,0,'','.',',',100,100,0,'2020-10-01 19:25:56','2020-10-01 19:25:56'),(3,'ALL','008','Albanian Lek','L','Lek','Qintar',100,0,'','.',',',100,100,0,'2020-10-01 19:25:56','2020-10-01 19:25:56'),(4,'AMD','051','Armenian Dram','.',NULL,'Luma',100,0,'','.',',',10,100,0,'2020-10-01 19:25:56','2020-10-01 19:25:56'),(5,'ANG','532','Netherlands Antillean Gulden','',NULL,'Cent',100,1,'&#x0192;',',','.',1,100,0,'2020-10-01 19:25:56','2020-10-01 19:25:56'),(6,'AOA','973','Angolan Kwanza','Kz',NULL,'Cntimo',100,0,'','.',',',10,100,0,'2020-10-01 19:25:56','2020-10-01 19:25:56'),(7,'ARS','032','Argentine Peso','$','$m/n','Centavo',100,1,'&#x20B1;',',','.',1,100,0,'2020-10-01 19:25:56','2020-10-01 19:25:56'),(8,'AUD','036','Australian Dollar','$','A$','Cent',100,1,'$','.',',',5,4,0,'2020-10-01 19:25:56','2020-10-01 19:25:56'),(9,'AWG','533','Aruban Florin','',NULL,'Cent',100,0,'&#x0192;','.',',',5,100,0,'2020-10-01 19:25:56','2020-10-01 19:25:56'),(10,'AZN','944','Azerbaijani Manat','',NULL,'Qpik',100,1,'','.',',',1,100,0,'2020-10-01 19:25:56','2020-10-01 19:25:56'),(11,'BAM','977','Bosnia and Herzegovina Convertible Mark','',NULL,'Fening',100,1,'','.',',',5,100,0,'2020-10-01 19:25:56','2020-10-01 19:25:56'),(12,'BBD','052','Barbadian Dollar','$','Bds$','Cent',100,0,'$','.',',',1,100,0,'2020-10-01 19:25:56','2020-10-01 19:25:56'),(13,'BDT','050','Bangladeshi Taka','',NULL,'Paisa',100,1,'','.',',',1,10,0,'2020-10-01 19:25:56','2020-10-01 19:25:56'),(14,'BGN','975','Bulgarian Lev','.',NULL,'Stotinka',100,0,'','.',',',1,100,0,'2020-10-01 19:25:56','2020-10-01 19:25:56'),(15,'BHD','048','Bahraini Dinar','.',NULL,'Fils',1000,1,'','.',',',5,100,0,'2020-10-01 19:25:56','2020-10-01 19:25:56'),(16,'BIF','108','Burundian Franc','Fr','FBu','Centime',1,0,'','.',',',100,100,0,'2020-10-01 19:25:56','2020-10-01 19:25:56'),(17,'BMD','060','Bermudian Dollar','$','BD$','Cent',100,1,'$','.',',',1,100,0,'2020-10-01 19:25:56','2020-10-01 19:25:56'),(18,'BND','096','Brunei Dollar','$','BND','Sen',100,1,'$','.',',',1,100,0,'2020-10-01 19:25:56','2020-10-01 19:25:56'),(19,'BOB','068','Bolivian Boliviano','Bs.',NULL,'Centavo',100,1,'','.',',',10,100,0,'2020-10-01 19:25:56','2020-10-01 19:25:56'),(20,'BRL','986','Brazilian Real','R$',NULL,'Centavo',100,1,'R$',',','.',5,100,0,'2020-10-01 19:25:56','2020-10-01 19:25:56'),(21,'BSD','044','Bahamian Dollar','$','BSD','Cent',100,1,'$','.',',',1,100,0,'2020-10-01 19:25:56','2020-10-01 19:25:56'),(22,'BTN','064','Bhutanese Ngultrum','Nu.',NULL,'Chertrum',100,0,'','.',',',5,100,0,'2020-10-01 19:25:56','2020-10-01 19:25:56'),(23,'BWP','072','Botswana Pula','P',NULL,'Thebe',100,1,'','.',',',5,100,0,'2020-10-01 19:25:56','2020-10-01 19:25:56'),(24,'BYN','933','Belarusian Ruble','Br','BYN','Kapeyka',100,0,'',',',' ',1,100,0,'2020-10-01 19:25:56','2020-10-01 19:25:56'),(25,'BYR','974','Belarusian Ruble','Br','BYR',NULL,1,0,'',',',' ',100,50,0,'2020-10-01 19:25:56','2020-10-01 19:25:56'),(26,'BZD','084','Belize Dollar','$','BZ$','Cent',100,1,'$','.',',',1,100,0,'2020-10-01 19:25:56','2020-10-01 19:25:56'),(27,'CAD','124','Canadian Dollar','$','C$','Cent',100,1,'$','.',',',5,5,0,'2020-10-01 19:25:56','2020-10-01 19:25:56'),(28,'CDF','976','Congolese Franc','Fr','FC','Centime',100,0,'','.',',',1,100,0,'2020-10-01 19:25:56','2020-10-01 19:25:56'),(29,'CHF','756','Swiss Franc','CHF',NULL,'Rappen',100,1,'','.',',',5,100,0,'2020-10-01 19:25:56','2020-10-01 19:25:56'),(30,'CLF','990','Unidad de Fomento','UF',NULL,'Peso',10000,1,'&#x20B1;',',','.',1,100,0,'2020-10-01 19:25:56','2020-10-01 19:25:56'),(31,'CLP','152','Chilean Peso','$','CLP','Peso',1,1,'&#36;',',','.',1,100,0,'2020-10-01 19:25:56','2020-10-01 19:25:56'),(32,'CNY','156','Chinese Renminbi Yuan','',NULL,'Fen',100,1,'','.',',',1,100,0,'2020-10-01 19:25:56','2020-10-01 19:25:56'),(33,'COP','170','Colombian Peso','$','COL$','Centavo',100,1,'&#36;',',','.',20,100,0,'2020-10-01 19:25:56','2020-10-01 19:25:56'),(34,'CRC','188','Costa Rican Coln','',NULL,'Cntimo',100,1,'&#x20A1;',',','.',500,100,0,'2020-10-01 19:25:56','2020-10-01 19:25:56'),(35,'CUC','931','Cuban Convertible Peso','$','CUC$','Centavo',100,0,'','.',',',1,100,0,'2020-10-01 19:25:56','2020-10-01 19:25:56'),(36,'CUP','192','Cuban Peso','$','$MN','Centavo',100,1,'&#x20B1;','.',',',1,100,0,'2020-10-01 19:25:56','2020-10-01 19:25:56'),(37,'CVE','132','Cape Verdean Escudo','$','Esc','Centavo',100,0,'','.',',',100,100,0,'2020-10-01 19:25:56','2020-10-01 19:25:56'),(38,'CZK','203','Czech Koruna','K',NULL,'Hal',100,0,'',',',' ',100,100,0,'2020-10-01 19:25:56','2020-10-01 19:25:56'),(39,'DJF','262','Djiboutian Franc','Fdj',NULL,'Centime',1,0,'','.',',',100,100,0,'2020-10-01 19:25:56','2020-10-01 19:25:56'),(40,'DKK','208','Danish Krone','kr.','DKK','re',100,0,'',',','.',50,100,0,'2020-10-01 19:25:56','2020-10-01 19:25:56'),(41,'DOP','214','Dominican Peso','$','RD$','Centavo',100,1,'&#x20B1;','.',',',100,100,0,'2020-10-01 19:25:56','2020-10-01 19:25:56'),(42,'DZD','012','Algerian Dinar','.',NULL,'Centime',100,0,'','.',',',100,100,0,'2020-10-01 19:25:56','2020-10-01 19:25:56'),(43,'EGP','818','Egyptian Pound','.',NULL,'Piastre',100,1,'&#x00A3;','.',',',25,100,0,'2020-10-01 19:25:56','2020-10-01 19:25:56'),(44,'ERN','232','Eritrean Nakfa','Nfk',NULL,'Cent',100,0,'','.',',',1,100,0,'2020-10-01 19:25:56','2020-10-01 19:25:56'),(45,'ETB','230','Ethiopian Birr','Br','ETB','Santim',100,0,'','.',',',1,100,0,'2020-10-01 19:25:56','2020-10-01 19:25:56'),(46,'EUR','978','Euro','',NULL,'Cent',100,1,'&#x20AC;',',','.',1,2,1,'2020-10-01 19:25:56','2020-10-01 19:25:56'),(47,'FJD','242','Fijian Dollar','$','FJ$','Cent',100,0,'$','.',',',5,100,0,'2020-10-01 19:25:56','2020-10-01 19:25:56'),(48,'FKP','238','Falkland Pound','','FK','Penny',100,0,'&#x00A3;','.',',',1,100,0,'2020-10-01 19:25:56','2020-10-01 19:25:56'),(49,'GBP','826','British Pound','',NULL,'Penny',100,1,'&#x00A3;','.',',',1,3,0,'2020-10-01 19:25:56','2020-10-01 19:25:56'),(50,'GEL','981','Georgian Lari','',NULL,'Tetri',100,0,'','.',',',1,100,0,'2020-10-01 19:25:56','2020-10-01 19:25:56'),(51,'GHS','936','Ghanaian Cedi','',NULL,'Pesewa',100,1,'&#x20B5;','.',',',1,100,0,'2020-10-01 19:25:56','2020-10-01 19:25:56'),(52,'GIP','292','Gibraltar Pound','','GIP','Penny',100,1,'&#x00A3;','.',',',1,100,0,'2020-10-01 19:25:56','2020-10-01 19:25:56'),(53,'GMD','270','Gambian Dalasi','D',NULL,'Butut',100,0,'','.',',',1,100,0,'2020-10-01 19:25:56','2020-10-01 19:25:56'),(54,'GNF','324','Guinean Franc','Fr','FG','Centime',1,0,'','.',',',100,100,0,'2020-10-01 19:25:56','2020-10-01 19:25:56'),(55,'GTQ','320','Guatemalan Quetzal','Q',NULL,'Centavo',100,1,'','.',',',1,100,0,'2020-10-01 19:25:56','2020-10-01 19:25:56'),(56,'GYD','328','Guyanese Dollar','$','G$','Cent',100,0,'$','.',',',100,100,0,'2020-10-01 19:25:56','2020-10-01 19:25:56'),(57,'HKD','344','Hong Kong Dollar','$','HK$','Cent',100,1,'$','.',',',10,100,0,'2020-10-01 19:25:56','2020-10-01 19:25:56'),(58,'HNL','340','Honduran Lempira','L','HNL','Centavo',100,1,'','.',',',5,100,0,'2020-10-01 19:25:56','2020-10-01 19:25:56'),(59,'HRK','191','Croatian Kuna','kn',NULL,'Lipa',100,0,'',',','.',1,100,0,'2020-10-01 19:25:56','2020-10-01 19:25:56'),(60,'HTG','332','Haitian Gourde','G',NULL,'Centime',100,0,'','.',',',5,100,0,'2020-10-01 19:25:56','2020-10-01 19:25:56'),(61,'HUF','348','Hungarian Forint','Ft',NULL,'Fillr',1,0,'',',','.',5,100,0,'2020-10-01 19:25:56','2020-10-01 19:25:56'),(62,'IDR','360','Indonesian Rupiah','Rp',NULL,'Sen',100,1,'',',','.',5000,100,0,'2020-10-01 19:25:56','2020-10-01 19:25:56'),(63,'ILS','376','Israeli New Sheqel','',NULL,'Agora',100,1,'&#x20AA;','.',',',10,100,0,'2020-10-01 19:25:56','2020-10-01 19:25:56'),(64,'INR','356','Indian Rupee','',NULL,'Paisa',100,1,'&#x20b9;','.',',',50,59,1,'2020-10-01 19:25:56','2020-10-01 19:25:56'),(65,'IQD','368','Iraqi Dinar','.',NULL,'Fils',1000,0,'','.',',',50000,100,0,'2020-10-01 19:25:56','2020-10-01 19:25:56'),(66,'IRR','364','Iranian Rial','',NULL,NULL,100,1,'&#xFDFC;','.',',',5000,100,0,'2020-10-01 19:25:56','2020-10-01 19:25:56'),(67,'ISK','352','Icelandic Krna','kr',NULL,NULL,1,1,'',',','.',1,100,0,'2020-10-01 19:25:56','2020-10-01 19:25:56'),(68,'JMD','388','Jamaican Dollar','$','J$','Cent',100,1,'$','.',',',1,100,0,'2020-10-01 19:25:56','2020-10-01 19:25:56'),(69,'JOD','400','Jordanian Dinar','.',NULL,'Fils',1000,1,'','.',',',5,100,0,'2020-10-01 19:25:56','2020-10-01 19:25:56'),(70,'JPY','392','Japanese Yen','',NULL,NULL,1,1,'&#x00A5;','.',',',1,6,1,'2020-10-01 19:25:56','2020-10-01 19:25:56'),(71,'KES','404','Kenyan Shilling','KSh',NULL,'Cent',100,1,'','.',',',50,100,0,'2020-10-01 19:25:56','2020-10-01 19:25:56'),(72,'KGS','417','Kyrgyzstani Som','som',NULL,'Tyiyn',100,0,'','.',',',1,100,0,'2020-10-01 19:25:56','2020-10-01 19:25:56'),(73,'KHR','116','Cambodian Riel','',NULL,'Sen',100,0,'&#x17DB;','.',',',5000,100,0,'2020-10-01 19:25:56','2020-10-01 19:25:56'),(74,'KMF','174','Comorian Franc','Fr','CF','Centime',1,0,'','.',',',100,100,0,'2020-10-01 19:25:56','2020-10-01 19:25:56'),(75,'KPW','408','North Korean Won','',NULL,'Chn',100,0,'&#x20A9;','.',',',1,100,0,'2020-10-01 19:25:56','2020-10-01 19:25:56'),(76,'KRW','410','South Korean Won','',NULL,NULL,1,1,'&#x20A9;','.',',',1,100,0,'2020-10-01 19:25:56','2020-10-01 19:25:56'),(77,'KWD','414','Kuwaiti Dinar','.',NULL,'Fils',1000,1,'','.',',',5,100,0,'2020-10-01 19:25:56','2020-10-01 19:25:56'),(78,'KYD','136','Cayman Islands Dollar','$','CI$','Cent',100,1,'$','.',',',1,100,0,'2020-10-01 19:25:56','2020-10-01 19:25:56'),(79,'KZT','398','Kazakhstani Tenge','',NULL,'Tiyn',100,0,'','.',',',100,100,0,'2020-10-01 19:25:56','2020-10-01 19:25:56'),(80,'LAK','418','Lao Kip','',NULL,'Att',100,0,'&#x20AD;','.',',',10,100,0,'2020-10-01 19:25:56','2020-10-01 19:25:56'),(81,'LBP','422','Lebanese Pound','.',NULL,'Piastre',100,1,'&#x00A3;','.',',',25000,100,0,'2020-10-01 19:25:56','2020-10-01 19:25:56'),(82,'LKR','144','Sri Lankan Rupee','','SLRs','Cent',100,0,'&#x0BF9;','.',',',100,100,0,'2020-10-01 19:25:56','2020-10-01 19:25:56'),(83,'LRD','430','Liberian Dollar','$','L$','Cent',100,0,'$','.',',',5,100,0,'2020-10-01 19:25:56','2020-10-01 19:25:56'),(84,'LSL','426','Lesotho Loti','L','M','Sente',100,0,'','.',',',1,100,0,'2020-10-01 19:25:56','2020-10-01 19:25:56'),(85,'LTL','440','Lithuanian Litas','Lt',NULL,'Centas',100,0,'','.',',',1,100,0,'2020-10-01 19:25:56','2020-10-01 19:25:56'),(86,'LVL','428','Latvian Lats','Ls',NULL,'Santms',100,1,'','.',',',1,100,0,'2020-10-01 19:25:56','2020-10-01 19:25:56'),(87,'LYD','434','Libyan Dinar','.',NULL,'Dirham',1000,0,'','.',',',50,100,0,'2020-10-01 19:25:56','2020-10-01 19:25:56'),(88,'MAD','504','Moroccan Dirham','..',NULL,'Centime',100,0,'','.',',',1,100,0,'2020-10-01 19:25:56','2020-10-01 19:25:56'),(89,'MDL','498','Moldovan Leu','L',NULL,'Ban',100,0,'','.',',',1,100,0,'2020-10-01 19:25:56','2020-10-01 19:25:56'),(90,'MGA','969','Malagasy Ariary','Ar',NULL,'Iraimbilanja',5,1,'','.',',',1,100,0,'2020-10-01 19:25:56','2020-10-01 19:25:56'),(91,'MKD','807','Macedonian Denar','',NULL,'Deni',100,0,'','.',',',100,100,0,'2020-10-01 19:25:56','2020-10-01 19:25:56'),(92,'MMK','104','Myanmar Kyat','K','MMK','Pya',100,0,'','.',',',50,100,0,'2020-10-01 19:25:56','2020-10-01 19:25:56'),(93,'MNT','496','Mongolian Tgrg','',NULL,'Mng',100,0,'&#x20AE;','.',',',2000,100,0,'2020-10-01 19:25:56','2020-10-01 19:25:56'),(94,'MOP','446','Macanese Pataca','P',NULL,'Avo',100,0,'','.',',',10,100,0,'2020-10-01 19:25:56','2020-10-01 19:25:56'),(95,'MRO','478','Mauritanian Ouguiya','UM',NULL,'Khoums',5,0,'','.',',',1,100,0,'2020-10-01 19:25:56','2020-10-01 19:25:56'),(96,'MUR','480','Mauritian Rupee','',NULL,'Cent',100,1,'&#x20A8;','.',',',100,100,0,'2020-10-01 19:25:56','2020-10-01 19:25:56'),(97,'MVR','462','Maldivian Rufiyaa','MVR',NULL,'Laari',100,0,'','.',',',1,100,0,'2020-10-01 19:25:56','2020-10-01 19:25:56'),(98,'MWK','454','Malawian Kwacha','MK',NULL,'Tambala',100,0,'','.',',',1,100,0,'2020-10-01 19:25:56','2020-10-01 19:25:56'),(99,'MXN','484','Mexican Peso','$','MEX$','Centavo',100,1,'$','.',',',5,100,0,'2020-10-01 19:25:56','2020-10-01 19:25:56'),(100,'MYR','458','Malaysian Ringgit','RM',NULL,'Sen',100,1,'','.',',',5,100,0,'2020-10-01 19:25:56','2020-10-01 19:25:56'),(101,'MZN','943','Mozambican Metical','MTn',NULL,'Centavo',100,1,'',',','.',1,100,0,'2020-10-01 19:25:56','2020-10-01 19:25:56'),(102,'NAD','516','Namibian Dollar','$','N$','Cent',100,0,'$','.',',',5,100,0,'2020-10-01 19:25:56','2020-10-01 19:25:56'),(103,'NGN','566','Nigerian Naira','',NULL,'Kobo',100,1,'&#x20A6;','.',',',50,100,0,'2020-10-01 19:25:56','2020-10-01 19:25:56'),(104,'NIO','558','Nicaraguan Crdoba','C$',NULL,'Centavo',100,0,'','.',',',5,100,0,'2020-10-01 19:25:56','2020-10-01 19:25:56'),(105,'NOK','578','Norwegian Krone','kr','NOK','re',100,0,'kr',',','.',100,100,0,'2020-10-01 19:25:56','2020-10-01 19:25:56'),(106,'NPR','524','Nepalese Rupee','','NPR','Paisa',100,1,'&#x20A8;','.',',',1,100,0,'2020-10-01 19:25:56','2020-10-01 19:25:56'),(107,'NZD','554','New Zealand Dollar','$','NZ$','Cent',100,1,'$','.',',',10,100,0,'2020-10-01 19:25:56','2020-10-01 19:25:56'),(108,'OMR','512','Omani Rial','..',NULL,'Baisa',1000,1,'&#xFDFC;','.',',',5,100,0,'2020-10-01 19:25:56','2020-10-01 19:25:56'),(109,'PAB','590','Panamanian Balboa','B/.',NULL,'Centsimo',100,0,'','.',',',1,100,0,'2020-10-01 19:25:56','2020-10-01 19:25:56'),(110,'PEN','604','Peruvian Nuevo Sol','S/.',NULL,'Cntimo',100,1,'S/.','.',',',1,100,0,'2020-10-01 19:25:56','2020-10-01 19:25:56'),(111,'PGK','598','Papua New Guinean Kina','K','PGK','Toea',100,0,'','.',',',5,100,0,'2020-10-01 19:25:56','2020-10-01 19:25:56'),(112,'PHP','608','Philippine Peso','',NULL,'Centavo',100,1,'&#x20B1;','.',',',1,100,0,'2020-10-01 19:25:56','2020-10-01 19:25:56'),(113,'PKR','586','Pakistani Rupee','','PKR','Paisa',100,1,'&#x20A8;','.',',',100,100,0,'2020-10-01 19:25:56','2020-10-01 19:25:56'),(114,'PLN','985','Polish Zoty','z',NULL,'Grosz',100,0,'z&#322;',',',' ',1,100,0,'2020-10-01 19:25:56','2020-10-01 19:25:56'),(115,'PYG','600','Paraguayan Guaran','',NULL,'Cntimo',1,1,'&#x20B2;','.',',',5000,100,0,'2020-10-01 19:25:56','2020-10-01 19:25:56'),(116,'QAR','634','Qatari Riyal','.',NULL,'Dirham',100,0,'&#xFDFC;','.',',',1,100,0,'2020-10-01 19:25:56','2020-10-01 19:25:56'),(117,'RON','946','Romanian Leu','Lei',NULL,'Bani',100,0,'',',','.',1,100,0,'2020-10-01 19:25:56','2020-10-01 19:25:56'),(118,'RSD','941','Serbian Dinar','',NULL,'Para',100,1,'','.',',',100,100,0,'2020-10-01 19:25:56','2020-10-01 19:25:56'),(119,'RUB','643','Russian Ruble','',NULL,'Kopeck',100,0,'&#x20BD;',',','.',1,100,0,'2020-10-01 19:25:56','2020-10-01 19:25:56'),(120,'RWF','646','Rwandan Franc','FRw',NULL,'Centime',1,0,'','.',',',100,100,0,'2020-10-01 19:25:56','2020-10-01 19:25:56'),(121,'SAR','682','Saudi Riyal','.',NULL,'Hallallah',100,1,'&#xFDFC;','.',',',5,100,0,'2020-10-01 19:25:56','2020-10-01 19:25:56'),(122,'SBD','090','Solomon Islands Dollar','$','SI$','Cent',100,0,'$','.',',',10,100,0,'2020-10-01 19:25:56','2020-10-01 19:25:56'),(123,'SCR','690','Seychellois Rupee','','SRe','Cent',100,0,'&#x20A8;','.',',',1,100,0,'2020-10-01 19:25:56','2020-10-01 19:25:56'),(124,'SDG','938','Sudanese Pound','','SDG','Piastre',100,1,'','.',',',1,100,0,'2020-10-01 19:25:56','2020-10-01 19:25:56'),(125,'SEK','752','Swedish Krona','kr','SEK','re',100,0,'',',',' ',100,100,0,'2020-10-01 19:25:56','2020-10-01 19:25:56'),(126,'SGD','702','Singapore Dollar','$','S$','Cent',100,1,'$','.',',',1,100,0,'2020-10-01 19:25:56','2020-10-01 19:25:56'),(127,'SHP','654','Saint Helenian Pound','','SHP','Penny',100,0,'&#x00A3;','.',',',1,100,0,'2020-10-01 19:25:56','2020-10-01 19:25:56'),(128,'SKK','703','Slovak Koruna','Sk',NULL,'Halier',100,1,'','.',',',50,100,0,'2020-10-01 19:25:56','2020-10-01 19:25:56'),(129,'SLL','694','Sierra Leonean Leone','Le',NULL,'Cent',100,0,'','.',',',1000,100,0,'2020-10-01 19:25:56','2020-10-01 19:25:56'),(130,'SOS','706','Somali Shilling','Sh',NULL,'Cent',100,0,'','.',',',1,100,0,'2020-10-01 19:25:56','2020-10-01 19:25:56'),(131,'SRD','968','Surinamese Dollar','$','SRD','Cent',100,0,'','.',',',1,100,0,'2020-10-01 19:25:56','2020-10-01 19:25:56'),(132,'SSP','728','South Sudanese Pound','','SSP','piaster',100,0,'&#x00A3;','.',',',5,100,0,'2020-10-01 19:25:56','2020-10-01 19:25:56'),(133,'STD','678','So Tom and Prncipe Dobra','Db',NULL,'Cntimo',100,0,'','.',',',10000,100,0,'2020-10-01 19:25:56','2020-10-01 19:25:56'),(134,'SVC','222','Salvadoran Coln','',NULL,'Centavo',100,1,'&#x20A1;','.',',',1,100,0,'2020-10-01 19:25:56','2020-10-01 19:25:56'),(135,'SYP','760','Syrian Pound','S',NULL,'Piastre',100,0,'&#x00A3;','.',',',100,100,0,'2020-10-01 19:25:56','2020-10-01 19:25:56'),(136,'SZL','748','Swazi Lilangeni','E','SZL','Cent',100,1,'','.',',',1,100,0,'2020-10-01 19:25:56','2020-10-01 19:25:56'),(137,'THB','764','Thai Baht','',NULL,'Satang',100,1,'&#x0E3F;','.',',',1,100,0,'2020-10-01 19:25:56','2020-10-01 19:25:56'),(138,'TJS','972','Tajikistani Somoni','',NULL,'Diram',100,0,'','.',',',1,100,0,'2020-10-01 19:25:56','2020-10-01 19:25:56'),(139,'TMT','934','Turkmenistani Manat','T',NULL,'Tenge',100,0,'','.',',',1,100,0,'2020-10-01 19:25:56','2020-10-01 19:25:56'),(140,'TND','788','Tunisian Dinar','.',NULL,'Millime',1000,0,'','.',',',10,100,0,'2020-10-01 19:25:56','2020-10-01 19:25:56'),(141,'TOP','776','Tongan Paanga','T$',NULL,'Seniti',100,1,'','.',',',1,100,0,'2020-10-01 19:25:56','2020-10-01 19:25:56'),(142,'TRY','949','Turkish Lira','',NULL,'kuru',100,1,'&#8378;',',','.',1,100,0,'2020-10-01 19:25:56','2020-10-01 19:25:56'),(143,'TTD','780','Trinidad and Tobago Dollar','$','TT$','Cent',100,0,'$','.',',',1,100,0,'2020-10-01 19:25:56','2020-10-01 19:25:56'),(144,'TWD','901','New Taiwan Dollar','$','NT$','Cent',100,1,'$','.',',',50,100,0,'2020-10-01 19:25:56','2020-10-01 19:25:56'),(145,'TZS','834','Tanzanian Shilling','Sh',NULL,'Cent',100,1,'','.',',',5000,100,0,'2020-10-01 19:25:56','2020-10-01 19:25:56'),(146,'UAH','980','Ukrainian Hryvnia','',NULL,'Kopiyka',100,0,'&#x20B4;','.',',',1,100,0,'2020-10-01 19:25:56','2020-10-01 19:25:56'),(147,'UGX','800','Ugandan Shilling','USh',NULL,'Cent',1,0,'','.',',',1000,100,0,'2020-10-01 19:25:56','2020-10-01 19:25:56'),(148,'USD','840','United States Dollar','$','US$','Cent',100,1,'$','.',',',1,1,1,'2020-10-01 19:25:56','2020-10-01 19:25:56'),(149,'UYU','858','Uruguayan Peso','$',NULL,'Centsimo',100,1,'&#x20B1;',',','.',100,100,0,'2020-10-01 19:25:56','2020-10-01 19:25:56'),(150,'UZS','860','Uzbekistan Som','',NULL,'Tiyin',100,0,'','.',',',100,100,0,'2020-10-01 19:25:56','2020-10-01 19:25:56'),(151,'VEF','937','Venezuelan Bolvar','Bs',NULL,'Cntimo',100,1,'',',','.',1,100,0,'2020-10-01 19:25:56','2020-10-01 19:25:56'),(152,'VND','704','Vietnamese ng','',NULL,'Ho',1,1,'&#x20AB;',',','.',100,100,0,'2020-10-01 19:25:56','2020-10-01 19:25:56'),(153,'VUV','548','Vanuatu Vatu','Vt',NULL,NULL,1,1,'','.',',',1,100,0,'2020-10-01 19:25:56','2020-10-01 19:25:56'),(154,'WST','882','Samoan Tala','T','WS$','Sene',100,0,'','.',',',10,100,0,'2020-10-01 19:25:56','2020-10-01 19:25:56'),(155,'XAF','950','Central African Cfa Franc','Fr','FCFA','Centime',1,0,'','.',',',100,100,0,'2020-10-01 19:25:56','2020-10-01 19:25:56'),(156,'XAG','961','Silver (Troy Ounce)','oz t','XAG','oz',1,0,'','.',',',1,100,0,'2020-10-01 19:25:56','2020-10-01 19:25:56'),(157,'XAU','959','Gold (Troy Ounce)','oz t','XAU','oz',1,0,'','.',',',1,100,0,'2020-10-01 19:25:56','2020-10-01 19:25:56'),(158,'XBA','955','European Composite Unit','','XBA','',1,0,'','.',',',1,100,0,'2020-10-01 19:25:56','2020-10-01 19:25:56'),(159,'XBB','956','European Monetary Unit','','XBB','',1,0,'','.',',',1,100,0,'2020-10-01 19:25:56','2020-10-01 19:25:56'),(160,'XBC','957','European Unit of Account 9','','XBC','',1,0,'','.',',',1,100,0,'2020-10-01 19:25:56','2020-10-01 19:25:56'),(161,'XBD','958','European Unit of Account 17','','XBD','',1,0,'','.',',',1,100,0,'2020-10-01 19:25:56','2020-10-01 19:25:56'),(162,'XCD','951','East Caribbean Dollar','$','EX$','Cent',100,1,'$','.',',',1,100,0,'2020-10-01 19:25:56','2020-10-01 19:25:56'),(163,'XDR','960','Special Drawing Rights','SDR',NULL,'',1,0,'$','.',',',1,100,0,'2020-10-01 19:25:56','2020-10-01 19:25:56'),(164,'XOF','952','West African Cfa Franc','Fr','CFA','Centime',1,0,'','.',',',100,100,0,'2020-10-01 19:25:56','2020-10-01 19:25:56'),(165,'XPD','964','Palladium','oz t','XPD','oz',1,0,'','.',',',1,100,0,'2020-10-01 19:25:56','2020-10-01 19:25:56'),(166,'XPF','953','Cfp Franc','Fr',NULL,'Centime',1,0,'','.',',',100,100,0,'2020-10-01 19:25:56','2020-10-01 19:25:56'),(167,'XPT','962','Platinum','oz t',NULL,'',1,0,'','.',',',1,100,0,'2020-10-01 19:25:56','2020-10-01 19:25:56'),(168,'xts','963','Codes specifically reserved for testing purposes','',NULL,'',1,0,'','.',',',1,100,0,'2020-10-01 19:25:56','2020-10-01 19:25:56'),(169,'YER','886','Yemeni Rial','',NULL,'Fils',100,0,'&#xFDFC;','.',',',100,100,0,'2020-10-01 19:25:56','2020-10-01 19:25:56'),(170,'ZAR','710','South African Rand','R',NULL,'Cent',100,1,'&#x0052;','.',',',10,100,0,'2020-10-01 19:25:56','2020-10-01 19:25:56'),(171,'ZMK','894','Zambian Kwacha','ZK','ZMK','Ngwee',100,0,'','.',',',5,100,0,'2020-10-01 19:25:56','2020-10-01 19:25:56'),(172,'ZMW','967','Zambian Kwacha','ZK','ZMW','Ngwee',100,0,'','.',',',5,100,0,'2020-10-01 19:25:56','2020-10-01 19:25:56'),(173,'BTC','','Bitcoin','B',NULL,'Satoshi',100000000,1,'','.',',',1,100,0,'2020-10-01 19:25:56','2020-10-01 19:25:56'),(174,'JEP','','Jersey Pound','','JEP','Penny',100,1,'&#x00A3;','.',',',1,100,0,'2020-10-01 19:25:56','2020-10-01 19:25:56'),(175,'GGP','','Guernsey Pound','','GGP','Penny',100,1,'&#x00A3;','.',',',1,100,0,'2020-10-01 19:25:56','2020-10-01 19:25:56'),(176,'IMP','','Isle of Man Pound','','IMP','Penny',100,1,'&#x00A3;','.',',',1,100,0,'2020-10-01 19:25:56','2020-10-01 19:25:56'),(177,'XFU','','UIC Franc','','XFU','',100,1,'','.',',',1,100,0,'2020-10-01 19:25:56','2020-10-01 19:25:56');
/*!40000 ALTER TABLE `currencies` ENABLE KEYS */;
UNLOCK TABLES;

--
-- Table structure for table `customers`
--

DROP TABLE IF EXISTS `customers`;
/*!40101 SET @saved_cs_client     = @@character_set_client */;
/*!40101 SET character_set_client = utf8 */;
CREATE TABLE `customers` (
  `id` bigint(20) unsigned NOT NULL AUTO_INCREMENT,
  `name` varchar(255) COLLATE utf8_unicode_ci NOT NULL,
  `nice_name` varchar(255) COLLATE utf8_unicode_ci DEFAULT NULL,
  `email` varchar(255) COLLATE utf8_unicode_ci NOT NULL,
  `password` varchar(60) COLLATE utf8_unicode_ci DEFAULT NULL,
  `dob` date DEFAULT NULL,
  `sex` varchar(255) COLLATE utf8_unicode_ci DEFAULT NULL,
  `description` longtext COLLATE utf8_unicode_ci DEFAULT NULL,
  `last_visited_at` timestamp NULL DEFAULT NULL,
  `last_visited_from` varchar(45) COLLATE utf8_unicode_ci DEFAULT NULL,
  `stripe_id` varchar(255) COLLATE utf8_unicode_ci DEFAULT NULL,
  `card_holder_name` text COLLATE utf8_unicode_ci DEFAULT NULL,
  `card_brand` varchar(255) COLLATE utf8_unicode_ci DEFAULT NULL,
  `card_last_four` varchar(255) COLLATE utf8_unicode_ci DEFAULT NULL,
  `active` tinyint(1) DEFAULT 1,
  `accepts_marketing` tinyint(1) DEFAULT 1,
  `verification_token` varchar(100) COLLATE utf8_unicode_ci DEFAULT NULL,
  `api_token` varchar(80) COLLATE utf8_unicode_ci DEFAULT NULL,
  `remember_token` varchar(100) COLLATE utf8_unicode_ci DEFAULT NULL,
  `deleted_at` timestamp NULL DEFAULT NULL,
  `created_at` timestamp NULL DEFAULT NULL,
  `updated_at` timestamp NULL DEFAULT NULL,
  PRIMARY KEY (`id`),
  UNIQUE KEY `customers_email_unique` (`email`),
  UNIQUE KEY `customers_api_token_unique` (`api_token`)
) ENGINE=InnoDB AUTO_INCREMENT=2 DEFAULT CHARSET=utf8 COLLATE=utf8_unicode_ci;
/*!40101 SET character_set_client = @saved_cs_client */;

--
-- Dumping data for table `customers`
--

LOCK TABLES `customers` WRITE;
/*!40000 ALTER TABLE `customers` DISABLE KEYS */;
INSERT INTO `customers` VALUES (1,'First Customer','Customer','customer@alakba.com','$2y$10$Z8l9Pt2RLjU3awfcShqiWujrhA3ryHB5U5K58AP064WXv28FQPiVC','1970-03-11','app.male','Repellat eius qui enim qui et. Nesciunt omnis aut earum voluptatem repellendus officiis rerum. Reiciendis id nemo iusto et eum sed earum. Consequuntur et tenetur doloribus rerum aliquam tempore. Ducimus qui sapiente doloribus qui omnis harum quo. Voluptatem cupiditate aut at sed eius. Id deserunt occaecati molestiae modi expedita. Excepturi unde esse autem quas. Sint perspiciatis error est fugiat fugit sed. Sit culpa libero autem id est.',NULL,NULL,NULL,NULL,NULL,NULL,1,1,'SfEF5VnNVd',NULL,'zTZiAm0e7B',NULL,'2020-09-19 19:26:29','2020-10-01 23:34:19');
/*!40000 ALTER TABLE `customers` ENABLE KEYS */;
UNLOCK TABLES;

--
-- Table structure for table `dashboard_configs`
--

DROP TABLE IF EXISTS `dashboard_configs`;
/*!40101 SET @saved_cs_client     = @@character_set_client */;
/*!40101 SET character_set_client = utf8 */;
CREATE TABLE `dashboard_configs` (
  `user_id` bigint(20) NOT NULL,
  `upgrade_plan_notice` tinyint(1) DEFAULT 1,
  `created_at` timestamp NULL DEFAULT NULL,
  `updated_at` timestamp NULL DEFAULT NULL,
  PRIMARY KEY (`user_id`)
) ENGINE=InnoDB DEFAULT CHARSET=utf8 COLLATE=utf8_unicode_ci;
/*!40101 SET character_set_client = @saved_cs_client */;

--
-- Dumping data for table `dashboard_configs`
--

LOCK TABLES `dashboard_configs` WRITE;
/*!40000 ALTER TABLE `dashboard_configs` DISABLE KEYS */;
INSERT INTO `dashboard_configs` VALUES (1,1,'2020-10-01 19:25:58','2020-10-01 19:25:58'),(2,1,'2020-10-01 19:26:28','2020-10-01 19:26:28'),(3,1,'2020-10-01 19:26:29','2020-10-01 19:26:29'),(4,1,'2020-10-01 19:26:29','2020-10-01 19:26:29');
/*!40000 ALTER TABLE `dashboard_configs` ENABLE KEYS */;
UNLOCK TABLES;

--
-- Table structure for table `dispute_types`
--

DROP TABLE IF EXISTS `dispute_types`;
/*!40101 SET @saved_cs_client     = @@character_set_client */;
/*!40101 SET character_set_client = utf8 */;
CREATE TABLE `dispute_types` (
  `id` int(10) unsigned NOT NULL AUTO_INCREMENT,
  `detail` varchar(255) COLLATE utf8_unicode_ci NOT NULL,
  PRIMARY KEY (`id`),
  UNIQUE KEY `dispute_types_detail_unique` (`detail`)
) ENGINE=InnoDB AUTO_INCREMENT=11 DEFAULT CHARSET=utf8 COLLATE=utf8_unicode_ci;
/*!40101 SET character_set_client = @saved_cs_client */;

--
-- Dumping data for table `dispute_types`
--

LOCK TABLES `dispute_types` WRITE;
/*!40000 ALTER TABLE `dispute_types` DISABLE KEYS */;
INSERT INTO `dispute_types` VALUES (2,'Counterfeit goods'),(9,'Customs problem'),(4,'Damaged goods'),(1,'Did not receive goods'),(7,'Problems with the accessories'),(6,'Product not as described'),(5,'Quality not good'),(3,'Quantity shortage'),(10,'Shipping address not correct'),(8,'Shipping method');
/*!40000 ALTER TABLE `dispute_types` ENABLE KEYS */;
UNLOCK TABLES;

--
-- Table structure for table `disputes`
--

DROP TABLE IF EXISTS `disputes`;
/*!40101 SET @saved_cs_client     = @@character_set_client */;
/*!40101 SET character_set_client = utf8 */;
CREATE TABLE `disputes` (
  `id` bigint(20) unsigned NOT NULL AUTO_INCREMENT,
  `shop_id` int(10) unsigned DEFAULT NULL,
  `dispute_type_id` int(10) unsigned DEFAULT NULL,
  `customer_id` bigint(20) unsigned NOT NULL,
  `order_id` bigint(20) unsigned NOT NULL,
  `product_id` bigint(20) unsigned DEFAULT NULL,
  `description` longtext COLLATE utf8_unicode_ci DEFAULT NULL,
  `order_received` tinyint(1) NOT NULL DEFAULT 1,
  `return_goods` tinyint(1) DEFAULT NULL,
  `refund_amount` decimal(20,6) DEFAULT NULL,
  `status` int(10) unsigned NOT NULL DEFAULT 1,
  `created_at` timestamp NULL DEFAULT NULL,
  `updated_at` timestamp NULL DEFAULT NULL,
  PRIMARY KEY (`id`),
  KEY `disputes_order_id_foreign` (`order_id`),
  KEY `disputes_customer_id_foreign` (`customer_id`),
  KEY `disputes_dispute_type_id_foreign` (`dispute_type_id`),
  CONSTRAINT `disputes_customer_id_foreign` FOREIGN KEY (`customer_id`) REFERENCES `customers` (`id`) ON DELETE CASCADE,
  CONSTRAINT `disputes_dispute_type_id_foreign` FOREIGN KEY (`dispute_type_id`) REFERENCES `dispute_types` (`id`) ON DELETE SET NULL,
  CONSTRAINT `disputes_order_id_foreign` FOREIGN KEY (`order_id`) REFERENCES `orders` (`id`) ON DELETE CASCADE
) ENGINE=InnoDB AUTO_INCREMENT=3 DEFAULT CHARSET=utf8 COLLATE=utf8_unicode_ci;
/*!40101 SET character_set_client = @saved_cs_client */;

--
-- Dumping data for table `disputes`
--

LOCK TABLES `disputes` WRITE;
/*!40000 ALTER TABLE `disputes` DISABLE KEYS */;
INSERT INTO `disputes` VALUES (1,2,4,1,1,NULL,'Optio sed hic molestiae qui. Suscipit provident sit perspiciatis consequatur quasi.',0,0,NULL,1,'2020-10-01 19:26:32','2020-10-01 19:26:32'),(2,1,2,1,3,NULL,'Expedita quas iste qui cupiditate. Inventore vitae vitae in.',1,0,NULL,1,'2020-06-01 19:26:32','2020-07-01 19:26:32');
/*!40000 ALTER TABLE `disputes` ENABLE KEYS */;
UNLOCK TABLES;

--
-- Table structure for table `email_templates`
--

DROP TABLE IF EXISTS `email_templates`;
/*!40101 SET @saved_cs_client     = @@character_set_client */;
/*!40101 SET character_set_client = utf8 */;
CREATE TABLE `email_templates` (
  `id` int(10) unsigned NOT NULL AUTO_INCREMENT,
  `shop_id` int(10) unsigned DEFAULT NULL,
  `name` varchar(255) COLLATE utf8_unicode_ci DEFAULT NULL,
  `sender_name` varchar(255) COLLATE utf8_unicode_ci DEFAULT NULL,
  `sender_email` varchar(255) COLLATE utf8_unicode_ci DEFAULT NULL,
  `subject` varchar(255) COLLATE utf8_unicode_ci DEFAULT NULL,
  `body` longtext COLLATE utf8_unicode_ci DEFAULT NULL,
  `type` enum('HTML','Text') COLLATE utf8_unicode_ci NOT NULL DEFAULT 'HTML',
  `position` enum('Content','Header','Footer') COLLATE utf8_unicode_ci NOT NULL DEFAULT 'Content',
  `template_for` enum('Platform','Merchant') COLLATE utf8_unicode_ci NOT NULL DEFAULT 'Platform',
  `files` longtext COLLATE utf8_unicode_ci DEFAULT NULL,
  `deleted_at` timestamp NULL DEFAULT NULL,
  `created_at` timestamp NULL DEFAULT NULL,
  `updated_at` timestamp NULL DEFAULT NULL,
  PRIMARY KEY (`id`)
) ENGINE=InnoDB AUTO_INCREMENT=6 DEFAULT CHARSET=utf8 COLLATE=utf8_unicode_ci;
/*!40101 SET character_set_client = @saved_cs_client */;

--
-- Dumping data for table `email_templates`
--

LOCK TABLES `email_templates` WRITE;
/*!40000 ALTER TABLE `email_templates` DISABLE KEYS */;
INSERT INTO `email_templates` VALUES (1,NULL,'Welcome Merchant',NULL,'support@domain.com','Welcome to {platform_name}','<table class=\"m_886163020439323843footer\" width=\"700\" height=\"165\" bgcolor=\"#efefef\" align=\"center\" border=\"0\" cellpadding=\"0\" cellspacing=\"0\"><tbody><tr><td valign=\"bottom\" style=\"color:#999;line-height:18px;font-size:11px;font-family:arial\">Site Access: <a href=\"http://d.incevio.com/http://www.incevio.com/?tracelog=rowan&amp;rowan_id1=sellerLeaveFeedbackToBuyer_en_US_2017-10-22&amp;rowan_msg_id=c063bc521feb4649a25121ff130ac482&amp;ck=in_edm_other\" style=\"color:#999;text-decoration:underline;font-size:11px;font-family:arial\" target=\"_blank\" data-saferedirecturl=\"https://www.google.com/url?hl=en&amp;q=http://d.incevio.com/http://www.incevio.com/?tracelog%3Drowan%26rowan_id1%3DsellerLeaveFeedbackToBuyer_en_US_2017-10-22%26rowan_msg_id%3Dc063bc521feb4649a25121ff130ac482%26ck%3Din_edm_other&amp;source=gmail&amp;ust=1508835770795000&amp;usg=AFQjCNFswRI--_oSylG_TCSI9jMZfEgJFw\">Homepage</a> <span style=\"color:#999\">|</span> <a href=\"http://d.incevio.com/http://trade.incevio.com?tracelog=rowan&amp;rowan_id1=sellerLeaveFeedbackToBuyer_en_US_2017-10-22&amp;rowan_msg_id=c063bc521feb4649a25121ff130ac482&amp;ck=in_edm_other\" style=\"color:#999;text-decoration:underline;font-size:11px;font-family:arial\" target=\"_blank\" data-saferedirecturl=\"https://www.google.com/url?hl=en&amp;q=http://d.incevio.com/http://trade.incevio.com?tracelog%3Drowan%26rowan_id1%3DsellerLeaveFeedbackToBuyer_en_US_2017-10-22%26rowan_msg_id%3Dc063bc521feb4649a25121ff130ac482%26ck%3Din_edm_other&amp;source=gmail&amp;ust=1508835770795000&amp;usg=AFQjCNHs5u0lVvXx_IxyFnkfBFEuVdacig\">My Orders</a> <span style=\"color:#999\">|</span> <a href=\"http://d.incevio.com/http://www.incevio.com/buyerprotection/index.html?tracelog=rowan&amp;rowan_id1=sellerLeaveFeedbackToBuyer_en_US_2017-10-22&amp;rowan_msg_id=c063bc521feb4649a25121ff130ac482&amp;ck=in_edm_other\" style=\"color:#999;text-decoration:underline;font-size:11px;font-family:arial\" target=\"_blank\" data-saferedirecturl=\"https://www.google.com/url?hl=en&amp;q=http://d.incevio.com/http://www.incevio.com/buyerprotection/index.html?tracelog%3Drowan%26rowan_id1%3DsellerLeaveFeedbackToBuyer_en_US_2017-10-22%26rowan_msg_id%3Dc063bc521feb4649a25121ff130ac482%26ck%3Din_edm_other&amp;source=gmail&amp;ust=1508835770795000&amp;usg=AFQjCNFgBGjO2cWQlMNn3ok1sdo9FEI0PQ\">Buyer Protection</a> <span style=\"color:#999\">|</span> <a href=\"http://help.incevio.com/?tracelog=rowan&amp;rowan_id1=sellerLeaveFeedbackToBuyer_en_US_2017-10-22&amp;rowan_msg_id=c063bc521feb4649a25121ff130ac482&amp;ck=in_edm_other\" style=\"color:#999;text-decoration:underline;font-size:11px;font-family:arial\" target=\"_blank\" data-saferedirecturl=\"https://www.google.com/url?hl=en&amp;q=http://help.incevio.com/?tracelog%3Drowan%26rowan_id1%3DsellerLeaveFeedbackToBuyer_en_US_2017-10-22%26rowan_msg_id%3Dc063bc521feb4649a25121ff130ac482%26ck%3Din_edm_other&amp;source=gmail&amp;ust=1508835770795000&amp;usg=AFQjCNEY6uWlpV61xJ2EWu_OnR1ImK1k8A\">Help Center</a> <span style=\"color:#999\">|</span> <a href=\"http://www.incevio.com/help/home.html#contact?tracelog=rowan&amp;rowan_id1=sellerLeaveFeedbackToBuyer_en_US_2017-10-22&amp;rowan_msg_id=c063bc521feb4649a25121ff130ac482&amp;ck=in_edm_other\" style=\"color:#999;text-decoration:underline;font-size:11px;font-family:arial\" target=\"_blank\" data-saferedirecturl=\"https://www.google.com/url?hl=en&amp;q=http://www.incevio.com/help/home.html%23contact?tracelog%3Drowan%26rowan_id1%3DsellerLeaveFeedbackToBuyer_en_US_2017-10-22%26rowan_msg_id%3Dc063bc521feb4649a25121ff130ac482%26ck%3Din_edm_other&amp;source=gmail&amp;ust=1508835770795000&amp;usg=AFQjCNFrHNdxDedZiwv6L-zLA4_5jthBKw\">Contact Us</a><br><a href=\"http://us.my.incevio.com/user/company/forget_password_input_email.htm?edm_src=wto&amp;edm_type=ifm&amp;edm_cta=footer&amp;tracelog=rowan&amp;rowan_id1=sellerLeaveFeedbackToBuyer_en_US_2017-10-22&amp;rowan_msg_id=c063bc521feb4649a25121ff130ac482&amp;ck=in_edm_other\" style=\"color:#999;text-decoration:underline\" target=\"_blank\" data-saferedirecturl=\"https://www.google.com/url?hl=en&amp;q=http://us.my.incevio.com/user/company/forget_password_input_email.htm?edm_src%3Dwto%26edm_type%3Difm%26edm_cta%3Dfooter%26tracelog%3Drowan%26rowan_id1%3DsellerLeaveFeedbackToBuyer_en_US_2017-10-22%26rowan_msg_id%3Dc063bc521feb4649a25121ff130ac482%26ck%3Din_edm_other&amp;source=gmail&amp;ust=1508835770795000&amp;usg=AFQjCNGl36Hq7gk2E4ZfaHgnp8lgblu0Hw\">Forgot your password?</a> <br>This email was sent to <a href=\"http://d.incevio.com/mailto:?tracelog=rowan&amp;rowan_id1=sellerLeaveFeedbackToBuyer_en_US_2017-10-22&amp;rowan_msg_id=c063bc521feb4649a25121ff130ac482&amp;ck=in_edm_other\" style=\"color:#999;text-decoration:underline\" target=\"_blank\" data-saferedirecturl=\"https://www.google.com/url?hl=en&amp;q=http://d.incevio.com/mailto:?tracelog%3Drowan%26rowan_id1%3DsellerLeaveFeedbackToBuyer_en_US_2017-10-22%26rowan_msg_id%3Dc063bc521feb4649a25121ff130ac482%26ck%3Din_edm_other&amp;source=gmail&amp;ust=1508835770795000&amp;usg=AFQjCNF57ZGzDDxPVbiErICMxd6_6wJH0Q\"></a>. <br>You are receiving this email because you are a registered member of <a href=\"http://d.incevio.com/http://www.incevio.com?tracelog=rowan&amp;rowan_id1=sellerLeaveFeedbackToBuyer_en_US_2017-10-22&amp;rowan_msg_id=c063bc521feb4649a25121ff130ac482&amp;ck=in_edm_other\" style=\"color:#999;text-decoration:underline\" target=\"_blank\" data-saferedirecturl=\"https://www.google.com/url?hl=en&amp;q=http://d.incevio.com/http://www.incevio.com?tracelog%3Drowan%26rowan_id1%3DsellerLeaveFeedbackToBuyer_en_US_2017-10-22%26rowan_msg_id%3Dc063bc521feb4649a25121ff130ac482%26ck%3Din_edm_other&amp;source=gmail&amp;ust=1508835770795000&amp;usg=AFQjCNEV-vw0uLnpfTBy2KjLmMrSWfquEA\">www.<span class=\"il\">incevio</span>.com</a>, powered by incevio.com. <br>Read our <a href=\"http://www.incevio.com/help/safety_security/policies_rules/others/001.html?tracelog=rowan&amp;rowan_id1=sellerLeaveFeedbackToBuyer_en_US_2017-10-22&amp;rowan_msg_id=c063bc521feb4649a25121ff130ac482&amp;ck=in_edm_other\" style=\"color:#999;text-decoration:underline\" target=\"_blank\" data-saferedirecturl=\"https://www.google.com/url?hl=en&amp;q=http://www.incevio.com/help/safety_security/policies_rules/others/001.html?tracelog%3Drowan%26rowan_id1%3DsellerLeaveFeedbackToBuyer_en_US_2017-10-22%26rowan_msg_id%3Dc063bc521feb4649a25121ff130ac482%26ck%3Din_edm_other&amp;source=gmail&amp;ust=1508835770795000&amp;usg=AFQjCNHhvncoIuRqRpPKKTgyRYpiV6Z5vg\">Privacy Policy</a> and <a href=\"http://www.incevio.com/help/safety_security/policies_rules/others/002.html?tracelog=rowan&amp;rowan_id1=sellerLeaveFeedbackToBuyer_en_US_2017-10-22&amp;rowan_msg_id=c063bc521feb4649a25121ff130ac482&amp;ck=in_edm_other\" style=\"color:#999;text-decoration:underline\" target=\"_blank\" data-saferedirecturl=\"https://www.google.com/url?hl=en&amp;q=http://www.incevio.com/help/safety_security/policies_rules/others/002.html?tracelog%3Drowan%26rowan_id1%3DsellerLeaveFeedbackToBuyer_en_US_2017-10-22%26rowan_msg_id%3Dc063bc521feb4649a25121ff130ac482%26ck%3Din_edm_other&amp;source=gmail&amp;ust=1508835770795000&amp;usg=AFQjCNGdCuw2_Z7MHkHP5eKVE0mPoK_ysA\">Terms of Use</a> if you have any questions. <br><span class=\"il\">incevio</span> Service Center: <a href=\"http://d.incevio.com/mailto:buyer@incevio.com?tracelog=rowan&amp;rowan_id1=sellerLeaveFeedbackToBuyer_en_US_2017-10-22&amp;rowan_msg_id=c063bc521feb4649a25121ff130ac482&amp;ck=in_edm_other\" style=\"color:#999;text-decoration:underline\" target=\"_blank\" data-saferedirecturl=\"https://www.google.com/url?hl=en&amp;q=http://d.incevio.com/mailto:buyer@incevio.com?tracelog%3Drowan%26rowan_id1%3DsellerLeaveFeedbackToBuyer_en_US_2017-10-22%26rowan_msg_id%3Dc063bc521feb4649a25121ff130ac482%26ck%3Din_edm_other&amp;source=gmail&amp;ust=1508835770795000&amp;usg=AFQjCNEZo5gjjdfsNWKIaeuOQoM6rxxuNQ\">buyer@<span class=\"il\">incevio</span>.com</a> <br>incevio.com Hong Kong Limited, 26/F Tower One, Times Square1 Matheson Street Causeway Bay, Hong Kong.</td></tr><tr><td height=\"20\">&nbsp;</td></tr></tbody></table>','HTML','Footer','Platform',NULL,NULL,'2020-10-01 19:26:32','2020-10-01 19:26:32'),(2,NULL,'Welcome Merchant',NULL,'support@domain.com','Welcome to {platform_name}','Welcome to {platform_name}','HTML','Content','Platform',NULL,NULL,'2020-10-01 19:26:32','2020-10-01 19:26:32'),(3,NULL,'Welcome User',NULL,'support@domain.com','Welcome to {shop_name}','<!DOCTYPE html PUBLIC \"-//W3C//DTD XHTML 1.0 Transitional//EN\" \"http://www.w3.org/TR/xhtml1/DTD/xhtml1-transitional.dtd\">\n                <html xmlns=\"http://www.w3.org/1999/xhtml\">\n                <head>\n                  <meta http-equiv=\"Content-Type\" content=\"text/html; charset=utf-8\" />\n                  <meta name=\"viewport\" content=\"width=device-width\" />\n                  <title>Airmail Welcome</title>\n                </head>\n                <body bgcolor=\"#ffffff\">\n                  <div align=\"center\">\n                    <table class=\"head-wrap w320 full-width-gmail-android\" bgcolor=\"#f9f8f8\" cellpadding=\"0\" cellspacing=\"0\" border=\"0\" width=\"100%\">\n                      <tr>\n                        <td background=\"https://www.filepicker.io/api/file/UOesoVZTFObSHCgUDygC\" bgcolor=\"#ffffff\" width=\"100%\" height=\"8\" valign=\"top\">\n                          <!--[if gte mso 9]>\n                          <v:rect xmlns:v=\"urn:schemas-microsoft-com:vml\" fill=\"true\" stroke=\"false\" style=\"mso-width-percent:1000;height:8px;\">\n                            <v:fill type=\"tile\" src=\"https://www.filepicker.io/api/file/UOesoVZTFObSHCgUDygC\" color=\"#ffffff\" />\n                            <v:textbox inset=\"0,0,0,0\">\n                          <![endif]-->\n                          <div height=\"8\">\n                          </div>\n                          <!--[if gte mso 9]>\n                            </v:textbox>\n                          </v:rect>\n                          <![endif]-->\n                        </td>\n                      </tr>\n                      <tr class=\"header-background\">\n                        <td class=\"header container\" align=\"center\">\n                          <div class=\"content\">\n                            <span class=\"brand\">\n                              <a href=\"#\">\n                                Company Name\n                              </a>\n                            </span>\n                          </div>\n                        </td>\n                      </tr>\n                    </table>\n\n                    <table class=\"body-wrap w320\">\n                      <tr>\n                        <td></td>\n                        <td class=\"container\">\n                          <div class=\"content\">\n                            <table cellspacing=\"0\">\n                              <tr>\n                                <td>\n                                  <table class=\"soapbox\">\n                                    <tr>\n                                      <td class=\"soapbox-title\">Welcome to {platform_name}</td>\n                                    </tr>\n                                  </table>\n                                  <table class=\"status-container single\">\n                                    <tr>\n                                      <td class=\"status-padding\"></td>\n                                      <td>\n                                        <table class=\"status\" bgcolor=\"#fffeea\" cellspacing=\"0\">\n                                          <tr>\n                                            <td class=\"status-cell\">\n                                              Coupon code: <b>13448278949</b>\n                                            </td>\n                                          </tr>\n                                        </table>\n                                      </td>\n                                      <td class=\"status-padding\"></td>\n                                    </tr>\n                                  </table>\n                                  <table class=\"body\">\n                                    <tr>\n                                      <td class=\"body-padding\"></td>\n                                      <td class=\"body-padded\">\n                                        <div class=\"body-title\">Hey {{ first_name }}, thanks for signing up</div>\n                                        <table class=\"body-text\">\n                                          <tr>\n                                            <td class=\"body-text-cell\">\n                                              We\'re really excited for you to join our community! You\'re just one click away from activate your account.\n                                            </td>\n                                          </tr>\n                                        </table>\n                                        <div style=\"text-align:left;\"><!--[if mso]>\n                                          <v:roundrect xmlns:v=\"urn:schemas-microsoft-com:vml\" xmlns:w=\"urn:schemas-microsoft-com:office:word\" href=\"#\" style=\"height:38px;v-text-anchor:middle;width:190px;\" arcsize=\"11%\" strokecolor=\"#407429\" fill=\"t\">\n                                            <v:fill type=\"tile\" src=\"https://www.filepicker.io/api/file/N8GiNGsmT6mK6ORk00S7\" color=\"#41CC00\" />\n                                            <w:anchorlock/>\n                                            <center style=\"color:#ffffff;font-family:sans-serif;font-size:17px;font-weight:bold;\">Come on back</center>\n                                          </v:roundrect>\n                                        <![endif]--><a href=\"#\"\n                                        style=\"background-color:#41CC00;background-image:url(https://www.filepicker.io/api/file/N8GiNGsmT6mK6ORk00S7);border:1px solid #407429;border-radius:4px;color:#ffffff;display:inline-block;font-family:sans-serif;font-size:17px;font-weight:bold;text-shadow: -1px -1px #47A54B;line-height:38px;text-align:center;text-decoration:none;width:190px;-webkit-text-size-adjust:none;mso-hide:all;\">Activate Account!</a></div>\n                                        <table class=\"body-signature-block\">\n                                          <tr>\n                                            <td class=\"body-signature-cell\">\n                                              <p>Thanks so much,</p>\n                                              <p class=\"body-signature\"><img src=\"https://www.filepicker.io/api/file/2R9HpqboTPaB4NyF35xt\" alt=\"Company Name\"></p>\n                                            </td>\n                                          </tr>\n                                        </table>\n                                      </td>\n                                      <td class=\"body-padding\"></td>\n                                    </tr>\n                                  </table>\n                                </td>\n                              </tr>\n                            </table>\n                          </div>\n                        </td>\n                        <td></td>\n                      </tr>\n                    </table>\n\n                    <table class=\"footer-wrap w320 full-width-gmail-android\" bgcolor=\"#e5e5e5\">\n                      <tr>\n                        <td class=\"container\">\n                          <div class=\"content footer-lead\">\n                            <a href=\"#\"><b>Get in touch</b></a> if you have any questions or feedback\n                          </div>\n                        </td>\n                      </tr>\n                    </table>\n                    <table class=\"footer-wrap w320 full-width-gmail-android\" bgcolor=\"#e5e5e5\">\n                      <tr>\n                        <td class=\"container\">\n                          <div class=\"content\">\n                            <a href=\"#\">Contact Us</a>&nbsp;&nbsp;|&nbsp;&nbsp;\n                            <span class=\"footer-group\">\n                              <a href=\"#\">Facebook</a>&nbsp;&nbsp;|&nbsp;&nbsp;\n                              <a href=\"#\">Twitter</a>&nbsp;&nbsp;|&nbsp;&nbsp;\n                              <a href=\"#\">Support</a>\n                            </span>\n                          </div>\n                        </td>\n                      </tr>\n                    </table>\n                  </div>\n\n                </body>\n                </html>\n                ','HTML','Content','Platform',NULL,NULL,'2020-10-01 19:26:32','2020-10-01 19:26:32'),(4,NULL,'Welcome Customer',NULL,'support@domain.com','Welcome to {platform_name}','<!DOCTYPE html PUBLIC \"-//W3C//DTD XHTML 1.0 Transitional//EN\" \"http://www.w3.org/TR/xhtml1/DTD/xhtml1-transitional.dtd\">\n<html xmlns=\"http://www.w3.org/1999/xhtml\">\n<head>\n  <meta http-equiv=\"Content-Type\" content=\"text/html; charset=utf-8\" />\n  <meta name=\"viewport\" content=\"width=device-width\" />\n  <title>Airmail Welcome</title>\n</head>\n<body bgcolor=\"#ffffff\">\n  <div align=\"center\">\n    <table class=\"head-wrap w320 full-width-gmail-android\" bgcolor=\"#f9f8f8\" cellpadding=\"0\" cellspacing=\"0\" border=\"0\" width=\"100%\">\n      <tr>\n        <td background=\"https://www.filepicker.io/api/file/UOesoVZTFObSHCgUDygC\" bgcolor=\"#ffffff\" width=\"100%\" height=\"8\" valign=\"top\">\n          <!--[if gte mso 9]>\n          <v:rect xmlns:v=\"urn:schemas-microsoft-com:vml\" fill=\"true\" stroke=\"false\" style=\"mso-width-percent:1000;height:8px;\">\n            <v:fill type=\"tile\" src=\"https://www.filepicker.io/api/file/UOesoVZTFObSHCgUDygC\" color=\"#ffffff\" />\n            <v:textbox inset=\"0,0,0,0\">\n          <![endif]-->\n          <div height=\"8\">\n          </div>\n          <!--[if gte mso 9]>\n            </v:textbox>\n          </v:rect>\n          <![endif]-->\n        </td>\n      </tr>\n      <tr class=\"header-background\">\n        <td class=\"header container\" align=\"center\">\n          <div class=\"content\">\n            <span class=\"brand\">\n              <a href=\"#\">\n                Company Name\n              </a>\n            </span>\n          </div>\n        </td>\n      </tr>\n    </table>\n\n    <table class=\"body-wrap w320\">\n      <tr>\n        <td></td>\n        <td class=\"container\">\n          <div class=\"content\">\n            <table cellspacing=\"0\">\n              <tr>\n                <td>\n                  <table class=\"soapbox\">\n                    <tr>\n                      <td class=\"soapbox-title\">Welcome to {platform_name}</td>\n                    </tr>\n                  </table>\n                  <table class=\"status-container single\">\n                    <tr>\n                      <td class=\"status-padding\"></td>\n                      <td>\n                        <table class=\"status\" bgcolor=\"#fffeea\" cellspacing=\"0\">\n                          <tr>\n                            <td class=\"status-cell\">\n                              Coupon code: <b>13448278949</b>\n                            </td>\n                          </tr>\n                        </table>\n                      </td>\n                      <td class=\"status-padding\"></td>\n                    </tr>\n                  </table>\n                  <table class=\"body\">\n                    <tr>\n                      <td class=\"body-padding\"></td>\n                      <td class=\"body-padded\">\n                        <div class=\"body-title\">Hey {{ first_name }}, thanks for signing up</div>\n                        <table class=\"body-text\">\n                          <tr>\n                            <td class=\"body-text-cell\">\n                              We\'re really excited for you to join our community! You\'re just one click away from activate your account.\n                            </td>\n                          </tr>\n                        </table>\n                        <div style=\"text-align:left;\"><!--[if mso]>\n                          <v:roundrect xmlns:v=\"urn:schemas-microsoft-com:vml\" xmlns:w=\"urn:schemas-microsoft-com:office:word\" href=\"#\" style=\"height:38px;v-text-anchor:middle;width:190px;\" arcsize=\"11%\" strokecolor=\"#407429\" fill=\"t\">\n                            <v:fill type=\"tile\" src=\"https://www.filepicker.io/api/file/N8GiNGsmT6mK6ORk00S7\" color=\"#41CC00\" />\n                            <w:anchorlock/>\n                            <center style=\"color:#ffffff;font-family:sans-serif;font-size:17px;font-weight:bold;\">Come on back</center>\n                          </v:roundrect>\n                        <![endif]--><a href=\"#\"\n                        style=\"background-color:#41CC00;background-image:url(https://www.filepicker.io/api/file/N8GiNGsmT6mK6ORk00S7);border:1px solid #407429;border-radius:4px;color:#ffffff;display:inline-block;font-family:sans-serif;font-size:17px;font-weight:bold;text-shadow: -1px -1px #47A54B;line-height:38px;text-align:center;text-decoration:none;width:190px;-webkit-text-size-adjust:none;mso-hide:all;\">Activate Account!</a></div>\n                        <table class=\"body-signature-block\">\n                          <tr>\n                            <td class=\"body-signature-cell\">\n                              <p>Thanks so much,</p>\n                              <p class=\"body-signature\"><img src=\"https://www.filepicker.io/api/file/2R9HpqboTPaB4NyF35xt\" alt=\"Company Name\"></p>\n                            </td>\n                          </tr>\n                        </table>\n                      </td>\n                      <td class=\"body-padding\"></td>\n                    </tr>\n                  </table>\n                </td>\n              </tr>\n            </table>\n          </div>\n        </td>\n        <td></td>\n      </tr>\n    </table>\n\n    <table class=\"footer-wrap w320 full-width-gmail-android\" bgcolor=\"#e5e5e5\">\n      <tr>\n        <td class=\"container\">\n          <div class=\"content footer-lead\">\n            <a href=\"#\"><b>Get in touch</b></a> if you have any questions or feedback\n          </div>\n        </td>\n      </tr>\n    </table>\n    <table class=\"footer-wrap w320 full-width-gmail-android\" bgcolor=\"#e5e5e5\">\n      <tr>\n        <td class=\"container\">\n          <div class=\"content\">\n            <a href=\"#\">Contact Us</a>&nbsp;&nbsp;|&nbsp;&nbsp;\n            <span class=\"footer-group\">\n              <a href=\"#\">Facebook</a>&nbsp;&nbsp;|&nbsp;&nbsp;\n              <a href=\"#\">Twitter</a>&nbsp;&nbsp;|&nbsp;&nbsp;\n              <a href=\"#\">Support</a>\n            </span>\n          </div>\n        </td>\n      </tr>\n    </table>\n  </div>\n\n</body>\n</html>\n','HTML','Content','Platform',NULL,NULL,'2020-10-01 19:26:32','2020-10-01 19:26:32'),(5,NULL,'User account updated',NULL,'support@domain.com','Your account settings have been updated','<!DOCTYPE html PUBLIC \"-//W3C//DTD XHTML 1.0 Transitional//EN\" \"http://www.w3.org/TR/xhtml1/DTD/xhtml1-transitional.dtd\">\n<html xmlns=\"http://www.w3.org/1999/xhtml\">\n<head>\n  <meta http-equiv=\"Content-Type\" content=\"text/html; charset=utf-8\" />\n  <meta name=\"viewport\" content=\"width=device-width\" />\n  <title>Airmail Ping</title>\n</head>\n\n<body bgcolor=\"#ffffff\">\n\n  <div align=\"center\">\n    <table class=\"head-wrap w320 full-width-gmail-android\" bgcolor=\"#f9f8f8\" cellpadding=\"0\" cellspacing=\"0\" border=\"0\">\n      <tr>\n        <td background=\"https://www.filepicker.io/api/file/UOesoVZTFObSHCgUDygC\" bgcolor=\"#ffffff\" width=\"100%\" height=\"8\" valign=\"top\">\n          <!--[if gte mso 9]>\n          <v:rect xmlns:v=\"urn:schemas-microsoft-com:vml\" fill=\"true\" stroke=\"false\" style=\"mso-width-percent:1000;height:8px;\">\n            <v:fill type=\"tile\" src=\"https://www.filepicker.io/api/file/UOesoVZTFObSHCgUDygC\" color=\"#ffffff\" />\n            <v:textbox inset=\"0,0,0,0\">\n          <![endif]-->\n          <div height=\"8\">\n          </div>\n          <!--[if gte mso 9]>\n            </v:textbox>\n          </v:rect>\n          <![endif]-->\n        </td>\n      </tr>\n      <tr class=\"header-background\">\n        <td class=\"header container\" align=\"center\">\n          <div class=\"content\">\n            <span class=\"brand\">\n              <a href=\"#\">\n                Company Name\n              </a>\n            </span>\n          </div>\n        </td>\n      </tr>\n    </table>\n\n    <table class=\"body-wrap w320\">\n      <tr>\n        <td></td>\n        <td class=\"container\">\n          <div class=\"content\">\n            <table cellspacing=\"0\">\n              <tr>\n                <td>\n                  <table class=\"soapbox\">\n                    <tr>\n                      <td class=\"soapbox-title\">Your account settings have been updated</td>\n                    </tr>\n                  </table>\n                  <table class=\"body\">\n                    <tr>\n                      <td class=\"body-padding\"></td>\n                      <td class=\"body-padded\">\n                        <div class=\"body-title\">Hi {{ first_name }},</div>\n                        <table class=\"body-text\">\n                          <tr>\n                            <td class=\"body-text-cell\">\n                              Your account settings have been updated. If you did not update your settings, please <a href=\"#\">contact support</a>.\n                            </td>\n                          </tr>\n                        </table>\n                        <div><!--[if mso]>\n                          <v:roundrect xmlns:v=\"urn:schemas-microsoft-com:vml\" xmlns:w=\"urn:schemas-microsoft-com:office:word\" href=\"#\" style=\"height:38px;v-text-anchor:middle;width:230px;\" arcsize=\"11%\" strokecolor=\"#407429\" fill=\"t\">\n                            <v:fill type=\"tile\" src=\"https://www.filepicker.io/api/file/N8GiNGsmT6mK6ORk00S7\" color=\"#41CC00\" />\n                            <w:anchorlock/>\n                            <center style=\"color:#ffffff;font-family:sans-serif;font-size:17px;font-weight:bold;\">Review Account Settings</center>\n                          </v:roundrect>\n                        <![endif]--><a href=\"#\"\n                        style=\"background-color:#41CC00;background-image:url(https://www.filepicker.io/api/file/N8GiNGsmT6mK6ORk00S7);border:1px solid #407429;border-radius:4px;color:#ffffff;display:inline-block;font-family:sans-serif;font-size:17px;font-weight:bold;text-shadow: -1px -1px #47A54B;line-height:38px;text-align:center;text-decoration:none;width:230px;-webkit-text-size-adjust:none;mso-hide:all;\">Review Account Settings</a></div>\n                        <table class=\"body-signature-block\">\n                          <tr>\n                            <td class=\"body-signature-cell\">\n                              <p>Thanks for being a customer!</p>\n                              <p class=\"body-signature\"><img src=\"https://www.filepicker.io/api/file/2R9HpqboTPaB4NyF35xt\" alt=\"Company Name\"></p>\n                            </td>\n                          </tr>\n                        </table>\n                      </td>\n                      <td class=\"body-padding\"></td>\n                    </tr>\n                  </table>\n                </td>\n              </tr>\n            </table>\n          </div>\n        </td>\n        <td></td>\n      </tr>\n    </table>\n\n    <table class=\"footer-wrap w320 full-width-gmail-android\" bgcolor=\"#e5e5e5\">\n      <tr>\n        <td></td>\n        <td class=\"container\">\n          <div class=\"content footer-lead\">\n            <a href=\"#\"><b>Get in touch</b></a> if you have any questions or feedback\n          </div>\n        </td>\n        <td></td>\n      </tr>\n    </table>\n    <table class=\"footer-wrap w320 full-width-gmail-android\" bgcolor=\"#e5e5e5\">\n      <tr>\n        <td></td>\n        <td class=\"container\">\n          <div class=\"content\">\n            <a href=\"#\">Contact Us</a>&nbsp;&nbsp;|&nbsp;&nbsp;\n            <span class=\"footer-group\">\n              <a href=\"#\">Facebook</a>&nbsp;&nbsp;|&nbsp;&nbsp;\n              <a href=\"#\">Twitter</a>&nbsp;&nbsp;|&nbsp;&nbsp;\n              <a href=\"#\">Support</a>\n            </span>\n          </div>\n        </td>\n        <td></td>\n      </tr>\n    </table>\n  </div>\n\n</body>\n</html>\n','HTML','Content','Platform',NULL,NULL,'2020-10-01 19:26:32','2020-10-01 19:26:32');
/*!40000 ALTER TABLE `email_templates` ENABLE KEYS */;
UNLOCK TABLES;

--
-- Table structure for table `failed_jobs`
--

DROP TABLE IF EXISTS `failed_jobs`;
/*!40101 SET @saved_cs_client     = @@character_set_client */;
/*!40101 SET character_set_client = utf8 */;
CREATE TABLE `failed_jobs` (
  `id` bigint(20) unsigned NOT NULL AUTO_INCREMENT,
  `connection` text COLLATE utf8_unicode_ci NOT NULL,
  `queue` text COLLATE utf8_unicode_ci NOT NULL,
  `payload` longtext COLLATE utf8_unicode_ci NOT NULL,
  `exception` longtext COLLATE utf8_unicode_ci NOT NULL,
  `failed_at` timestamp NOT NULL DEFAULT current_timestamp(),
  PRIMARY KEY (`id`)
) ENGINE=InnoDB DEFAULT CHARSET=utf8 COLLATE=utf8_unicode_ci;
/*!40101 SET character_set_client = @saved_cs_client */;

--
-- Dumping data for table `failed_jobs`
--

LOCK TABLES `failed_jobs` WRITE;
/*!40000 ALTER TABLE `failed_jobs` DISABLE KEYS */;
/*!40000 ALTER TABLE `failed_jobs` ENABLE KEYS */;
UNLOCK TABLES;

--
-- Table structure for table `faq_topics`
--

DROP TABLE IF EXISTS `faq_topics`;
/*!40101 SET @saved_cs_client     = @@character_set_client */;
/*!40101 SET character_set_client = utf8 */;
CREATE TABLE `faq_topics` (
  `id` int(10) unsigned NOT NULL AUTO_INCREMENT,
  `name` text COLLATE utf8_unicode_ci NOT NULL,
  `for` enum('Merchant','Customer') COLLATE utf8_unicode_ci NOT NULL DEFAULT 'Merchant',
  `created_at` timestamp NULL DEFAULT NULL,
  `updated_at` timestamp NULL DEFAULT NULL,
  PRIMARY KEY (`id`)
) ENGINE=InnoDB AUTO_INCREMENT=4 DEFAULT CHARSET=utf8 COLLATE=utf8_unicode_ci;
/*!40101 SET character_set_client = @saved_cs_client */;

--
-- Dumping data for table `faq_topics`
--

LOCK TABLES `faq_topics` WRITE;
/*!40000 ALTER TABLE `faq_topics` DISABLE KEYS */;
INSERT INTO `faq_topics` VALUES (1,'Overview','Merchant','2020-10-01 19:25:58','2020-10-01 19:25:58'),(2,'Sell your items','Merchant','2020-10-01 19:25:58','2020-10-01 19:25:58'),(3,'Pricing','Merchant','2020-10-01 19:25:58','2020-10-01 19:25:58');
/*!40000 ALTER TABLE `faq_topics` ENABLE KEYS */;
UNLOCK TABLES;

--
-- Table structure for table `faqs`
--

DROP TABLE IF EXISTS `faqs`;
/*!40101 SET @saved_cs_client     = @@character_set_client */;
/*!40101 SET character_set_client = utf8 */;
CREATE TABLE `faqs` (
  `id` int(10) unsigned NOT NULL AUTO_INCREMENT,
  `faq_topic_id` int(10) unsigned DEFAULT NULL,
  `question` text COLLATE utf8_unicode_ci DEFAULT NULL,
  `answer` longtext COLLATE utf8_unicode_ci DEFAULT NULL,
  `created_at` timestamp NULL DEFAULT NULL,
  `updated_at` timestamp NULL DEFAULT NULL,
  PRIMARY KEY (`id`),
  KEY `faqs_faq_topic_id_foreign` (`faq_topic_id`),
  CONSTRAINT `faqs_faq_topic_id_foreign` FOREIGN KEY (`faq_topic_id`) REFERENCES `faq_topics` (`id`) ON DELETE SET NULL
) ENGINE=InnoDB AUTO_INCREMENT=10 DEFAULT CHARSET=utf8 COLLATE=utf8_unicode_ci;
/*!40101 SET character_set_client = @saved_cs_client */;

--
-- Dumping data for table `faqs`
--

LOCK TABLES `faqs` WRITE;
/*!40000 ALTER TABLE `faqs` DISABLE KEYS */;
INSERT INTO `faqs` VALUES (1,1,'Why should I sell on :marketplace?','There are many reasons to sell on :marketplace. We have our customers who can see your products to the ability to start selling fast without the need to create a new standalone website. You spend no time and money to do marekting, We do it for you!','2020-10-01 19:25:58','2020-10-01 19:25:58'),(2,1,'Where else can I learn about how selling on :marketplace works?','We have videos, web docs, and blogs to help you find what you need.<ul><li>Getting Started page</li><li>Training and tutorials</li><li>Blog</li></ul>','2020-10-01 19:25:58','2020-10-01 19:25:58'),(3,1,'Can I close my account?','If you want to close your account permanently, Seller Support can assist you. Keep in mind that you can use the Maintenance mode feature that will hide all your listings, or you can deactivate or remove your listings entirely but hold on to your account for future use. Before you close your account permanently, please cancel and remove your listings and resolve all transactions.','2020-10-01 19:25:58','2020-10-01 19:25:58'),(4,2,'How do I manage my merchant account?','Use will get access to a full featured Merchant Dashboard to manage all aspects of selling on :marketplace, like manage your selling account, add product information, make inventory updates, manage orders, and manage users.','2020-10-01 19:25:58','2020-10-01 19:25:58'),(5,2,'How many items i can add on my inventory?','It depends on which sbscription you choose. Please visit the pricing section for detail.','2020-10-01 19:25:58','2020-10-01 19:25:58'),(6,2,'How will I know when I have a sale?',':marketplace notifies you by email when you receive an order. You can change the notification settings in your account settings.','2020-10-01 19:25:58','2020-10-01 19:25:58'),(7,2,'Can I offer gift-wrap and packaging services to my customers?','Yes. Our packaging service allows customers to choose when they check out, you can make the options available for any individual item on your listing page.','2020-10-01 19:25:58','2020-10-01 19:25:58'),(8,3,'How much does it cost to sell on :marketplace?',':marketplace offers different selling plans for a monthly subscription fee plus per-item selling fees, which vary by subscriptions. Please visit the pricing section for detail.','2020-10-01 19:25:58','2020-10-01 19:25:58'),(9,3,'Is there any hidden cost?','No','2020-10-01 19:25:58','2020-10-01 19:25:58');
/*!40000 ALTER TABLE `faqs` ENABLE KEYS */;
UNLOCK TABLES;

--
-- Table structure for table `feedbacks`
--

DROP TABLE IF EXISTS `feedbacks`;
/*!40101 SET @saved_cs_client     = @@character_set_client */;
/*!40101 SET character_set_client = utf8 */;
CREATE TABLE `feedbacks` (
  `id` bigint(20) unsigned NOT NULL AUTO_INCREMENT,
  `customer_id` bigint(20) unsigned NOT NULL,
  `rating` tinyint(4) DEFAULT NULL,
  `comment` longtext COLLATE utf8_unicode_ci DEFAULT NULL,
  `feedbackable_id` bigint(20) unsigned NOT NULL,
  `feedbackable_type` varchar(255) COLLATE utf8_unicode_ci NOT NULL,
  `approved` tinyint(1) NOT NULL DEFAULT 1,
  `spam` tinyint(1) NOT NULL DEFAULT 0,
  `created_at` timestamp NULL DEFAULT NULL,
  `updated_at` timestamp NULL DEFAULT NULL,
  PRIMARY KEY (`id`),
  KEY `feedbacks_customer_id_foreign` (`customer_id`),
  CONSTRAINT `feedbacks_customer_id_foreign` FOREIGN KEY (`customer_id`) REFERENCES `customers` (`id`) ON DELETE CASCADE
) ENGINE=InnoDB AUTO_INCREMENT=31 DEFAULT CHARSET=utf8 COLLATE=utf8_unicode_ci;
/*!40101 SET character_set_client = @saved_cs_client */;

--
-- Dumping data for table `feedbacks`
--

LOCK TABLES `feedbacks` WRITE;
/*!40000 ALTER TABLE `feedbacks` DISABLE KEYS */;
INSERT INTO `feedbacks` VALUES (1,1,1,'Voluptas quo hic animi repellat nesciunt. Minus dolor unde tempora error. Ut libero nostrum ullam temporibus. Esse magnam ut aut animi.',2,'App\\Inventory',1,0,'2020-09-22 19:26:32','2020-09-28 19:26:32'),(2,1,4,'Reiciendis qui et delectus. Amet sint alias id consequatur quo similique exercitationem.',1,'App\\Shop',1,0,'2020-09-27 19:26:32','2020-09-21 19:26:32'),(3,1,1,'Tenetur et iusto aut omnis culpa laboriosam sequi. Perspiciatis sed veniam natus laborum. Impedit iusto qui non.',1,'App\\Shop',1,0,'2020-09-28 19:26:32','2020-09-17 19:26:32'),(4,1,2,'Maxime quod id aut recusandae. Commodi reiciendis assumenda optio commodi repudiandae tenetur eum. Illo dignissimos eos autem occaecati. Mollitia error et vitae aliquam.',1,'App\\Shop',1,0,'2020-09-29 19:26:32','2020-09-30 19:26:32'),(5,1,3,'Et harum error voluptas dolores nam libero officiis. Sed molestiae accusantium enim ipsum perspiciatis qui est.',1,'App\\Shop',1,0,'2020-09-30 19:26:32','2020-09-17 19:26:32'),(6,1,2,'Libero quisquam aut qui dolore quibusdam vel. Velit qui veniam magni repellendus enim voluptatem. Veniam natus tempore inventore consequatur quasi. Velit doloribus adipisci est eos explicabo maiores.',1,'App\\Shop',1,0,'2020-09-29 19:26:32','2020-09-16 19:26:32'),(7,1,4,'Dolore vel explicabo reprehenderit numquam enim. Porro cumque quis voluptas rerum consequatur ipsum vel dolorem. Est laboriosam sed ex necessitatibus nobis assumenda fugiat.',1,'App\\Inventory',1,0,'2020-09-29 19:26:32','2020-09-20 19:26:32'),(8,1,3,'Dolorum praesentium rerum fugiat quo reprehenderit qui fugiat. Suscipit quia nam ut vitae autem et ut. Sint quia porro dolor quibusdam voluptas ut. Alias dicta sit optio inventore consequatur aut vero temporibus.',18,'App\\Inventory',1,0,'2020-09-27 19:26:32','2020-09-23 19:26:32'),(9,1,3,'Provident est est aspernatur velit. Vero consectetur eligendi adipisci et dolorem. Et dolores voluptatem velit qui et repellendus. Ipsa earum totam sequi ut nemo ipsum.',4,'App\\Inventory',1,0,'2020-09-20 19:26:32','2020-09-25 19:26:32'),(10,1,2,'Maiores corporis nostrum praesentium harum et qui. Reiciendis itaque et aut amet voluptatum accusantium debitis.',22,'App\\Inventory',1,0,'2020-09-21 19:26:32','2020-09-28 19:26:32'),(11,1,2,'Corrupti non doloremque enim accusamus. Explicabo sunt magnam eum ea eaque ducimus. Aut tempore nobis maiores voluptas illum ipsam repellendus.',1,'App\\Shop',1,0,'2020-09-28 19:26:32','2020-09-25 19:26:32'),(12,1,3,'Dolore quia velit vitae earum. Voluptates est in et ipsa ipsum. Placeat sed ad voluptatum enim. Dolor ex aut dolores qui.',5,'App\\Inventory',1,0,'2020-09-28 19:26:32','2020-09-22 19:26:32'),(13,1,5,'Quo aut necessitatibus qui quae. Aut nihil quae non rem omnis et ipsam. Tenetur hic et qui rerum in laborum. Temporibus expedita mollitia vel atque.',27,'App\\Inventory',1,0,'2020-09-19 19:26:32','2020-09-26 19:26:32'),(14,1,1,'At dolorem qui mollitia porro beatae nostrum dignissimos. Voluptatem occaecati ea nemo totam. Voluptatem illo voluptatibus omnis. Molestias quidem dolor dicta omnis vel atque dolorem cumque.',12,'App\\Inventory',1,0,'2020-09-27 19:26:32','2020-09-17 19:26:32'),(15,1,4,'Impedit voluptas voluptatem error nam quis maiores dolores. Animi velit error delectus quam veritatis maiores ab. Accusamus facilis quo tempora aut.',1,'App\\Shop',1,0,'2020-09-25 19:26:32','2020-09-19 19:26:32'),(16,1,5,'Consequatur laudantium voluptatem magnam suscipit assumenda ad. Nam aut dolorem provident eos. Esse nostrum ut minus.',17,'App\\Inventory',1,0,'2020-09-16 19:26:32','2020-09-23 19:26:32'),(17,1,1,'Nostrum blanditiis ipsa et ratione cumque quae aliquam et. Et est rerum modi porro optio. Sed fuga possimus a et soluta.',1,'App\\Inventory',1,0,'2020-09-19 19:26:32','2020-09-17 19:26:32'),(18,1,3,'Ipsam iusto quae unde id error deleniti. Molestiae aliquam saepe necessitatibus aspernatur ea. In possimus modi non quam nam et.',16,'App\\Inventory',1,0,'2020-09-24 19:26:32','2020-09-17 19:26:32'),(19,1,2,'Corrupti sit hic sunt sapiente voluptatem in ab. In consequatur sint aut perferendis laboriosam soluta deserunt. Nesciunt quas aspernatur quisquam totam.',1,'App\\Shop',1,0,'2020-09-21 19:26:32','2020-09-18 19:26:32'),(20,1,1,'Ullam ipsum sed explicabo natus doloribus officiis est. Earum nihil rerum illo. In consectetur ea quaerat consequatur repellat ut.',15,'App\\Inventory',1,0,'2020-09-19 19:26:32','2020-09-23 19:26:32'),(21,1,1,'Dolor alias harum autem voluptas cumque et. Perspiciatis voluptas pariatur numquam est. Et ullam ducimus in consectetur. Nemo aperiam veniam facilis harum sunt ut consequuntur.',1,'App\\Shop',1,0,'2020-09-17 19:26:32','2020-09-22 19:26:32'),(22,1,3,'A sit qui qui voluptas et. Unde facilis officia quis atque rerum. Dolor sint inventore ducimus id sapiente facilis nam.',21,'App\\Inventory',1,0,'2020-09-22 19:26:32','2020-09-18 19:26:32'),(23,1,2,'Incidunt rerum deleniti rerum quos repudiandae culpa quo. Nam magnam incidunt et occaecati.',1,'App\\Shop',1,0,'2020-09-16 19:26:32','2020-09-27 19:26:32'),(24,1,2,'Voluptatum ea temporibus inventore autem et aut. Quos eos dolorem ipsum consequatur ut. Qui id recusandae incidunt autem. Sint ab quia ea dolor.',1,'App\\Shop',1,0,'2020-09-18 19:26:32','2020-09-26 19:26:32'),(25,1,5,'Ea quo quod consectetur doloribus ex nulla tenetur qui. Optio autem minima corporis dignissimos quidem exercitationem. Magni non est nisi.',13,'App\\Inventory',1,0,'2020-09-24 19:26:32','2020-09-25 19:26:32'),(26,1,4,'Eveniet magni consequatur sit fuga ipsam dolor voluptatem consequatur. Praesentium ullam ut ipsum molestias quis fuga quisquam. Earum occaecati consequuntur illum expedita id.',1,'App\\Shop',1,0,'2020-09-19 19:26:32','2020-09-29 19:26:32'),(27,1,1,'Est minima ut sit dolore. Inventore commodi ea quisquam qui in harum.',1,'App\\Shop',1,0,'2020-09-30 19:26:32','2020-09-28 19:26:32'),(28,1,2,'Ut ex voluptas alias omnis beatae. Reprehenderit in dolorum deserunt voluptatem ea possimus. Nihil commodi illum quod sunt est. Nulla ipsa facilis et aut eaque minima. Esse deleniti alias perferendis possimus.',8,'App\\Inventory',1,0,'2020-10-01 19:26:32','2020-09-19 19:26:32'),(29,1,3,'Qui non consequatur iste ipsa. Minima maxime blanditiis omnis quod aliquid repellat quas eius. Quia incidunt quia molestiae amet ea consequuntur veritatis.',29,'App\\Inventory',1,0,'2020-10-01 19:26:32','2020-09-16 19:26:32'),(30,1,2,'Non repudiandae nihil quia est consequatur perferendis nostrum. Libero voluptatem minus laudantium aperiam est. Minus repellendus saepe voluptates ex nulla esse incidunt. Deleniti debitis officia eos inventore.',1,'App\\Inventory',1,0,'2020-09-29 19:26:32','2020-09-16 19:26:32');
/*!40000 ALTER TABLE `feedbacks` ENABLE KEYS */;
UNLOCK TABLES;

--
-- Table structure for table `gift_cards`
--

DROP TABLE IF EXISTS `gift_cards`;
/*!40101 SET @saved_cs_client     = @@character_set_client */;
/*!40101 SET character_set_client = utf8 */;
CREATE TABLE `gift_cards` (
  `id` bigint(20) unsigned NOT NULL AUTO_INCREMENT,
  `customer_id` bigint(20) unsigned DEFAULT NULL,
  `name` text COLLATE utf8_unicode_ci DEFAULT NULL,
  `description` text COLLATE utf8_unicode_ci DEFAULT NULL,
  `serial_number` varchar(255) COLLATE utf8_unicode_ci DEFAULT NULL,
  `pin_code` varchar(255) COLLATE utf8_unicode_ci DEFAULT NULL,
  `value` decimal(20,6) DEFAULT NULL,
  `remaining_value` decimal(20,6) DEFAULT NULL,
  `partial_use` tinyint(1) DEFAULT NULL,
  `activation_time` timestamp NULL DEFAULT NULL,
  `expiry_time` timestamp NULL DEFAULT NULL,
  `exclude_offer_items` tinyint(1) DEFAULT NULL,
  `exclude_tax_n_shipping` tinyint(1) DEFAULT NULL,
  `deleted_at` timestamp NULL DEFAULT NULL,
  `created_at` timestamp NULL DEFAULT NULL,
  `updated_at` timestamp NULL DEFAULT NULL,
  PRIMARY KEY (`id`)
) ENGINE=InnoDB DEFAULT CHARSET=utf8 COLLATE=utf8_unicode_ci;
/*!40101 SET character_set_client = @saved_cs_client */;

--
-- Dumping data for table `gift_cards`
--

LOCK TABLES `gift_cards` WRITE;
/*!40000 ALTER TABLE `gift_cards` DISABLE KEYS */;
/*!40000 ALTER TABLE `gift_cards` ENABLE KEYS */;
UNLOCK TABLES;

--
-- Table structure for table `gtin_types`
--

DROP TABLE IF EXISTS `gtin_types`;
/*!40101 SET @saved_cs_client     = @@character_set_client */;
/*!40101 SET character_set_client = utf8 */;
CREATE TABLE `gtin_types` (
  `id` int(10) unsigned NOT NULL AUTO_INCREMENT,
  `name` varchar(100) COLLATE utf8_unicode_ci NOT NULL,
  `description` text COLLATE utf8_unicode_ci NOT NULL,
  PRIMARY KEY (`id`),
  UNIQUE KEY `gtin_types_name_unique` (`name`)
) ENGINE=InnoDB AUTO_INCREMENT=6 DEFAULT CHARSET=utf8 COLLATE=utf8_unicode_ci;
/*!40101 SET character_set_client = @saved_cs_client */;

--
-- Dumping data for table `gtin_types`
--

LOCK TABLES `gtin_types` WRITE;
/*!40000 ALTER TABLE `gtin_types` DISABLE KEYS */;
INSERT INTO `gtin_types` VALUES (1,'UPC','Universal Product Code (UPC), also called GTIN-12 and UPC-A'),(2,'EAN','European Article Number (EAN), also called GTIN-13'),(3,'JAN','Japanese Article Number (JAN), also called GTIN-13'),(4,'ISBN','International Standard Book Number (ISBN)'),(5,'ITF','ITF barcodes, also known as Interleaved 2 of 5 barcodes, encode 14 numeric digits and are generally used for the packaging level of products. Since they can deal with high printing tolerances, ITF is a good choice when barcodes need to be printed on corrugated cardboard.');
/*!40000 ALTER TABLE `gtin_types` ENABLE KEYS */;
UNLOCK TABLES;

--
-- Table structure for table `images`
--

DROP TABLE IF EXISTS `images`;
/*!40101 SET @saved_cs_client     = @@character_set_client */;
/*!40101 SET character_set_client = utf8 */;
CREATE TABLE `images` (
  `id` bigint(20) unsigned NOT NULL AUTO_INCREMENT,
  `path` text COLLATE utf8_unicode_ci NOT NULL,
  `name` text COLLATE utf8_unicode_ci DEFAULT NULL,
  `extension` varchar(255) COLLATE utf8_unicode_ci DEFAULT NULL,
  `size` varchar(255) COLLATE utf8_unicode_ci DEFAULT '0',
  `order` int(11) NOT NULL DEFAULT 0,
  `featured` tinyint(1) DEFAULT NULL,
  `imageable_id` int(10) unsigned NOT NULL,
  `imageable_type` varchar(255) COLLATE utf8_unicode_ci NOT NULL,
  `created_at` timestamp NULL DEFAULT NULL,
  `updated_at` timestamp NULL DEFAULT NULL,
  PRIMARY KEY (`id`)
) ENGINE=InnoDB AUTO_INCREMENT=231 DEFAULT CHARSET=utf8 COLLATE=utf8_unicode_ci;
/*!40101 SET character_set_client = @saved_cs_client */;

--
-- Dumping data for table `images`
--

LOCK TABLES `images` WRITE;
/*!40000 ALTER TABLE `images` DISABLE KEYS */;
INSERT INTO `images` VALUES (1,'images/shop_logo_1.png','shop_logo_1.png','png','0',0,0,1,'App\\Shop','2020-10-01 19:26:29','2020-10-01 19:26:29'),(2,'images/shop_logo_2.png','shop_logo_2.png','png','0',0,0,2,'App\\Shop','2020-10-01 19:26:29','2020-10-01 19:26:29'),(3,'images/category_5.png','category_5.png','png','0',0,0,5,'App\\CategoryGroup','2020-10-01 19:26:29','2020-10-01 19:26:29'),(4,'images/category_4.png','category_4.png','png','0',0,0,4,'App\\CategoryGroup','2020-10-01 19:26:29','2020-10-01 19:26:29'),(5,'images/category_2.png','category_2.png','png','0',0,0,2,'App\\CategoryGroup','2020-10-01 19:26:29','2020-10-01 19:26:29'),(6,'images/category_9.png','category_9.png','png','0',0,0,9,'App\\CategoryGroup','2020-10-01 19:26:29','2020-10-01 19:26:29'),(7,'images/category_1.png','category_1.png','png','0',0,0,1,'App\\CategoryGroup','2020-10-01 19:26:29','2020-10-01 19:26:29'),(8,'images/category_7.png','category_7.png','png','0',0,0,7,'App\\CategoryGroup','2020-10-01 19:26:29','2020-10-01 19:26:29'),(9,'images/category_3.png','category_3.png','png','0',0,0,3,'App\\CategoryGroup','2020-10-01 19:26:29','2020-10-01 19:26:29'),(10,'images/category_8.png','category_8.png','png','0',0,0,8,'App\\CategoryGroup','2020-10-01 19:26:29','2020-10-01 19:26:29'),(11,'images/category_6.png','category_6.png','png','0',0,0,6,'App\\CategoryGroup','2020-10-01 19:26:29','2020-10-01 19:26:29'),(12,'images/6lRmNz64hs.jpg','6lRmNz64hs.jpg','jpg','227200',0,1,12,'App\\Product','2020-10-01 19:26:30','2020-10-01 19:26:30'),(13,'images/iQGluTUoom.jpeg','iQGluTUoom.jpeg','jpeg','133945',0,0,12,'App\\Product','2020-10-01 19:26:30','2020-10-01 19:26:30'),(14,'images/GK3mPyTcxj.jpg','GK3mPyTcxj.jpg','jpg','228193',0,1,11,'App\\Product','2020-10-01 19:26:30','2020-10-01 19:26:30'),(15,'images/2FfjHYDXqC.jpg','2FfjHYDXqC.jpg','jpg','236010',0,0,11,'App\\Product','2020-10-01 19:26:30','2020-10-01 19:26:30'),(16,'images/2QpCdPXwue.jpg','2QpCdPXwue.jpg','jpg','474967',0,1,10,'App\\Product','2020-10-01 19:26:30','2020-10-01 19:26:30'),(17,'images/Dmul2V63lh.jpg','Dmul2V63lh.jpg','jpg','320629',0,0,10,'App\\Product','2020-10-01 19:26:30','2020-10-01 19:26:30'),(18,'images/vjc3lFK3B6.jpg','vjc3lFK3B6.jpg','jpg','396205',0,0,10,'App\\Product','2020-10-01 19:26:30','2020-10-01 19:26:30'),(19,'images/CT2hqwN5BL.jpg','CT2hqwN5BL.jpg','jpg','415302',0,0,10,'App\\Product','2020-10-01 19:26:30','2020-10-01 19:26:30'),(20,'images/LJu7O1nETf.jpg','LJu7O1nETf.jpg','jpg','128590',0,1,22,'App\\Product','2020-10-01 19:26:30','2020-10-01 19:26:30'),(21,'images/0ZdeQ1ZYGb.png','0ZdeQ1ZYGb.png','png','451649',0,0,22,'App\\Product','2020-10-01 19:26:30','2020-10-01 19:26:30'),(22,'images/Ax6MctMyRZ.jpeg','Ax6MctMyRZ.jpeg','jpeg','37291',0,0,22,'App\\Product','2020-10-01 19:26:30','2020-10-01 19:26:30'),(23,'images/WPq7Wzh7Wi.jpeg','WPq7Wzh7Wi.jpeg','jpeg','107989',0,0,22,'App\\Product','2020-10-01 19:26:30','2020-10-01 19:26:30'),(24,'images/DvEMxizJ4n.jpg','DvEMxizJ4n.jpg','jpg','100496',0,1,15,'App\\Product','2020-10-01 19:26:30','2020-10-01 19:26:30'),(25,'images/eHBmx736Ki.jpg','eHBmx736Ki.jpg','jpg','32765',0,0,15,'App\\Product','2020-10-01 19:26:30','2020-10-01 19:26:30'),(26,'images/FkAdHAEaki.jpg','FkAdHAEaki.jpg','jpg','77067',0,0,15,'App\\Product','2020-10-01 19:26:30','2020-10-01 19:26:30'),(27,'images/3hBlcvl9ym.jpg','3hBlcvl9ym.jpg','jpg','61229',0,0,15,'App\\Product','2020-10-01 19:26:30','2020-10-01 19:26:30'),(28,'images/4yci0dJF3q.jpg','4yci0dJF3q.jpg','jpg','246030',0,1,1,'App\\Product','2020-10-01 19:26:30','2020-10-01 19:26:30'),(29,'images/DW49TmsTSn.jpg','DW49TmsTSn.jpg','jpg','113320',0,0,1,'App\\Product','2020-10-01 19:26:30','2020-10-01 19:26:30'),(30,'images/1gSqVKdr3x.jpg','1gSqVKdr3x.jpg','jpg','354959',0,0,1,'App\\Product','2020-10-01 19:26:30','2020-10-01 19:26:30'),(31,'images/wwL3NdZPTF.jpg','wwL3NdZPTF.jpg','jpg','277953',0,1,16,'App\\Product','2020-10-01 19:26:30','2020-10-01 19:26:30'),(32,'images/uulJu4HfIw.jpg','uulJu4HfIw.jpg','jpg','876612',0,0,16,'App\\Product','2020-10-01 19:26:30','2020-10-01 19:26:30'),(33,'images/if3YcEPCDT.jpg','if3YcEPCDT.jpg','jpg','342102',0,0,16,'App\\Product','2020-10-01 19:26:30','2020-10-01 19:26:30'),(34,'images/0dYB3FSxxm.jpg','0dYB3FSxxm.jpg','jpg','160529',0,1,19,'App\\Product','2020-10-01 19:26:30','2020-10-01 19:26:30'),(35,'images/2Ft60PyVET.png','2Ft60PyVET.png','png','194838',0,0,19,'App\\Product','2020-10-01 19:26:30','2020-10-01 19:26:30'),(36,'images/YuR8o2mNB1.png','YuR8o2mNB1.png','png','146865',0,0,19,'App\\Product','2020-10-01 19:26:30','2020-10-01 19:26:30'),(37,'images/6YoUeOT0w3.jpg','6YoUeOT0w3.jpg','jpg','216880',0,1,14,'App\\Product','2020-10-01 19:26:30','2020-10-01 19:26:30'),(38,'images/1UxtmTQc4E.jpg','1UxtmTQc4E.jpg','jpg','173268',0,0,14,'App\\Product','2020-10-01 19:26:30','2020-10-01 19:26:30'),(39,'images/OFZhBkxytw.jpg','OFZhBkxytw.jpg','jpg','158435',0,0,14,'App\\Product','2020-10-01 19:26:30','2020-10-01 19:26:30'),(40,'images/eZA2zuTDyX.jpg','eZA2zuTDyX.jpg','jpg','122447',0,1,9,'App\\Product','2020-10-01 19:26:30','2020-10-01 19:26:30'),(41,'images/ITeYqOm2gz.jpg','ITeYqOm2gz.jpg','jpg','41639',0,0,9,'App\\Product','2020-10-01 19:26:30','2020-10-01 19:26:30'),(42,'images/DydsR7JuHE.jpg','DydsR7JuHE.jpg','jpg','61874',0,0,9,'App\\Product','2020-10-01 19:26:30','2020-10-01 19:26:30'),(43,'images/u1QTbJDnp5.jpg','u1QTbJDnp5.jpg','jpg','145490',0,1,25,'App\\Product','2020-10-01 19:26:30','2020-10-01 19:26:30'),(44,'images/3o9z0YfS12.jpg','3o9z0YfS12.jpg','jpg','463973',0,0,25,'App\\Product','2020-10-01 19:26:30','2020-10-01 19:26:30'),(45,'images/5VY85ivwsG.jpeg','5VY85ivwsG.jpeg','jpeg','51467',0,0,25,'App\\Product','2020-10-01 19:26:30','2020-10-01 19:26:30'),(46,'images/x9B300wyB9.jpg','x9B300wyB9.jpg','jpg','315426',0,1,27,'App\\Product','2020-10-01 19:26:30','2020-10-01 19:26:30'),(47,'images/VV3Zu9ogOX.jpg','VV3Zu9ogOX.jpg','jpg','229382',0,0,27,'App\\Product','2020-10-01 19:26:30','2020-10-01 19:26:30'),(48,'images/vO44vtEAFG.jpg','vO44vtEAFG.jpg','jpg','254367',0,0,27,'App\\Product','2020-10-01 19:26:30','2020-10-01 19:26:30'),(49,'images/onTLAoh1Cb.jpg','onTLAoh1Cb.jpg','jpg','273044',0,0,27,'App\\Product','2020-10-01 19:26:30','2020-10-01 19:26:30'),(50,'images/afz9CiNujU.jpg','afz9CiNujU.jpg','jpg','277953',0,1,8,'App\\Product','2020-10-01 19:26:30','2020-10-01 19:26:30'),(51,'images/IsPtpveP0d.jpg','IsPtpveP0d.jpg','jpg','876612',0,0,8,'App\\Product','2020-10-01 19:26:30','2020-10-01 19:26:30'),(52,'images/vXHuxYyjm8.jpg','vXHuxYyjm8.jpg','jpg','342102',0,0,8,'App\\Product','2020-10-01 19:26:30','2020-10-01 19:26:30'),(53,'images/rgy27P7DxS.jpg','rgy27P7DxS.jpg','jpg','150546',0,1,4,'App\\Product','2020-10-01 19:26:30','2020-10-01 19:26:30'),(54,'images/86ZC8FVPPu.jpg','86ZC8FVPPu.jpg','jpg','23875',0,0,4,'App\\Product','2020-10-01 19:26:30','2020-10-01 19:26:30'),(55,'images/Mu4hXnX17E.jpg','Mu4hXnX17E.jpg','jpg','63923',0,0,4,'App\\Product','2020-10-01 19:26:30','2020-10-01 19:26:30'),(56,'images/dMdTZKUvQY.jpg','dMdTZKUvQY.jpg','jpg','227200',0,1,17,'App\\Product','2020-10-01 19:26:30','2020-10-01 19:26:30'),(57,'images/ckEDgZmOV4.jpeg','ckEDgZmOV4.jpeg','jpeg','133945',0,0,17,'App\\Product','2020-10-01 19:26:30','2020-10-01 19:26:30'),(58,'images/gGpZgWqqdn.jpg','gGpZgWqqdn.jpg','jpg','214433',0,1,26,'App\\Product','2020-10-01 19:26:30','2020-10-01 19:26:30'),(59,'images/cUGkCFH63V.jpg','cUGkCFH63V.jpg','jpg','140388',0,0,26,'App\\Product','2020-10-01 19:26:30','2020-10-01 19:26:30'),(60,'images/eX8X436pbJ.jpg','eX8X436pbJ.jpg','jpg','123509',0,0,26,'App\\Product','2020-10-01 19:26:30','2020-10-01 19:26:30'),(61,'images/9wuKYZyWmQ.jpg','9wuKYZyWmQ.jpg','jpg','154752',0,1,23,'App\\Product','2020-10-01 19:26:30','2020-10-01 19:26:30'),(62,'images/4l13RHP4he.jpg','4l13RHP4he.jpg','jpg','49365',0,0,23,'App\\Product','2020-10-01 19:26:30','2020-10-01 19:26:30'),(63,'images/EityK51MEN.jpg','EityK51MEN.jpg','jpg','12887',0,0,23,'App\\Product','2020-10-01 19:26:30','2020-10-01 19:26:30'),(64,'images/xM18tRElnZ.jpg','xM18tRElnZ.jpg','jpg','498648',0,1,21,'App\\Product','2020-10-01 19:26:30','2020-10-01 19:26:30'),(65,'images/CcCqcVmNZ9.jpg','CcCqcVmNZ9.jpg','jpg','478752',0,0,21,'App\\Product','2020-10-01 19:26:30','2020-10-01 19:26:30'),(66,'images/C0TJx4fEcC.jpg','C0TJx4fEcC.jpg','jpg','214433',0,1,29,'App\\Product','2020-10-01 19:26:30','2020-10-01 19:26:30'),(67,'images/8LTUPl7gKK.jpg','8LTUPl7gKK.jpg','jpg','140388',0,0,29,'App\\Product','2020-10-01 19:26:30','2020-10-01 19:26:30'),(68,'images/a9abDyyHl5.jpg','a9abDyyHl5.jpg','jpg','123509',0,0,29,'App\\Product','2020-10-01 19:26:30','2020-10-01 19:26:30'),(69,'images/FzPSYG9DuU.jpg','FzPSYG9DuU.jpg','jpg','139886',0,1,13,'App\\Product','2020-10-01 19:26:30','2020-10-01 19:26:30'),(70,'images/WKmptoO7pm.jpg','WKmptoO7pm.jpg','jpg','96212',0,0,13,'App\\Product','2020-10-01 19:26:30','2020-10-01 19:26:30'),(71,'images/hnEPbhw5nO.jpg','hnEPbhw5nO.jpg','jpg','90308',0,0,13,'App\\Product','2020-10-01 19:26:30','2020-10-01 19:26:30'),(72,'images/9uM9BfLEte.jpg','9uM9BfLEte.jpg','jpg','202167',0,1,6,'App\\Product','2020-10-01 19:26:30','2020-10-01 19:26:30'),(73,'images/y4kC6a7r1K.jpg','y4kC6a7r1K.jpg','jpg','150734',0,1,20,'App\\Product','2020-10-01 19:26:30','2020-10-01 19:26:30'),(74,'images/ZaHkZ6rK4k.jpg','ZaHkZ6rK4k.jpg','jpg','52301',0,0,20,'App\\Product','2020-10-01 19:26:30','2020-10-01 19:26:30'),(75,'images/scN42S0zIT.jpg','scN42S0zIT.jpg','jpg','179703',0,1,18,'App\\Product','2020-10-01 19:26:30','2020-10-01 19:26:30'),(76,'images/q7yqpS8H7M.jpg','q7yqpS8H7M.jpg','jpg','194943',0,0,18,'App\\Product','2020-10-01 19:26:30','2020-10-01 19:26:30'),(77,'images/fpuO9V5KO0.jpg','fpuO9V5KO0.jpg','jpg','166868',0,0,18,'App\\Product','2020-10-01 19:26:30','2020-10-01 19:26:30'),(78,'images/x0uSehqVFN.jpg','x0uSehqVFN.jpg','jpg','171460',0,1,3,'App\\Product','2020-10-01 19:26:30','2020-10-01 19:26:30'),(79,'images/K17sDOxKls.jpg','K17sDOxKls.jpg','jpg','58348',0,0,3,'App\\Product','2020-10-01 19:26:30','2020-10-01 19:26:30'),(80,'images/t4GSkKuG1t.jpg','t4GSkKuG1t.jpg','jpg','332245',0,1,28,'App\\Product','2020-10-01 19:26:30','2020-10-01 19:26:30'),(81,'images/Tbjfl1JjOd.jpg','Tbjfl1JjOd.jpg','jpg','278426',0,0,28,'App\\Product','2020-10-01 19:26:30','2020-10-01 19:26:30'),(82,'images/nCFkztIU5W.jpg','nCFkztIU5W.jpg','jpg','367888',0,1,30,'App\\Product','2020-10-01 19:26:30','2020-10-01 19:26:30'),(83,'images/Te2NRf6xcI.jpg','Te2NRf6xcI.jpg','jpg','248919',0,0,30,'App\\Product','2020-10-01 19:26:30','2020-10-01 19:26:30'),(84,'images/GRqbf5igIl.jpg','GRqbf5igIl.jpg','jpg','511252',0,0,30,'App\\Product','2020-10-01 19:26:30','2020-10-01 19:26:30'),(85,'images/7VQy0XZmZ1.jpg','7VQy0XZmZ1.jpg','jpg','147417',0,1,24,'App\\Product','2020-10-01 19:26:30','2020-10-01 19:26:30'),(86,'images/2WMD6z12vE.jpg','2WMD6z12vE.jpg','jpg','117482',0,0,24,'App\\Product','2020-10-01 19:26:30','2020-10-01 19:26:30'),(87,'images/UOOxQxxWTa.jpg','UOOxQxxWTa.jpg','jpg','128884',0,0,24,'App\\Product','2020-10-01 19:26:30','2020-10-01 19:26:30'),(88,'images/SMWRrlGlLi.jpg','SMWRrlGlLi.jpg','jpg','150367',0,1,2,'App\\Product','2020-10-01 19:26:30','2020-10-01 19:26:30'),(89,'images/aTVX01WoOT.jpg','aTVX01WoOT.jpg','jpg','344533',0,0,2,'App\\Product','2020-10-01 19:26:30','2020-10-01 19:26:30'),(90,'images/Sr5z2SQ1n8.jpg','Sr5z2SQ1n8.jpg','jpg','110646',0,0,2,'App\\Product','2020-10-01 19:26:30','2020-10-01 19:26:30'),(91,'images/rQpdgBzRKk.jpg','rQpdgBzRKk.jpg','jpg','202167',0,1,5,'App\\Product','2020-10-01 19:26:30','2020-10-01 19:26:30'),(92,'images/2oB7R2rYQI.jpg','2oB7R2rYQI.jpg','jpg','118247',0,0,5,'App\\Product','2020-10-01 19:26:30','2020-10-01 19:26:30'),(93,'images/SeOHZJuaJs.jpg','SeOHZJuaJs.jpg','jpg','219962',0,0,5,'App\\Product','2020-10-01 19:26:30','2020-10-01 19:26:30'),(94,'images/RJA3UkyHYe.jpg','RJA3UkyHYe.jpg','jpg','485590',0,1,7,'App\\Product','2020-10-01 19:26:30','2020-10-01 19:26:30'),(95,'images/5l6ANMkl1E.jpg','5l6ANMkl1E.jpg','jpg','450759',0,0,7,'App\\Product','2020-10-01 19:26:30','2020-10-01 19:26:30'),(96,'images/3dQ0aMRcIP.jpg','3dQ0aMRcIP.jpg','jpg','382586',0,0,7,'App\\Product','2020-10-01 19:26:30','2020-10-01 19:26:30'),(97,'images/E3FNmT8QPr.jpg','E3FNmT8QPr.jpg','jpg','71204',0,NULL,20,'App\\Inventory','2020-10-01 19:26:32','2020-10-01 19:26:32'),(98,'images/O22ECoZ01x.jpg','O22ECoZ01x.jpg','jpg','12787',0,NULL,20,'App\\Inventory','2020-10-01 19:26:32','2020-10-01 19:26:32'),(99,'images/Zbl8aNlytZ.jpg','Zbl8aNlytZ.jpg','jpg','19339',0,NULL,20,'App\\Inventory','2020-10-01 19:26:32','2020-10-01 19:26:32'),(100,'images/MwLlEtosmd.jpg','MwLlEtosmd.jpg','jpg','147417',0,NULL,21,'App\\Inventory','2020-10-01 19:26:32','2020-10-01 19:26:32'),(101,'images/2ysWrBJfef.jpg','2ysWrBJfef.jpg','jpg','117482',0,NULL,21,'App\\Inventory','2020-10-01 19:26:32','2020-10-01 19:26:32'),(102,'images/3GNFNqZX7S.jpg','3GNFNqZX7S.jpg','jpg','128884',0,NULL,21,'App\\Inventory','2020-10-01 19:26:32','2020-10-01 19:26:32'),(103,'images/GimjWTE5n5.jpg','GimjWTE5n5.jpg','jpg','485590',0,NULL,25,'App\\Inventory','2020-10-01 19:26:32','2020-10-01 19:26:32'),(104,'images/wYoEUmrpdL.jpg','wYoEUmrpdL.jpg','jpg','450759',0,NULL,25,'App\\Inventory','2020-10-01 19:26:32','2020-10-01 19:26:32'),(105,'images/TW6HrbCmFA.jpg','TW6HrbCmFA.jpg','jpg','382586',0,NULL,25,'App\\Inventory','2020-10-01 19:26:32','2020-10-01 19:26:32'),(106,'images/fgE1HDRURU.jpg','fgE1HDRURU.jpg','jpg','488363',0,NULL,7,'App\\Inventory','2020-10-01 19:26:32','2020-10-01 19:26:32'),(107,'images/ICrEM9dJfm.jpg','ICrEM9dJfm.jpg','jpg','410379',0,NULL,7,'App\\Inventory','2020-10-01 19:26:32','2020-10-01 19:26:32'),(108,'images/HqVET8zsTv.jpg','HqVET8zsTv.jpg','jpg','370985',0,NULL,7,'App\\Inventory','2020-10-01 19:26:32','2020-10-01 19:26:32'),(109,'images/BTkCoQxvYU.jpg','BTkCoQxvYU.jpg','jpg','279970',0,NULL,7,'App\\Inventory','2020-10-01 19:26:32','2020-10-01 19:26:32'),(110,'images/b4dapYhGJY.jpg','b4dapYhGJY.jpg','jpg','143272',0,NULL,26,'App\\Inventory','2020-10-01 19:26:32','2020-10-01 19:26:32'),(111,'images/J5LsmgeQ3j.jpg','J5LsmgeQ3j.jpg','jpg','290073',0,NULL,26,'App\\Inventory','2020-10-01 19:26:32','2020-10-01 19:26:32'),(112,'images/hyUqzXiBeu.jpg','hyUqzXiBeu.jpg','jpg','339333',0,NULL,26,'App\\Inventory','2020-10-01 19:26:32','2020-10-01 19:26:32'),(113,'images/euyu6cxPR5.jpg','euyu6cxPR5.jpg','jpg','135881',0,NULL,3,'App\\Inventory','2020-10-01 19:26:32','2020-10-01 19:26:32'),(114,'images/v6T9JnR7FN.jpg','v6T9JnR7FN.jpg','jpg','224145',0,NULL,3,'App\\Inventory','2020-10-01 19:26:32','2020-10-01 19:26:32'),(115,'images/vxP421283X.jpg','vxP421283X.jpg','jpg','435031',0,NULL,3,'App\\Inventory','2020-10-01 19:26:32','2020-10-01 19:26:32'),(116,'images/l1Muayo7sj.jpg','l1Muayo7sj.jpg','jpg','100496',0,NULL,10,'App\\Inventory','2020-10-01 19:26:32','2020-10-01 19:26:32'),(117,'images/DW6hSMmKqk.jpg','DW6hSMmKqk.jpg','jpg','32765',0,NULL,10,'App\\Inventory','2020-10-01 19:26:32','2020-10-01 19:26:32'),(118,'images/Y30hZpCu9j.jpg','Y30hZpCu9j.jpg','jpg','77067',0,NULL,10,'App\\Inventory','2020-10-01 19:26:32','2020-10-01 19:26:32'),(119,'images/NaUzhjL3iD.jpg','NaUzhjL3iD.jpg','jpg','61229',0,NULL,10,'App\\Inventory','2020-10-01 19:26:32','2020-10-01 19:26:32'),(120,'images/naWDUVmfHT.jpg','naWDUVmfHT.jpg','jpg','71204',0,NULL,16,'App\\Inventory','2020-10-01 19:26:32','2020-10-01 19:26:32'),(121,'images/YqhrQbjf49.jpg','YqhrQbjf49.jpg','jpg','12787',0,NULL,16,'App\\Inventory','2020-10-01 19:26:32','2020-10-01 19:26:32'),(122,'images/86BeJfmL3h.jpg','86BeJfmL3h.jpg','jpg','19339',0,NULL,16,'App\\Inventory','2020-10-01 19:26:32','2020-10-01 19:26:32'),(123,'images/lVL4eIZDGh.jpg','lVL4eIZDGh.jpg','jpg','332245',0,NULL,23,'App\\Inventory','2020-10-01 19:26:32','2020-10-01 19:26:32'),(124,'images/uYlc08ZehY.jpg','uYlc08ZehY.jpg','jpg','278426',0,NULL,23,'App\\Inventory','2020-10-01 19:26:32','2020-10-01 19:26:32'),(125,'images/BYNfhNVIM3.jpg','BYNfhNVIM3.jpg','jpg','142420',0,NULL,1,'App\\Inventory','2020-10-01 19:26:32','2020-10-01 19:26:32'),(126,'images/HBwJRrMCL1.jpg','HBwJRrMCL1.jpg','jpg','83815',0,NULL,1,'App\\Inventory','2020-10-01 19:26:32','2020-10-01 19:26:32'),(127,'images/fUHoTeoPHR.jpg','fUHoTeoPHR.jpg','jpg','21357',0,NULL,1,'App\\Inventory','2020-10-01 19:26:32','2020-10-01 19:26:32'),(128,'images/8dMjybhnPz.jpg','8dMjybhnPz.jpg','jpg','349716',0,NULL,6,'App\\Inventory','2020-10-01 19:26:32','2020-10-01 19:26:32'),(129,'images/JvbMF3unrq.jpg','JvbMF3unrq.jpg','jpg','515075',0,NULL,6,'App\\Inventory','2020-10-01 19:26:32','2020-10-01 19:26:32'),(130,'images/A5Xfj1cdJG.jpg','A5Xfj1cdJG.jpg','jpg','159247',0,NULL,18,'App\\Inventory','2020-10-01 19:26:32','2020-10-01 19:26:32'),(131,'images/Mrhl1xckW8.jpg','Mrhl1xckW8.jpg','jpg','9260',0,NULL,18,'App\\Inventory','2020-10-01 19:26:32','2020-10-01 19:26:32'),(132,'images/f0lCTTxHFm.jpg','f0lCTTxHFm.jpg','jpg','12653',0,NULL,18,'App\\Inventory','2020-10-01 19:26:32','2020-10-01 19:26:32'),(133,'images/3WwOA9FOJh.jpg','3WwOA9FOJh.jpg','jpg','485590',0,NULL,8,'App\\Inventory','2020-10-01 19:26:32','2020-10-01 19:26:32'),(134,'images/F9sFuVCZRw.jpg','F9sFuVCZRw.jpg','jpg','450759',0,NULL,8,'App\\Inventory','2020-10-01 19:26:32','2020-10-01 19:26:32'),(135,'images/Dlio1QV17t.jpg','Dlio1QV17t.jpg','jpg','382586',0,NULL,8,'App\\Inventory','2020-10-01 19:26:32','2020-10-01 19:26:32'),(136,'images/4UbkqbTkh1.jpg','4UbkqbTkh1.jpg','jpg','150717',0,NULL,9,'App\\Inventory','2020-10-01 19:26:32','2020-10-01 19:26:32'),(137,'images/K2LZMKp99W.jpg','K2LZMKp99W.jpg','jpg','169722',0,NULL,9,'App\\Inventory','2020-10-01 19:26:32','2020-10-01 19:26:32'),(138,'images/9ZTG6F2Hxc.jpg','9ZTG6F2Hxc.jpg','jpg','152635',0,NULL,9,'App\\Inventory','2020-10-01 19:26:32','2020-10-01 19:26:32'),(139,'images/KelvqgjXnN.jpg','KelvqgjXnN.jpg','jpg','109255',0,NULL,28,'App\\Inventory','2020-10-01 19:26:32','2020-10-01 19:26:32'),(140,'images/Ht7Onndjwx.jpg','Ht7Onndjwx.jpg','jpg','523497',0,NULL,28,'App\\Inventory','2020-10-01 19:26:32','2020-10-01 19:26:32'),(141,'images/6hTtiBdFWs.jpg','6hTtiBdFWs.jpg','jpg','288333',0,NULL,28,'App\\Inventory','2020-10-01 19:26:32','2020-10-01 19:26:32'),(142,'images/Sz6K64OxoF.jpg','Sz6K64OxoF.jpg','jpg','181830',0,NULL,28,'App\\Inventory','2020-10-01 19:26:32','2020-10-01 19:26:32'),(143,'images/nGIX3CMb9S.jpg','nGIX3CMb9S.jpg','jpg','432508',0,NULL,28,'App\\Inventory','2020-10-01 19:26:32','2020-10-01 19:26:32'),(144,'images/GUCT7osIzO.jpg','GUCT7osIzO.jpg','jpg','202845',0,NULL,28,'App\\Inventory','2020-10-01 19:26:32','2020-10-01 19:26:32'),(145,'images/ldvKYddq7O.jpg','ldvKYddq7O.jpg','jpg','143272',0,NULL,11,'App\\Inventory','2020-10-01 19:26:32','2020-10-01 19:26:32'),(146,'images/YGBh09FFdN.jpg','YGBh09FFdN.jpg','jpg','290073',0,NULL,11,'App\\Inventory','2020-10-01 19:26:32','2020-10-01 19:26:32'),(147,'images/dsm8iCpNZG.jpg','dsm8iCpNZG.jpg','jpg','339333',0,NULL,11,'App\\Inventory','2020-10-01 19:26:32','2020-10-01 19:26:32'),(148,'images/miQL3JHOwq.jpg','miQL3JHOwq.jpg','jpg','105641',0,NULL,17,'App\\Inventory','2020-10-01 19:26:32','2020-10-01 19:26:32'),(149,'images/ePHLPEHIHP.jpg','ePHLPEHIHP.jpg','jpg','248951',0,NULL,17,'App\\Inventory','2020-10-01 19:26:32','2020-10-01 19:26:32'),(150,'images/K9WQdv5ddd.jpg','K9WQdv5ddd.jpg','jpg','279672',0,NULL,22,'App\\Inventory','2020-10-01 19:26:32','2020-10-01 19:26:32'),(151,'images/yEt0yvZKlH.jpg','yEt0yvZKlH.jpg','jpg','481848',0,NULL,22,'App\\Inventory','2020-10-01 19:26:32','2020-10-01 19:26:32'),(152,'images/lo1zppMPev.jpg','lo1zppMPev.jpg','jpg','229615',0,NULL,22,'App\\Inventory','2020-10-01 19:26:32','2020-10-01 19:26:32'),(153,'images/3Ftn8jdqxk.jpg','3Ftn8jdqxk.jpg','jpg','185189',0,NULL,13,'App\\Inventory','2020-10-01 19:26:32','2020-10-01 19:26:32'),(154,'images/XnfEbsVfFC.jpg','XnfEbsVfFC.jpg','jpg','756937',0,NULL,13,'App\\Inventory','2020-10-01 19:26:32','2020-10-01 19:26:32'),(155,'images/mkHj8BHXIA.jpg','mkHj8BHXIA.jpg','jpg','150367',0,NULL,14,'App\\Inventory','2020-10-01 19:26:32','2020-10-01 19:26:32'),(156,'images/YokUSAIRk6.jpg','YokUSAIRk6.jpg','jpg','344533',0,NULL,14,'App\\Inventory','2020-10-01 19:26:32','2020-10-01 19:26:32'),(157,'images/ykkx44dXtr.jpg','ykkx44dXtr.jpg','jpg','110646',0,NULL,14,'App\\Inventory','2020-10-01 19:26:32','2020-10-01 19:26:32'),(158,'images/cVQZgm9ns0.jpg','cVQZgm9ns0.jpg','jpg','485590',0,NULL,12,'App\\Inventory','2020-10-01 19:26:32','2020-10-01 19:26:32'),(159,'images/B8gyzL29Hm.jpg','B8gyzL29Hm.jpg','jpg','450759',0,NULL,12,'App\\Inventory','2020-10-01 19:26:32','2020-10-01 19:26:32'),(160,'images/pSlDZZ5VXd.jpg','pSlDZZ5VXd.jpg','jpg','382586',0,NULL,12,'App\\Inventory','2020-10-01 19:26:32','2020-10-01 19:26:32'),(161,'images/lkiuXIGFib.jpg','lkiuXIGFib.jpg','jpg','100496',0,NULL,29,'App\\Inventory','2020-10-01 19:26:32','2020-10-01 19:26:32'),(162,'images/HFyW1jZIBS.jpg','HFyW1jZIBS.jpg','jpg','32765',0,NULL,29,'App\\Inventory','2020-10-01 19:26:32','2020-10-01 19:26:32'),(163,'images/opAEVob5at.jpg','opAEVob5at.jpg','jpg','77067',0,NULL,29,'App\\Inventory','2020-10-01 19:26:32','2020-10-01 19:26:32'),(164,'images/Dbc7BtSKn5.jpg','Dbc7BtSKn5.jpg','jpg','61229',0,NULL,29,'App\\Inventory','2020-10-01 19:26:32','2020-10-01 19:26:32'),(165,'images/vZWLXVPpAa.jpg','vZWLXVPpAa.jpg','jpg','474967',0,NULL,2,'App\\Inventory','2020-10-01 19:26:32','2020-10-01 19:26:32'),(166,'images/b7uaaDO3eT.jpg','b7uaaDO3eT.jpg','jpg','320629',0,NULL,2,'App\\Inventory','2020-10-01 19:26:32','2020-10-01 19:26:32'),(167,'images/gXhSq3Nq2O.jpg','gXhSq3Nq2O.jpg','jpg','396205',0,NULL,2,'App\\Inventory','2020-10-01 19:26:32','2020-10-01 19:26:32'),(168,'images/O3xj1JW7FC.jpg','O3xj1JW7FC.jpg','jpg','415302',0,NULL,2,'App\\Inventory','2020-10-01 19:26:32','2020-10-01 19:26:32'),(169,'images/29TfL4KSzY.jpg','29TfL4KSzY.jpg','jpg','315426',0,NULL,19,'App\\Inventory','2020-10-01 19:26:32','2020-10-01 19:26:32'),(170,'images/ZCyHYtbWhn.jpg','ZCyHYtbWhn.jpg','jpg','229382',0,NULL,19,'App\\Inventory','2020-10-01 19:26:32','2020-10-01 19:26:32'),(171,'images/102ndm6fBF.jpg','102ndm6fBF.jpg','jpg','254367',0,NULL,19,'App\\Inventory','2020-10-01 19:26:32','2020-10-01 19:26:32'),(172,'images/Cmhikw4YBB.jpg','Cmhikw4YBB.jpg','jpg','273044',0,NULL,19,'App\\Inventory','2020-10-01 19:26:32','2020-10-01 19:26:32'),(173,'images/Bs4M7LmhCn.jpg','Bs4M7LmhCn.jpg','jpg','145490',0,NULL,24,'App\\Inventory','2020-10-01 19:26:32','2020-10-01 19:26:32'),(174,'images/x21kAtEilP.jpg','x21kAtEilP.jpg','jpg','463973',0,NULL,24,'App\\Inventory','2020-10-01 19:26:32','2020-10-01 19:26:32'),(175,'images/x24cm6tIG6.jpeg','x24cm6tIG6.jpeg','jpeg','51467',0,NULL,24,'App\\Inventory','2020-10-01 19:26:32','2020-10-01 19:26:32'),(176,'images/S80HD3ince.jpg','S80HD3ince.jpg','jpg','160529',0,NULL,27,'App\\Inventory','2020-10-01 19:26:32','2020-10-01 19:26:32'),(177,'images/kP7BVY8mef.png','kP7BVY8mef.png','png','194838',0,NULL,27,'App\\Inventory','2020-10-01 19:26:32','2020-10-01 19:26:32'),(178,'images/fmcgayrzoi.png','fmcgayrzoi.png','png','146865',0,NULL,27,'App\\Inventory','2020-10-01 19:26:32','2020-10-01 19:26:32'),(179,'images/YfLmyeLmBR.jpg','YfLmyeLmBR.jpg','jpg','143272',0,NULL,15,'App\\Inventory','2020-10-01 19:26:32','2020-10-01 19:26:32'),(180,'images/VCDjGIOte1.jpg','VCDjGIOte1.jpg','jpg','290073',0,NULL,15,'App\\Inventory','2020-10-01 19:26:32','2020-10-01 19:26:32'),(181,'images/NCqjnFNKVN.jpg','NCqjnFNKVN.jpg','jpg','339333',0,NULL,15,'App\\Inventory','2020-10-01 19:26:32','2020-10-01 19:26:32'),(182,'images/nG3TDH05KC.jpg','nG3TDH05KC.jpg','jpg','277953',0,NULL,30,'App\\Inventory','2020-10-01 19:26:32','2020-10-01 19:26:32'),(183,'images/CESvzCjDf3.jpg','CESvzCjDf3.jpg','jpg','876612',0,NULL,30,'App\\Inventory','2020-10-01 19:26:32','2020-10-01 19:26:32'),(184,'images/Mdb27pwjIX.jpg','Mdb27pwjIX.jpg','jpg','342102',0,NULL,30,'App\\Inventory','2020-10-01 19:26:32','2020-10-01 19:26:32'),(185,'images/eBQxBtlpbv.jpg','eBQxBtlpbv.jpg','jpg','145810',0,NULL,4,'App\\Inventory','2020-10-01 19:26:32','2020-10-01 19:26:32'),(186,'images/2eNKdcHmMh.jpg','2eNKdcHmMh.jpg','jpg','44668',0,NULL,4,'App\\Inventory','2020-10-01 19:26:32','2020-10-01 19:26:32'),(187,'images/UKIAwhd5qd.jpg','UKIAwhd5qd.jpg','jpg','40482',0,NULL,4,'App\\Inventory','2020-10-01 19:26:32','2020-10-01 19:26:32'),(188,'images/CYf8PdJt7o.jpg','CYf8PdJt7o.jpg','jpg','32457',0,NULL,4,'App\\Inventory','2020-10-01 19:26:32','2020-10-01 19:26:32'),(189,'images/yhIXvHipLd.jpg','yhIXvHipLd.jpg','jpg','105039',0,NULL,5,'App\\Inventory','2020-10-01 19:26:32','2020-10-01 19:26:32'),(190,'images/hcjG21Odu5.jpg','hcjG21Odu5.jpg','jpg','29912',0,NULL,5,'App\\Inventory','2020-10-01 19:26:32','2020-10-01 19:26:32'),(191,'images/blog_2.png','blog_2.png','png','0',0,1,2,'App\\Blog','2020-10-01 19:26:32','2020-10-01 19:26:32'),(192,'images/blog_4.png','blog_4.png','png','0',0,1,4,'App\\Blog','2020-10-01 19:26:32','2020-10-01 19:26:32'),(193,'images/blog_5.png','blog_5.png','png','0',0,1,5,'App\\Blog','2020-10-01 19:26:32','2020-10-01 19:26:32'),(194,'images/blog_1.png','blog_1.png','png','0',0,1,1,'App\\Blog','2020-10-01 19:26:32','2020-10-01 19:26:32'),(195,'images/blog_3.png','blog_3.png','png','0',0,1,3,'App\\Blog','2020-10-01 19:26:32','2020-10-01 19:26:32'),(196,'images/bXB8eP3uIH.jpg','bXB8eP3uIH.jpg','jpg','120336',1,1,1,'App\\Slider','2020-10-01 19:26:32','2020-10-01 19:26:32'),(197,'images/JUW4wnVd0e.jpg','JUW4wnVd0e.jpg','jpg','167914',1,0,1,'App\\Slider','2020-10-01 19:26:32','2020-10-01 19:26:32'),(198,'images/9Fk69Hh21e.jpg','9Fk69Hh21e.jpg','jpg','203886',2,1,2,'App\\Slider','2020-10-01 19:26:32','2020-10-01 19:26:32'),(199,'images/nERCfPqayU.jpg','nERCfPqayU.jpg','jpg','141704',2,0,2,'App\\Slider','2020-10-01 19:26:32','2020-10-01 19:26:32'),(200,'images/iGjhlekoSo.jpg','iGjhlekoSo.jpg','jpg','184073',3,1,3,'App\\Slider','2020-10-01 19:26:32','2020-10-01 19:26:32'),(201,'images/fl5VmnZAwZ.jpg','fl5VmnZAwZ.jpg','jpg','179071',3,0,3,'App\\Slider','2020-10-01 19:26:32','2020-10-01 19:26:32'),(202,'images/07NE7FWv1h.jpg','07NE7FWv1h.jpg','jpg','91440',4,1,4,'App\\Slider','2020-10-01 19:26:32','2020-10-01 19:26:32'),(203,'images/ZHjYXIfpVV.jpg','ZHjYXIfpVV.jpg','jpg','120619',4,0,4,'App\\Slider','2020-10-01 19:26:32','2020-10-01 19:26:32'),(204,'images/46vk5zInSI.jpg','46vk5zInSI.jpg','jpg','0',0,0,1,'App\\Banner','2020-10-01 19:26:32','2020-10-01 19:26:32'),(205,'images/banner_1.png','banner_1.png','png','0',0,1,1,'App\\Banner','2020-10-01 19:26:32','2020-10-01 19:26:32'),(206,'images/aMNlm2RnnJ.jpg','aMNlm2RnnJ.jpg','jpg','0',0,0,2,'App\\Banner','2020-10-01 19:26:32','2020-10-01 19:26:32'),(207,'images/banner_2.png','banner_2.png','png','0',0,1,2,'App\\Banner','2020-10-01 19:26:32','2020-10-01 19:26:32'),(208,'images/gPRNArVvGy.jpg','gPRNArVvGy.jpg','jpg','0',0,0,3,'App\\Banner','2020-10-01 19:26:32','2020-10-01 19:26:32'),(209,'images/banner_3.png','banner_3.png','png','0',0,1,3,'App\\Banner','2020-10-01 19:26:32','2020-10-01 19:26:32'),(210,'images/L4Up788ooJ.jpg','L4Up788ooJ.jpg','jpg','0',0,0,4,'App\\Banner','2020-10-01 19:26:32','2020-10-01 19:26:32'),(211,'images/banner_4.png','banner_4.png','png','0',0,1,4,'App\\Banner','2020-10-01 19:26:32','2020-10-01 19:26:32'),(212,'images/CkTmLD55WL.jpg','CkTmLD55WL.jpg','jpg','0',0,0,5,'App\\Banner','2020-10-01 19:26:32','2020-10-01 19:26:32'),(213,'images/banner_5.png','banner_5.png','png','0',0,1,5,'App\\Banner','2020-10-01 19:26:32','2020-10-01 19:26:32'),(214,'images/22SnIcIvE7.jpg','22SnIcIvE7.jpg','jpg','0',0,0,6,'App\\Banner','2020-10-01 19:26:32','2020-10-01 19:26:32'),(215,'images/banner_6.png','banner_6.png','png','0',0,1,6,'App\\Banner','2020-10-01 19:26:32','2020-10-01 19:26:32'),(216,'images/lZ2SnAKNou.jpg','lZ2SnAKNou.jpg','jpg','0',0,0,7,'App\\Banner','2020-10-01 19:26:32','2020-10-01 19:26:32'),(217,'images/banner_7.png','banner_7.png','png','0',0,1,7,'App\\Banner','2020-10-01 19:26:32','2020-10-01 19:26:32'),(218,'images/p8hr2AtJqR.jpg','p8hr2AtJqR.jpg','jpg','0',0,0,8,'App\\Banner','2020-10-01 19:26:32','2020-10-01 19:26:32'),(219,'images/banner_8.png','banner_8.png','png','0',0,1,8,'App\\Banner','2020-10-01 19:26:32','2020-10-01 19:26:32'),(220,'images/fV6QtPpVJD.jpg','fV6QtPpVJD.jpg','jpg','0',0,0,9,'App\\Banner','2020-10-01 19:26:32','2020-10-01 19:26:32'),(221,'images/banner_9.png','banner_9.png','png','0',0,1,9,'App\\Banner','2020-10-01 19:26:32','2020-10-01 19:26:32'),(222,'images/CPeONumn96.jpg','CPeONumn96.jpg','jpg','0',0,0,10,'App\\Banner','2020-10-01 19:26:32','2020-10-01 19:26:32'),(223,'images/banner_10.png','banner_10.png','png','0',0,1,10,'App\\Banner','2020-10-01 19:26:32','2020-10-01 19:26:32'),(224,'images/VJEmAFJKSW.jpg','VJEmAFJKSW.jpg','jpg','0',0,0,11,'App\\Banner','2020-10-01 19:26:32','2020-10-01 19:26:32'),(225,'images/banner_11.png','banner_11.png','png','0',0,1,11,'App\\Banner','2020-10-01 19:26:32','2020-10-01 19:26:32'),(227,'images/Knt8syy8W3mv0rlOlfHSCtgf5QrqVL1ifTu8wO8P.png','Favicon-big.png','png','6306',0,0,1,'App\\User','2020-10-01 23:36:51','2020-10-01 23:36:51'),(228,'images/Z3W0QCE446Ebg1LHfB0ZyB9RVfNe9YnerMxkTJG2.jpeg','2.jpg','jpg','252951',0,1,5,'App\\Slider','2020-10-11 06:57:14','2020-10-11 06:57:14'),(229,'images/K8AVUxuuvX22Xp3UuEsrjpFFu3gMQwLzL5jSAi3A.jpeg','3.jpg','jpg','268050',0,1,6,'App\\Slider','2020-10-11 06:57:28','2020-10-11 06:57:28'),(230,'images/3gOnqmloNV1p9khrrErobU4A9meoJzCWvhibR7GI.jpeg','4.jpg','jpg','204275',0,1,7,'App\\Slider','2020-10-11 06:57:41','2020-10-11 06:57:41');
/*!40000 ALTER TABLE `images` ENABLE KEYS */;
UNLOCK TABLES;

--
-- Table structure for table `inventories`
--

DROP TABLE IF EXISTS `inventories`;
/*!40101 SET @saved_cs_client     = @@character_set_client */;
/*!40101 SET character_set_client = utf8 */;
CREATE TABLE `inventories` (
  `id` bigint(20) unsigned NOT NULL AUTO_INCREMENT,
  `shop_id` int(10) unsigned DEFAULT NULL,
  `title` text COLLATE utf8_unicode_ci NOT NULL,
  `warehouse_id` int(10) unsigned DEFAULT NULL,
  `product_id` bigint(20) unsigned NOT NULL,
  `brand` varchar(255) COLLATE utf8_unicode_ci DEFAULT NULL,
  `supplier_id` int(10) unsigned DEFAULT NULL,
  `sku` varchar(200) COLLATE utf8_unicode_ci NOT NULL,
  `condition` enum('New','Used','Refurbished') COLLATE utf8_unicode_ci NOT NULL,
  `condition_note` text COLLATE utf8_unicode_ci DEFAULT NULL,
  `description` longtext COLLATE utf8_unicode_ci DEFAULT NULL,
  `key_features` text COLLATE utf8_unicode_ci DEFAULT NULL,
  `stock_quantity` int(11) NOT NULL DEFAULT 0,
  `damaged_quantity` int(11) DEFAULT NULL,
  `user_id` bigint(20) unsigned DEFAULT NULL,
  `purchase_price` decimal(20,6) DEFAULT NULL,
  `sale_price` decimal(20,6) NOT NULL,
  `offer_price` decimal(20,6) DEFAULT NULL,
  `offer_start` timestamp NULL DEFAULT NULL,
  `offer_end` timestamp NULL DEFAULT NULL,
  `shipping_weight` decimal(20,2) DEFAULT NULL,
  `free_shipping` tinyint(1) DEFAULT NULL,
  `available_from` timestamp NOT NULL DEFAULT current_timestamp(),
  `min_order_quantity` int(11) NOT NULL DEFAULT 1,
  `slug` varchar(200) COLLATE utf8_unicode_ci NOT NULL,
  `linked_items` text COLLATE utf8_unicode_ci DEFAULT NULL,
  `meta_title` text COLLATE utf8_unicode_ci DEFAULT NULL,
  `meta_description` longtext COLLATE utf8_unicode_ci DEFAULT NULL,
  `stuff_pick` tinyint(1) DEFAULT NULL,
  `active` tinyint(1) NOT NULL DEFAULT 1,
  `deleted_at` timestamp NULL DEFAULT NULL,
  `created_at` timestamp NULL DEFAULT NULL,
  `updated_at` timestamp NULL DEFAULT NULL,
  PRIMARY KEY (`id`),
  UNIQUE KEY `inventories_slug_unique` (`slug`),
  KEY `inventories_product_id_foreign` (`product_id`),
  CONSTRAINT `inventories_product_id_foreign` FOREIGN KEY (`product_id`) REFERENCES `products` (`id`) ON DELETE CASCADE
) ENGINE=InnoDB AUTO_INCREMENT=31 DEFAULT CHARSET=utf8 COLLATE=utf8_unicode_ci;
/*!40101 SET character_set_client = @saved_cs_client */;

--
-- Dumping data for table `inventories`
--

LOCK TABLES `inventories` WRITE;
/*!40000 ALTER TABLE `inventories` DISABLE KEYS */;
INSERT INTO `inventories` VALUES (1,1,'Asperiores suscipit est ea expedita illo.',NULL,13,'Wintheiser, Greenfelder and Konopelski',2,'natus','Used','There are no mice in the flurry of the players to be full of tears, but said nothing. \'When we were little,\' the Mock Turtle said with some surprise that the pebbles were all talking together: she.','Praesentium atque officiis quas perspiciatis quasi. Minus nobis et reiciendis ut. Dignissimos vitae nihil repudiandae quia ex. Incidunt commodi vel sapiente dolor est. Voluptas ut eius eaque. A deserunt excepturi commodi natus expedita non. Sequi et dolore id assumenda veritatis velit quia. Magni optio unde itaque qui laboriosam. Consequuntur vel quia sunt nesciunt. Dicta qui qui facilis deleniti hic numquam excepturi. Aut atque quidem omnis dolorem fugiat ex eius. Vel dolorem quibusdam corrupti. Quae molestiae similique distinctio ducimus. Necessitatibus voluptas iure alias voluptatem. Quis dicta cum ut accusantium unde. Blanditiis quas est non sit quidem mollitia et. Ratione sed aut velit quibusdam unde aperiam sed. Maxime saepe consequatur voluptatem nisi qui vitae totam. Voluptas eos esse omnis molestiae. Temporibus perspiciatis voluptas optio sequi. Iure eum est exercitationem quos fugit. Voluptatem in minima quia illum. Mollitia rerum enim consequatur sapiente. Dolores doloribus tenetur quas tenetur dolores rerum. Et quis adipisci et illum nulla aut. Commodi voluptatem saepe fugiat porro explicabo explicabo. Eum blanditiis sequi et temporibus. Sapiente blanditiis et eum dicta. Doloribus reiciendis fugiat sit possimus est ducimus sed. Cum sit mollitia dolorem ut. Id eum iste et velit illum in aut nihil. Sequi qui quasi aut et autem facilis. Ea laboriosam quam magni et. Ipsa mollitia cumque quo vero quia iusto velit.','a:7:{i:0;s:45:\"Sit voluptates et tempora qui nesciunt ullam.\";i:1;s:23:\"Libero itaque ut saepe.\";i:2;s:28:\"Et iure eum nisi aspernatur.\";i:3;s:25:\"Qui a sunt nostrum magni.\";i:4;s:30:\"Sed nihil dolorem earum quasi.\";i:5;s:40:\"Eum odio nobis sed perferendis delectus.\";i:6;s:30:\"Non asperiores et ut deserunt.\";}',44,0,3,152.138742,296.138742,182.138742,'2020-10-01 19:26:00','2020-10-06 19:26:00',1816.00,0,'2020-09-30 19:26:00',1,'porro-et-unde-nesciunt-iure-aut-aliquam','a:2:{i:0;i:18;i:1;i:25;}','Et enim voluptatem fuga sit illo.','By the time at the top of her ever getting out of its mouth, and addressed her in an offended tone. And she began thinking over all the arches are gone from this side of the trees under which she.',0,1,NULL,'2020-09-18 19:26:30','2020-09-20 19:26:30'),(2,2,'Eos eaque eligendi ipsam.',NULL,24,'Watsica, Runte and Beier',1,'doloribus','Used','King triumphantly, pointing to the shore. CHAPTER III. A Caucus-Race and a long and a sad tale!\' said the Gryphon. \'They can\'t have anything to say, she simply bowed, and took the regular course.\'.','Et tempore quis aperiam sunt et ad. Vitae laudantium dolores illum incidunt. Qui quia quibusdam temporibus asperiores alias nihil eum ratione. Dolor ullam iure qui dolores. Omnis repudiandae sapiente quod et culpa. Commodi magni vitae explicabo omnis sunt quisquam dolorem. Nobis et dolores enim temporibus est et eligendi tempore. Assumenda quia vitae ea ad rerum beatae laboriosam harum. Qui quasi aliquid molestiae. Error minima et dicta eum recusandae. Atque quisquam dignissimos fugiat amet voluptatum. Nihil consequatur quibusdam eum eligendi praesentium sit. Quas aut nesciunt incidunt ipsam possimus cumque aut. Quia nemo necessitatibus sunt quia. Velit alias qui dignissimos suscipit dolorum totam minima. Quis placeat beatae quam enim omnis. Et ut placeat ipsum velit quod eos. Asperiores autem culpa minima assumenda minima odit odit et. Et illo repellendus numquam praesentium. Ut non deserunt cumque velit quaerat officiis impedit. Consequatur saepe nesciunt velit reprehenderit iure voluptatem. Veniam recusandae molestias et optio deserunt. Velit vitae nihil ut qui. Voluptatibus aut hic consequatur ipsum veniam. Quia nihil saepe culpa temporibus. Eos sunt mollitia aut. Quo rerum quia molestias id corporis totam sed. Et alias reprehenderit quibusdam voluptas. Sit rem et recusandae consequuntur eos. Laboriosam qui quaerat temporibus enim cumque. At harum voluptatem et placeat dolores dolores facere. Similique labore sed perspiciatis aspernatur nesciunt qui.','a:7:{i:0;s:65:\"Sapiente ea voluptatem temporibus consequatur quo et perferendis.\";i:1;s:60:\"Dolorum animi ut a quis quam nemo reprehenderit dignissimos.\";i:2;s:62:\"Deserunt quia accusantium illum incidunt labore deleniti eius.\";i:3;s:57:\"Eos quas deserunt similique iste eum vel reiciendis fuga.\";i:4;s:67:\"Necessitatibus iure aut nulla illo tenetur voluptatibus quam nihil.\";i:5;s:24:\"In minus eos est cum ex.\";i:6;s:35:\"Sed praesentium enim quo molestias.\";}',34,0,3,250.277944,362.277944,252.277944,'2020-10-01 19:26:00','2020-10-13 19:26:00',676.00,1,'2020-09-28 19:26:00',1,'qui-laborum-ratione-quisquam-necessitatibus-ipsum-quae','a:2:{i:0;i:39;i:1;i:46;}','Voluptatem sunt perspiciatis soluta rerum optio illo.','Who in the night? Let me see: that would happen: \'\"Miss Alice! Come here directly, and get ready to play croquet with the Lory, with a bound into the air, mixed up with the lobsters to the fifth.',0,1,NULL,'2020-09-26 19:26:30','2020-09-28 19:26:30'),(3,2,'Soluta voluptatem dolore et culpa sit ipsa.',NULL,10,'Wintheiser, Greenfelder and Konopelski',4,'animi','Refurbished','The Mouse did not answer, so Alice ventured to ask. \'Suppose we change the subject,\' the March Hare. Alice sighed wearily. \'I think you can find out the verses on his flappers, \'--Mystery, ancient.','Nesciunt quia rerum facilis quis quibusdam eius. Dignissimos nihil et omnis. Quis velit saepe quia fugit. Voluptatem et nobis ut sapiente minima omnis voluptas enim. Magnam deserunt voluptatem est aliquam aut. Ut ullam quia quisquam minus. Magnam nam eos modi voluptas voluptatem repellat et. Vel tenetur non consequatur dicta incidunt voluptatem nihil. Nulla velit sapiente magnam mollitia expedita reprehenderit ad. Pariatur voluptas maiores ipsa sit consequatur repellendus. Omnis sunt ad est aut porro. Repudiandae distinctio dignissimos nesciunt. Ipsam corrupti voluptas tenetur repudiandae sapiente rerum laudantium. Aut ea eaque occaecati. Qui autem quae autem odio. Qui natus voluptatem nesciunt. Et nesciunt fuga et. Sapiente totam molestiae omnis occaecati consequatur. Cupiditate et laudantium non qui. Harum voluptatem illo veritatis reprehenderit ducimus dolore eaque et. Ratione possimus ut quia quia. Quisquam aut maxime iste ut ex. Ut dolorum ex reiciendis in magnam et ducimus. Illo sit quasi harum laboriosam quis ut. Et autem dolores est dolorum enim dicta aut. Dolorum perferendis dicta et omnis natus ducimus. Ut illum quaerat debitis alias odit id. Sed omnis error illo occaecati. Nostrum et voluptatem quia error tenetur non necessitatibus. Facere ipsum porro porro rerum tempore perferendis. Doloremque tenetur asperiores consequatur aut consequuntur mollitia iure. Vel ut ut in. Dolorem velit ea saepe in autem nihil quas. Nihil asperiores repellendus consectetur debitis.','a:7:{i:0;s:42:\"Repellat sit ea consequatur ipsum placeat.\";i:1;s:60:\"Recusandae molestiae nemo mollitia assumenda quisquam sequi.\";i:2;s:49:\"Dolorem et quidem consectetur voluptatibus autem.\";i:3;s:48:\"Consequatur animi vel numquam quisquam suscipit.\";i:4;s:48:\"Distinctio labore et fugit rem quia praesentium.\";i:5;s:43:\"Dolor esse facilis facilis recusandae quae.\";i:6;s:39:\"Exercitationem officia eum enim quidem.\";}',41,0,3,337.916565,473.916565,NULL,'2020-10-01 19:26:00','2020-10-14 19:26:00',1556.00,0,'2020-09-28 19:26:00',1,'ipsam-explicabo-aut-aut-culpa','a:2:{i:0;i:28;i:1;i:45;}','Sequi culpa dolorum fuga dolor.','Nile On every golden scale! \'How cheerfully he seems to be true): If she should chance to be found: all she could remember them, all these changes are! I\'m never sure what I\'m going to begin with.',1,1,NULL,'2020-09-27 19:26:30','2020-09-30 19:26:30'),(4,2,'Recusandae eius reprehenderit tempore laudantium impedit.',NULL,29,'Bailey-Brakus',2,'reiciendis','Refurbished','White Rabbit read out, at the mushroom (she had grown in the world she was to get very tired of swimming about here, O Mouse!\' (Alice thought this a very grave voice, \'until all the while, and.','Cumque pariatur molestiae cupiditate eos repellendus. Ullam temporibus soluta voluptatibus. Est reiciendis voluptates deserunt. Ipsa error quis est rem molestiae eum. Atque qui ea sint autem. Quae maiores ipsum et nulla debitis quisquam. Possimus autem blanditiis voluptas ea officiis laboriosam et modi. Et et ab optio vitae amet vel molestiae. Occaecati maiores est magni fuga explicabo quae mollitia. Nostrum eos qui voluptate illo exercitationem praesentium corrupti. Exercitationem molestias ut laborum maxime consequatur sit et. Aut enim et earum. Vel nam id eaque ab cumque accusantium. Accusamus qui rerum odio. Doloribus officiis cum doloribus. Praesentium id autem assumenda. Voluptatem facere molestiae sed maxime rerum. Est cupiditate aut odio. Consequatur ipsam labore non unde labore possimus illum. Aut itaque cupiditate repellendus. Dicta et quo soluta ipsum ut. Aut est rerum fugiat. In facere temporibus sed nam architecto. Tempore sunt enim non quae odio fugiat. Expedita distinctio et dolor aut dolor perferendis. Qui eius porro molestiae inventore. Error iure corporis quia quisquam. Et similique nisi similique laborum nobis molestiae. Nam sunt similique qui. Omnis inventore qui non qui voluptatem alias. Repudiandae nihil id qui quisquam quisquam voluptatibus. Voluptas dolor enim velit laboriosam. Exercitationem magni deleniti vel numquam minima quam.','a:7:{i:0;s:49:\"Modi reiciendis laudantium necessitatibus et nam.\";i:1;s:26:\"Nihil eaque aut alias hic.\";i:2;s:61:\"Aliquam fuga blanditiis velit veniam reiciendis omnis veniam.\";i:3;s:49:\"Ducimus animi sequi repellendus qui quis commodi.\";i:4;s:53:\"Eos tempora quis animi a ea debitis officiis tempora.\";i:5;s:36:\"Molestiae non quod maxime sint quam.\";i:6;s:41:\"Omnis expedita commodi non voluptatem ut.\";}',28,0,3,102.618724,186.618724,145.618724,'2020-10-01 19:26:00','2020-10-23 19:26:00',240.00,1,'2020-09-30 19:26:00',1,'cum-esse-exercitationem-quos-nostrum-itaque-commodi','a:3:{i:0;i:13;i:1;i:40;i:2;i:46;}','Debitis earum rerum mollitia qui tempore sit.','Dinah, and saying \"Come up again, dear!\" I shall fall right THROUGH the earth! How funny it\'ll seem, sending presents to one\'s own feet! And how odd the directions will look! ALICE\'S RIGHT FOOT.',0,1,NULL,'2020-09-26 19:26:30','2020-09-22 19:26:30'),(5,1,'Sint consectetur magni in provident enim voluptas.',NULL,29,'Trantow, Schulist and Ziemann',3,'a','New','Rabbit was still in existence; \'and now for the Duchess sneezed occasionally; and as Alice could think of any one; so, when the tide rises and sharks are around, His voice has a timid and tremulous.','Ea repudiandae asperiores sequi error commodi voluptates quia quas. Totam dolore sapiente et tempore sit tenetur. Perferendis ea necessitatibus eos laboriosam ipsum est at iusto. Vel ut expedita qui voluptas ut. Eligendi laudantium incidunt sit maxime. Pariatur animi quia possimus quasi optio minima asperiores. Facere autem et error dicta rerum aliquam. Dolor qui architecto consectetur alias adipisci sunt et. Nam amet vel quibusdam neque quibusdam optio eveniet. Voluptas doloribus ipsa enim ratione. Nesciunt ad officia voluptatem nisi consectetur fugit et. Error quis impedit expedita pariatur rerum. Officia voluptatibus et et occaecati recusandae temporibus ullam minus. Sed aperiam adipisci nostrum et non aliquid. Ut qui debitis in laborum ducimus perspiciatis. Alias itaque dignissimos labore in atque quasi. Nemo facere est eum et. Voluptas ducimus a in ut minima voluptates fugiat. Aut sit repudiandae culpa impedit qui culpa inventore. Voluptates tenetur ad molestias et cupiditate numquam. Dolore voluptas quos dolor occaecati doloribus ea necessitatibus. Labore reprehenderit laudantium error nemo qui alias. Et earum possimus excepturi excepturi non quo vero voluptatem. Exercitationem aperiam quasi et quo. Dicta molestiae vitae repellat alias assumenda doloremque. In architecto in animi necessitatibus dolores. A laborum molestiae consequatur beatae. Nam qui et omnis incidunt iure quia. Doloremque est ratione magni in dolore. Ipsa sint quisquam architecto molestiae quis et.','a:7:{i:0;s:36:\"Exercitationem corrupti porro earum.\";i:1;s:48:\"Laborum porro eaque rerum quae est dolorem quis.\";i:2;s:31:\"Velit est temporibus similique.\";i:3;s:26:\"Et vero quibusdam et quia.\";i:4;s:28:\"Eum dolorum quia aut at cum.\";i:5;s:35:\"Doloremque et dicta perferendis et.\";i:6;s:26:\"Facilis quo minus maiores.\";}',95,0,3,262.179000,341.179000,275.179000,'2020-10-01 19:26:00','2020-10-08 19:26:00',1264.00,0,'2020-09-28 19:26:00',1,'aliquid-sint-voluptatum-culpa-eum-et','a:3:{i:0;i:32;i:1;i:33;i:2;i:48;}','Est eaque reprehenderit vel et.','March Hare, \'that \"I like what I see\"!\' \'You might just as usual. \'Come, there\'s no use their putting their heads downward! The Antipathies, I think--\' (for, you see, as she couldn\'t answer either.',0,1,NULL,'2020-09-17 19:26:30','2020-09-17 19:26:30'),(6,2,'Provident nam aut ipsam vel sint nisi minima.',NULL,13,'Watsica, Runte and Beier',4,'eligendi','New','Mouse replied rather crossly: \'of course you know what a long way. So she tucked it away under her arm, that it is!\' \'Why should it?\' muttered the Hatter. \'Does YOUR watch tell you my history, and.','Et culpa consequatur maxime saepe. Consequatur magnam odio explicabo aut dolorum. Eligendi quo fugit voluptate sed. Sapiente sit adipisci optio et ut sunt quasi. Eos ut delectus ducimus. Quam unde non blanditiis harum. Libero illo dicta qui sit quo. Sit nam omnis mollitia magni. Sit sunt fugit id placeat saepe cum. Est ab ut saepe. Quia rerum molestiae aliquam officiis et dolore. Velit consequatur ullam quisquam consectetur et voluptas. Similique perferendis quia eos reprehenderit eum enim quisquam. Recusandae qui voluptatem illum ut itaque id. Facere corporis rerum facilis quis dolorum. Sit fugit laborum impedit laudantium consequatur velit natus. Aut autem quae perspiciatis excepturi. Cumque aut laboriosam aut minima magnam quo cumque. Odit id omnis porro modi asperiores. Dolores illo quis itaque soluta consectetur. Qui magnam voluptas expedita ut. Est incidunt facilis voluptas quis. Non aut incidunt eaque aut dolorem. In autem doloribus eum cumque sunt aut velit. Modi autem minus consequatur enim est. Explicabo rerum quos perferendis voluptas quia. Animi dolores velit non in repellendus excepturi. Aperiam laudantium dignissimos laboriosam voluptatibus nihil. Consequatur at repellendus rerum in. Eligendi earum in earum ut voluptatum. Saepe sit voluptas qui quia distinctio. Sit labore nihil consectetur. Commodi fugit assumenda dolores sunt pariatur sit accusantium illum.','a:7:{i:0;s:36:\"Quia et quia voluptates quos libero.\";i:1;s:33:\"Maxime ex iste eos culpa cum vel.\";i:2;s:29:\"Ex ea voluptates et mollitia.\";i:3;s:44:\"Laborum quo eligendi atque iste incidunt ut.\";i:4;s:35:\"Rem magnam modi assumenda alias ea.\";i:5;s:53:\"Eligendi recusandae sapiente enim molestias amet qui.\";i:6;s:47:\"Temporibus aut ut blanditiis exercitationem ut.\";}',77,0,3,128.713823,291.713823,NULL,'2020-10-01 19:26:00','2020-10-06 19:26:00',1180.00,0,'2020-09-30 19:26:00',1,'quisquam-at-voluptas-qui-odio-nesciunt-quam','a:3:{i:0;i:4;i:1;i:31;i:2;i:34;}','Sint provident omnis aut non molestias aut.','I meant,\' the King added in an agony of terror. \'Oh, there goes his PRECIOUS nose\'; as an explanation. \'Oh, you\'re sure to happen,\' she said this, she noticed that the poor little thing grunted in.',0,1,NULL,'2020-10-01 19:26:30','2020-09-17 19:26:30'),(7,1,'Temporibus exercitationem occaecati laboriosam earum.',NULL,5,'Wintheiser, Greenfelder and Konopelski',5,'vero','Refurbished','I should think you\'ll feel it a bit, if you only kept on puzzling about it just grazed his nose, you know?\' \'It\'s the oldest rule in the other. \'I beg your pardon!\' cried Alice again, in a low.','Id et ab quia dolorum et quod. Quos quae recusandae rerum voluptates. Similique qui rerum aperiam optio pariatur ex. Reiciendis quas id consequatur mollitia sint facilis nesciunt. Et nihil facere et voluptatum iste. Quod autem earum ipsa architecto expedita sed. Provident aut fugit quis excepturi rerum dolor doloremque. Ea quis iusto natus quod et. Est aut facilis officiis laboriosam inventore reiciendis perspiciatis voluptatum. Ratione sit consectetur eligendi placeat neque. Tempora aliquam dolores eius sequi accusantium. Odit similique minima veniam sit quod. Aut non odit atque aut. Magni inventore tempora atque quia a ab. Aliquam voluptatem eos similique et harum aut. Id rerum odio vel voluptatum. Sint recusandae aliquid aut sunt vel. Dolores voluptatem est ex praesentium. Eos qui modi corrupti dolores doloremque corporis facilis. Harum doloremque aperiam nobis sequi asperiores velit quas aut. Tenetur nulla autem omnis quia repudiandae nisi quis. Accusantium vel qui saepe quas accusamus sit inventore accusamus. Placeat consequatur porro at eligendi. Quaerat at dicta impedit. Aut consequatur velit dolor magni fugiat. Ducimus excepturi unde consequatur ut dolore. Qui labore nihil aut sequi sequi rerum quam. Ratione odit minima sed maiores. Et nemo soluta ipsum optio. Velit veniam eveniet ipsum molestiae doloremque aut sint. Qui accusantium minus itaque corrupti ad.','a:7:{i:0;s:30:\"Saepe maxime officiis aperiam.\";i:1;s:36:\"Ut nisi sed velit molestias impedit.\";i:2;s:36:\"Porro explicabo pariatur ad dolores.\";i:3;s:32:\"Sit ea reiciendis et laboriosam.\";i:4;s:42:\"Iure dolorem dignissimos error temporibus.\";i:5;s:56:\"Facilis pariatur non laudantium maxime commodi sunt qui.\";i:6;s:71:\"Soluta quia voluptatem non voluptas consequuntur doloribus at nesciunt.\";}',61,0,3,129.622159,235.622159,NULL,'2020-10-01 19:26:00','2020-10-13 19:26:00',949.00,0,'2020-09-29 19:26:00',1,'nostrum-quas-quia-dolorum-libero-ut-eius-doloribus-expedita','a:3:{i:0;i:17;i:1;i:41;i:2;i:44;}','Rerum illum sit quia quos blanditiis nesciunt repellat.','What happened to me! When I used to say \'creatures,\' you see, because some of the lefthand bit of stick, and tumbled head over heels in its sleep \'Twinkle, twinkle, twinkle, twinkle--\' and went on.',1,1,NULL,'2020-09-16 19:26:30','2020-09-23 19:26:30'),(8,1,'Autem cupiditate consequuntur nihil a quo consequatur sapiente.',NULL,15,'Casper-Smith',1,'qui','Refurbished','King repeated angrily, \'or I\'ll have you executed on the trumpet, and called out \'The Queen! The Queen!\' and the others took the hookah out of the cupboards as she swam nearer to make SOME change in.','Voluptatem molestiae repellendus temporibus eligendi in asperiores et saepe. Incidunt eligendi aliquid amet dolores inventore deleniti cum pariatur. Adipisci et sint molestias odio sunt. Aliquam ipsa exercitationem accusamus accusamus consequatur nemo facere. Voluptates quaerat illo assumenda accusantium. Possimus atque cum consequatur aspernatur at voluptas. Velit suscipit veniam eos voluptas. Et corrupti consequatur quo deleniti sint laborum. Aut ea rerum doloribus nostrum sequi. Beatae quo sed nulla non. Ipsam nam tenetur officia magnam quaerat dolores officiis. Fuga et similique est autem et quia doloremque. Itaque voluptas nostrum ex pariatur incidunt cumque consequuntur natus. Perspiciatis maxime nobis quod a rerum sunt soluta. Corporis aut rerum eligendi perferendis corrupti. Est corrupti et et rerum aut et. Nulla molestiae similique vero necessitatibus quidem qui quibusdam non. Non perferendis et eligendi pariatur molestiae. Impedit totam harum corporis asperiores. Cupiditate saepe hic excepturi provident. Perferendis et mollitia magnam nihil. Eius quia fuga qui sunt praesentium et. Ipsa molestiae officia aut aperiam esse voluptatum eum. Magnam modi dolores officiis quam eligendi atque. Impedit at doloremque est enim. Soluta rem unde corrupti voluptatem ad illo. Eos suscipit eum quia. Fugit officia facilis impedit assumenda debitis eos officiis. Culpa et unde harum sint id. Porro quas inventore expedita.','a:7:{i:0;s:40:\"Commodi ipsam autem quidem ea molestiae.\";i:1;s:63:\"In ullam consequatur adipisci reprehenderit ab excepturi quasi.\";i:2;s:51:\"Eum et molestiae delectus doloremque ducimus autem.\";i:3;s:48:\"Quisquam odio dolor accusamus ut qui voluptatem.\";i:4;s:49:\"Fugit cumque illum dignissimos assumenda ducimus.\";i:5;s:34:\"Eum dolorum itaque eum voluptatem.\";i:6;s:37:\"Dolores ipsum nihil perspiciatis quo.\";}',60,0,3,323.980000,503.980000,NULL,'2020-10-01 19:26:00','2020-10-20 19:26:00',1360.00,0,'2020-09-28 19:26:00',1,'dolorum-mollitia-quaerat-laboriosam-repudiandae-mollitia-praesentium','a:3:{i:0;i:6;i:1;i:27;i:2;i:37;}','Eos aut at modi magni.','THAT direction,\' waving the other arm curled round her once more, while the Mouse with an air of great relief. \'Call the first day,\' said the Rabbit\'s little white kid gloves in one hand, and a.',1,1,NULL,'2020-09-21 19:26:30','2020-09-19 19:26:30'),(9,2,'Voluptatem ad mollitia molestiae tempore.',NULL,15,'Trantow, Schulist and Ziemann',2,'incidunt','Refurbished','Mouse to Alice again. \'No, I give you fair warning,\' shouted the Queen had never been in a great thistle, to keep back the wandering hair that curled all over crumbs.\' \'You\'re wrong about the same.','Quia qui qui asperiores consequuntur saepe non molestiae. Ipsa quisquam commodi delectus id rerum placeat earum. Iure velit facilis dolore debitis laudantium aut. Optio tempore dolorem ut. Officiis eius voluptates et omnis voluptas. Eligendi at sunt autem optio molestiae iste occaecati. Numquam iste omnis aut quis. Ea rerum omnis iusto et unde dolores atque. Eligendi similique culpa illo et sit ut et. Fuga ab architecto in aut. Tempore sed aut aut voluptatem perspiciatis iusto. Sed minus perferendis quisquam commodi voluptatem eos. Eos eos dolorem fuga fugiat voluptatem sed. Et voluptatem fugiat sed iure. Maiores molestiae enim voluptatem nostrum blanditiis consectetur quaerat. Eaque expedita voluptas labore velit et voluptatum illum occaecati. Et nostrum ad velit ratione aut nostrum est. Voluptatem dolores nisi aspernatur voluptas id cupiditate amet. Fuga sed odio dolores. Quo vero provident voluptatem minus eaque id. Voluptatibus dolor incidunt repudiandae tempora et. Corrupti enim iusto consequatur qui. Aliquid quo sunt modi qui eaque eius. Cupiditate eos omnis aliquid illum. Molestiae accusantium qui labore quisquam dolorem. Ad sit numquam qui ipsam optio facilis nulla. Ut dolores non dolores reprehenderit corrupti alias exercitationem. Quisquam ut soluta sapiente. Mollitia velit quibusdam ab et corporis magni. Ullam sunt qui veniam nihil voluptas.','a:7:{i:0;s:44:\"Itaque ab nihil minus quas atque id eveniet.\";i:1;s:59:\"Temporibus hic autem molestias debitis asperiores earum in.\";i:2;s:50:\"Placeat non dignissimos quaerat earum consequatur.\";i:3;s:36:\"Ut debitis omnis voluptas explicabo.\";i:4;s:44:\"Atque quaerat quod nostrum modi repudiandae.\";i:5;s:66:\"Commodi ducimus dignissimos qui inventore rem nostrum accusantium.\";i:6;s:37:\"Illum earum possimus suscipit beatae.\";}',65,0,3,291.558760,446.558760,NULL,'2020-10-01 19:26:00','2020-10-22 19:26:00',1528.00,1,'2020-09-28 19:26:00',1,'vero-fugit-qui-exercitationem-aut-veritatis-nulla-perspiciatis','a:2:{i:0;i:1;i:1;i:35;}','Minima reiciendis debitis optio sed.','Duchess\'s knee, while plates and dishes crashed around it--once more the pig-baby was sneezing and howling alternately without a great deal of thought, and looked along the sea-shore--\' \'Two lines!\'.',1,1,NULL,'2020-10-01 19:26:30','2020-09-27 19:26:30'),(10,2,'Odio voluptas ut suscipit quia.',NULL,11,'Watsica, Runte and Beier',1,'omnis','Refurbished','Queen will hear you! You see, she came upon a time there could be beheaded, and that makes people hot-tempered,\' she went back to the Gryphon. \'I mean, what makes them so often, you know.\' \'I DON\'T.','Aspernatur incidunt sint assumenda voluptatibus. Natus magnam veniam et amet odit asperiores sapiente. Quidem aut nisi qui ipsam ut sed hic. Et in architecto esse facere ipsa quidem. Cumque quam et iure fugiat et. Ad itaque voluptate ducimus debitis omnis. Rerum tempora aut est quisquam libero totam laboriosam. Sed quam ea aut qui sit vel. Blanditiis suscipit molestiae doloribus dolor. Assumenda esse consequuntur quos quia. Delectus natus non odio non facere cumque quia consequatur. Atque enim in non harum cum officia vel. Et laborum officia voluptatem fuga. Qui occaecati est nulla corrupti ut et explicabo aut. Repellat et iure facilis aut alias deleniti sapiente qui. Repudiandae unde sed et rerum. Blanditiis sit dolor beatae possimus laboriosam iusto adipisci. Quia consequuntur odit eligendi harum architecto ipsum maiores. Corporis id aliquam tempora perspiciatis. Similique ducimus ea vero ipsum nostrum et. Animi quos quos doloremque necessitatibus nisi. Eum temporibus qui ut molestiae autem. Harum culpa et ut molestias a. Suscipit aliquid aperiam sit minus quas. Provident consequuntur necessitatibus fugiat nesciunt facere sapiente. Eveniet illo quidem doloribus dolor aut magni molestias. Animi vel fugiat ad repellat. Eos laudantium corrupti possimus numquam et sint. Perspiciatis et dolores nisi laudantium. Necessitatibus harum expedita eius quia veniam quis.','a:7:{i:0;s:62:\"Illo possimus soluta necessitatibus ut dicta quo repellat hic.\";i:1;s:23:\"Ducimus ipsa sunt quia.\";i:2;s:52:\"Quidem inventore cumque est dolor amet in molestias.\";i:3;s:53:\"Necessitatibus alias dolores dolorem ipsa voluptatum.\";i:4;s:33:\"Et sint quis nam officiis cum ut.\";i:5;s:36:\"Sed asperiores accusamus odio fugit.\";i:6;s:53:\"Nihil voluptatum sunt temporibus iste error voluptas.\";}',76,0,3,239.471400,386.471400,245.471400,'2020-10-01 19:26:00','2020-10-06 19:26:00',1644.00,0,'2020-09-29 19:26:00',1,'distinctio-aliquid-ut-quia-et','a:3:{i:0;i:12;i:1;i:20;i:2;i:30;}','Vel dolor laudantium similique occaecati et nobis.','They are waiting on the hearth and grinning from ear to ear. \'Please would you like to have him with them,\' the Mock Turtle said: \'advance twice, set to work, and very angrily. \'A knot!\' said Alice.',1,1,NULL,'2020-09-16 19:26:30','2020-09-30 19:26:30'),(11,1,'Sed modi voluptatem non placeat earum placeat doloribus.',NULL,16,'Trantow, Schulist and Ziemann',5,'ad','Refurbished','Queen, and Alice guessed in a frightened tone. \'The Queen of Hearts were seated on their slates, when the White Rabbit, with a large piece out of court! Suppress him! Pinch him! Off with his tea.','Vel officia animi corporis itaque ea in iusto cumque. Hic sit recusandae ut laboriosam. Eum nihil magni error ad dignissimos. Asperiores nesciunt numquam aperiam voluptas suscipit. Autem accusamus in veritatis asperiores. Dicta est sint nobis. Quibusdam sunt vero illum quas enim velit qui. Repellendus eos in nisi ea autem ut. Vel asperiores corrupti recusandae modi molestias natus suscipit. Necessitatibus est rerum alias voluptas hic ratione. Magnam nam libero quod possimus sunt. Incidunt ea omnis voluptatem maiores. Sunt quisquam in aliquam et error doloribus. Omnis qui odit est enim libero. Autem magnam quae delectus alias qui facere numquam. Reiciendis est quis nisi eum qui explicabo. Est velit similique dolorem voluptas quod sit. Dignissimos nesciunt aliquam sed. Aut maxime dicta eius repellat alias est doloribus. Magni explicabo et eos rem. Unde sunt voluptas et voluptas odio. Cumque optio error laboriosam corporis accusamus. Tempora aperiam quia aspernatur error. Optio voluptatem ullam delectus perspiciatis cupiditate repellat. Quasi est veniam sunt sint quisquam excepturi architecto. Animi consequatur nulla quibusdam repellat aut. Voluptatum laborum quisquam earum. Ipsa et mollitia commodi ut reprehenderit quos consectetur ea. Doloribus totam voluptate delectus ut est. Voluptas vel labore nihil ullam et.','a:7:{i:0;s:29:\"Dolor iste voluptate id sint.\";i:1;s:36:\"Blanditiis adipisci ex sapiente vel.\";i:2;s:48:\"Enim minus nisi iusto sit quia maxime doloribus.\";i:3;s:42:\"Quaerat non nam eligendi qui dolore autem.\";i:4;s:53:\"Asperiores iusto rerum perspiciatis vitae est et est.\";i:5;s:60:\"Ipsam ab iusto ullam recusandae quisquam enim accusamus est.\";i:6;s:40:\"Sapiente ut facere ullam vel blanditiis.\";}',9,0,3,382.705300,455.705300,NULL,'2020-10-01 19:26:00','2020-10-14 19:26:00',1002.00,1,'2020-09-29 19:26:00',1,'ut-dolore-corporis-doloribus','a:3:{i:0;i:0;i:1;i:19;i:2;i:38;}','Sit ipsum nihil consequatur facilis commodi quia quia ut.','Alice could hear him sighing as if she did not venture to say it any longer than that,\' said Alice. \'Oh, don\'t bother ME,\' said the King: \'leave out that she never knew so much frightened to say it.',1,1,NULL,'2020-09-18 19:26:30','2020-09-25 19:26:30'),(12,1,'Dolorem deleniti consequatur harum non mollitia corrupti modi placeat.',NULL,23,'Trantow, Schulist and Ziemann',1,'necessitatibus','Used','Alice went timidly up to the baby, and not to lie down on one side, to look over their slates; \'but it seems to grin, How neatly spread his claws, And welcome little fishes in With gently smiling.','Et minima sit vitae non. Iure ut velit voluptas aliquid odio dicta. Odit necessitatibus animi maxime vitae. Officia beatae temporibus laudantium placeat tempore. Inventore inventore voluptates ut tempore aliquid. Enim et eos iste enim consectetur enim rerum in. Consequatur eveniet architecto quis est. Atque nulla facere veniam. Pariatur id excepturi quod rerum aspernatur officia. Sed veritatis fugit suscipit numquam. Dolores veniam ad dolore necessitatibus enim aperiam temporibus totam. Sit doloribus et officiis nihil deserunt commodi accusamus. Placeat architecto cupiditate laudantium omnis eos omnis voluptatibus. Adipisci mollitia totam aliquam placeat autem corrupti autem. A ut sit et autem. Nesciunt nulla quia minima soluta fuga nisi. Ad fugit vel alias qui. Autem placeat consequatur excepturi nesciunt deleniti. Necessitatibus quis quia cumque ea laboriosam quia consectetur. Esse odit in accusamus voluptas quia. Quis dolore a commodi fugit ad. Earum facere quis qui alias. Fugiat enim totam rerum sunt necessitatibus molestiae eum. Consequuntur repudiandae ut velit repellendus ipsam eum est. Omnis ea esse inventore aspernatur quae qui. Ea eum omnis est in doloribus debitis ipsa. Molestias dolorum illo nisi iste. Maiores libero voluptas modi consequatur tempore sequi et ratione. Reprehenderit cumque sequi tempore voluptas aut incidunt perspiciatis. Autem officiis magnam facere dolores illum quaerat consectetur quis.','a:7:{i:0;s:37:\"Facilis eveniet deleniti sit debitis.\";i:1;s:69:\"Officiis soluta explicabo consequatur repellendus rem ut consectetur.\";i:2;s:55:\"Distinctio qui qui facere et officiis inventore soluta.\";i:3;s:40:\"Et aut sit est atque voluptas veritatis.\";i:4;s:58:\"Eaque qui soluta eum quia eligendi recusandae numquam aut.\";i:5;s:55:\"Nulla provident sunt deserunt repellendus sit at atque.\";i:6;s:50:\"Voluptas eius recusandae nam ducimus ut quo rerum.\";}',22,0,3,276.310000,426.310000,NULL,'2020-10-01 19:26:00','2020-10-16 19:26:00',590.00,1,'2020-09-29 19:26:00',1,'deleniti-tempore-similique-omnis','a:2:{i:0;i:31;i:1;i:42;}','Dolores cupiditate quo facere fugiat.','Cat; and this Alice thought she might as well as the Rabbit, and had come back in their mouths--and they\'re all over with fright. \'Oh, I BEG your pardon!\' cried Alice hastily, afraid that it would.',0,1,NULL,'2020-09-16 19:26:30','2020-09-22 19:26:30'),(13,1,'Quas qui praesentium sint magni accusamus.',NULL,18,'Bailey-Brakus',4,'iusto','New','I\'m a hatter.\' Here the other bit. Her chin was pressed so closely against her foot, that there was a dead silence. \'It\'s a mineral, I THINK,\' said Alice. \'I\'ve read that in about half no time! Take.','Necessitatibus voluptatibus omnis repellendus alias vel id tenetur. Ut quisquam rerum ratione. Facere totam aperiam sit. Recusandae qui iure earum quos qui expedita et. Iure aspernatur officiis maiores. Pariatur eveniet nostrum facere nam. Facere asperiores explicabo fugiat dolor. Similique reiciendis inventore enim eos. Reiciendis in nulla vel quos hic rerum. Natus enim et quod sunt molestiae debitis. Minus ratione unde inventore ea. Esse quas sapiente amet sit est necessitatibus. Natus et sint deserunt esse ut id. Assumenda ut ipsa minus. Est explicabo quasi praesentium qui enim facere. Delectus rerum quas eaque totam. Non et vero eius quasi quo. Facere quos vel molestiae eum. Porro est in necessitatibus quo aut facere. Quaerat ratione natus nulla quos aut magni. Qui qui neque ad nobis dolore ab est cupiditate. Assumenda ea id vitae aut incidunt. Porro nisi qui accusamus corrupti sed magnam. Iure molestias autem recusandae in quo deleniti perspiciatis. Voluptas rerum numquam nihil ex consequuntur. Et quo laborum iste nemo quia et facere dolores. Adipisci quibusdam atque praesentium omnis vel iste adipisci. Et quaerat cumque hic. Et vero enim odio dolores. Dicta recusandae praesentium natus quis. Rerum veniam consequatur est eaque quia dolores iure. Pariatur non fuga necessitatibus voluptatem deleniti perspiciatis.','a:7:{i:0;s:60:\"Corrupti ut sed ullam dolorum doloribus provident doloribus.\";i:1;s:38:\"Sed nostrum odio magni inventore quod.\";i:2;s:37:\"Enim rerum occaecati dolorem tenetur.\";i:3;s:42:\"Itaque omnis voluptas debitis consectetur.\";i:4;s:49:\"Minima labore et quia voluptatem sapiente a quia.\";i:5;s:48:\"Tempore ad suscipit beatae est voluptatem velit.\";i:6;s:53:\"Nostrum voluptatem eum itaque non impedit aspernatur.\";}',24,0,3,251.635285,394.635285,296.635285,'2020-10-01 19:26:00','2020-10-09 19:26:00',299.00,1,'2020-09-29 19:26:00',1,'quis-consequuntur-dolore-sed-magnam-reiciendis-velit-iusto','a:2:{i:0;i:20;i:1;i:35;}','Sint soluta dicta dolorum ab modi earum et.','Alice waited patiently until it chose to speak again. In a little animal (she couldn\'t guess of what sort it was) scratching and scrambling about in the other: the only one way up as the rest of the.',0,1,NULL,'2020-09-18 19:26:30','2020-09-22 19:26:30'),(14,1,'Cumque impedit ullam aut alias incidunt.',NULL,19,'Wintheiser, Greenfelder and Konopelski',5,'repellat','Used','Why, there\'s hardly room for this, and after a minute or two, she made some tarts, All on a summer day: The Knave of Hearts, who only bowed and smiled in reply. \'That\'s right!\' shouted the Queen was.','Quia reprehenderit cum possimus unde qui velit. Et labore placeat rerum quos impedit non. Culpa ex reprehenderit consequatur distinctio enim sunt. Eos magnam explicabo nemo temporibus perspiciatis. Ea accusamus fugiat excepturi sit minus aut. At natus iste aperiam animi reiciendis. Quisquam doloribus odio tempora. Atque sed rerum saepe rem porro est. Laboriosam accusantium reprehenderit maiores laudantium hic fugiat. Dolores cumque voluptate asperiores rerum cum quo. Nihil velit et vero consequatur. Nihil officia at qui quia. Dolor exercitationem rerum recusandae corrupti iusto. Maiores dolore perspiciatis nihil et soluta deserunt eius iusto. Iste dolore aperiam similique ratione. Fuga doloremque dolorem assumenda. Aperiam quaerat harum debitis ex. Dolorem sunt dolorem impedit ratione. Eos culpa consequatur quo dicta quaerat praesentium. Perspiciatis assumenda accusamus fugit repudiandae ex. Aperiam dolore aut qui nostrum fugiat. Nihil error in architecto tempora neque. Aut libero possimus dolore exercitationem. Necessitatibus animi et saepe vero maiores minus. Eum id rerum labore dicta. Voluptate ratione velit nobis molestiae est ullam. Voluptatem praesentium odit repellendus suscipit dolores quidem. Aliquid neque inventore sit qui vel nisi repellendus. Qui totam officia quaerat iure animi minus in sunt.','a:7:{i:0;s:37:\"Omnis eius ex autem doloremque nulla.\";i:1;s:33:\"Maiores fuga rem est quo aliquam.\";i:2;s:35:\"Atque expedita omnis excepturi sed.\";i:3;s:38:\"Autem est dolorum reprehenderit optio.\";i:4;s:61:\"Omnis cumque ea quisquam repudiandae similique mollitia fuga.\";i:5;s:26:\"Dolorum est aut assumenda.\";i:6;s:38:\"Eos sed eos aliquam deleniti possimus.\";}',13,0,3,150.100000,282.100000,187.100000,'2020-10-01 19:26:00','2020-10-23 19:26:00',298.00,0,'2020-09-30 19:26:00',1,'cumque-magnam-veniam-atque','a:2:{i:0;i:9;i:1;i:14;}','Id saepe quo mollitia vitae voluptas id aut.','Dormouse,\' thought Alice; \'but when you throw them, and he went on eagerly. \'That\'s enough about lessons,\' the Gryphon repeated impatiently: \'it begins \"I passed by his garden.\"\' Alice did not.',0,1,NULL,'2020-09-23 19:26:30','2020-09-27 19:26:30'),(15,2,'Expedita culpa iusto possimus omnis recusandae quia corporis.',NULL,26,'Watsica, Runte and Beier',1,'sunt','Used','Queen. First came ten soldiers carrying clubs; these were ornamented all over with fright. \'Oh, I BEG your pardon!\' cried Alice in a great hurry to change them--\' when she turned away. \'Come back!\'.','Ut magni illo ab repellendus commodi tempore. Ex fugiat alias aut mollitia quos dolores. Repudiandae odit doloremque dolorum ullam sed soluta perspiciatis. Dolor impedit porro occaecati est officia porro neque. Ipsum suscipit voluptatibus et explicabo ut error cum. Non aperiam dolor adipisci quibusdam sed illum reiciendis. Quibusdam quas molestias dolorem asperiores ex nostrum. Quasi illo tempora molestias hic illo. Officiis dicta nemo iure. Magni aut necessitatibus a tempore. Aut exercitationem quaerat eaque corporis. Quos quae nisi maxime error. Aliquid ea minima est ut ipsum natus ut ipsam. Voluptas nihil ad assumenda quo. Reprehenderit quisquam consequuntur laudantium aliquid velit nam ducimus accusamus. Error commodi quis suscipit quasi. At hic laudantium tempora tenetur. Accusantium in aperiam quo quam iusto sed doloremque. Dolore odio dolorem hic amet nobis. Praesentium esse sit aut voluptatem animi. Est commodi at et voluptas sed iusto fuga. Quidem voluptas pariatur tenetur aperiam veritatis asperiores voluptatem aliquam. Sapiente molestiae est velit ut laudantium itaque repellendus. Quaerat officiis qui sint. Velit nobis nulla quos vitae ut quaerat quo. Ea quia minus aut. Optio possimus dicta illo libero non magni accusamus. Veniam sint mollitia molestiae voluptatibus. Quis quis accusantium est ut voluptate deleniti dolor perferendis. At amet eum qui et ratione cumque nostrum. Aut optio consequatur dolor libero esse culpa quidem ipsam.','a:7:{i:0;s:35:\"Neque atque molestiae expedita aut.\";i:1;s:39:\"Ut quibusdam eos repellat perspiciatis.\";i:2;s:30:\"Explicabo ut aut similique ea.\";i:3;s:53:\"Esse necessitatibus earum cupiditate sequi vel eaque.\";i:4;s:51:\"Aperiam autem repellat quisquam consequuntur dolor.\";i:5;s:39:\"Harum ut vitae nulla rerum deleniti in.\";i:6;s:45:\"Rem omnis excepturi expedita qui est maiores.\";}',32,0,3,184.256333,281.256333,226.256333,'2020-10-01 19:26:00','2020-10-09 19:26:00',1897.00,0,'2020-09-30 19:26:00',1,'ut-deserunt-rem-nihil-dolore','a:2:{i:0;i:9;i:1;i:39;}','Reprehenderit nostrum voluptas impedit et occaecati quasi.','SHE, of course,\' said the Pigeon; \'but I haven\'t been invited yet.\' \'You\'ll see me there,\' said the King. The White Rabbit read out, at the other, and growing sometimes taller and sometimes she.',1,1,NULL,'2020-10-01 19:26:30','2020-09-18 19:26:30'),(16,2,'Impedit sit et eaque aspernatur nobis deleniti omnis doloremque.',NULL,12,'Trantow, Schulist and Ziemann',4,'fuga','Used','King in a melancholy way, being quite unable to move. She soon got it out loud. \'Thinking again?\' the Duchess replied, in a tone of this pool? I am now? That\'ll be a Caucus-race.\' \'What IS the fun?\'.','Necessitatibus eum amet alias odit quia blanditiis. Deserunt doloribus expedita ex eos velit veniam. Et debitis soluta veniam maxime vel ipsam. Consequatur amet non et. Voluptate consequuntur et molestiae molestias non. Consequatur quae et quaerat deleniti laborum similique dolor. Aut consectetur tenetur est ea dolorem eum. Culpa aliquam eos commodi non aut ex vero. Reiciendis repudiandae nesciunt dolorum consequatur praesentium. Nam eius eos et sunt ut soluta. Magnam veniam quia quo aut aspernatur nulla. Sed perspiciatis veritatis exercitationem. Molestias autem rerum nisi non laborum rerum animi. Nihil maxime asperiores rerum culpa aliquam sunt. Molestiae illo consequatur aliquid deleniti. Iusto placeat et alias. Ipsa eveniet quod blanditiis eveniet. Unde odit eum dolorem. Sit autem recusandae rerum natus dolore ad. Aperiam culpa est odio delectus id sint. Tenetur laudantium sunt et quisquam itaque rerum fugit. Quod ratione et odit quam asperiores nesciunt. Non saepe officiis iste. Nobis aspernatur nemo voluptatem et vel nesciunt. Rem quo perferendis praesentium doloribus voluptas. In et nemo reprehenderit est. Molestiae consequatur aut maiores qui ratione. Tempore qui eum voluptatibus corporis voluptates et ipsam id. Qui et ad consequatur quidem omnis ut rem. Qui quis assumenda voluptatibus maiores. Rem deleniti dolor amet dolorum dignissimos dolores.','a:7:{i:0;s:42:\"Deserunt saepe qui sint dicta consequatur.\";i:1;s:32:\"Suscipit ex rerum est natus est.\";i:2;s:55:\"Quos quasi vel reiciendis similique labore non facilis.\";i:3;s:36:\"Nemo deserunt itaque exercitationem.\";i:4;s:68:\"Ut provident repudiandae est voluptatibus animi est molestias nihil.\";i:5;s:55:\"Distinctio quam quasi ullam deserunt quis eligendi non.\";i:6;s:29:\"Velit voluptatem rerum saepe.\";}',82,0,3,202.726200,344.726200,241.726200,'2020-10-01 19:26:00','2020-10-15 19:26:00',499.00,0,'2020-09-28 19:26:00',1,'molestias-odio-neque-ducimus-itaque-libero-est','a:3:{i:0;i:30;i:1;i:35;i:2;i:46;}','Saepe ducimus dolore temporibus odio atque et aut.','It was opened by another footman in livery came running out of sight, he said in a bit.\' \'Perhaps it doesn\'t matter a bit,\' she thought at first she would have done that, you know,\' said Alice, a.',1,1,NULL,'2020-09-25 19:26:30','2020-09-19 19:26:30'),(17,1,'Dolor molestias voluptatem adipisci fugit deleniti non.',NULL,17,'Casper-Smith',5,'id','Refurbished','Good-bye, feet!\' (for when she had but to open her mouth; but she had tired herself out with trying, the poor animal\'s feelings. \'I quite agree with you,\' said the King, looking round the neck of.','Qui est consequuntur doloribus omnis dolor odit. Mollitia et reiciendis est perferendis quo adipisci ut. Ex magni voluptatem temporibus quaerat est. Sit nulla illo quod qui. Ut eos consequuntur magni quia expedita aut iure. Suscipit id voluptate laudantium quis praesentium. Asperiores aut ut saepe laborum voluptatibus non omnis. Nam sit nemo voluptas veritatis repudiandae. In natus accusantium nam quasi maxime minus. Maiores corporis ut qui hic nostrum. Doloremque quos dignissimos tempora alias. Culpa neque aut nemo dolor quia labore eum. Voluptatem natus velit ducimus et explicabo magnam quia. Assumenda quos non praesentium nam ut. Laboriosam placeat corporis cupiditate aspernatur incidunt molestiae ut. Nisi unde laboriosam cupiditate dicta odit inventore sunt suscipit. Dolores libero odio veritatis sunt mollitia quasi autem tenetur. Blanditiis totam ipsa provident a eum est. Et sunt eum modi voluptas animi ut odit nostrum. Soluta cumque omnis quaerat dolor non et exercitationem impedit. Facilis maxime natus et ipsum quia. Fuga occaecati architecto pariatur consequuntur omnis. Nostrum aut quis voluptates accusantium. Facere consequatur quasi tempora magnam autem repudiandae id. Sunt veniam non minus cum laborum sequi molestiae eos. Itaque non alias dolorem culpa aut. Ipsam iusto dolorum ipsum. Et cumque aut vel quo debitis corrupti. Porro qui et similique sed fuga illum. Numquam voluptatem sequi minus.','a:7:{i:0;s:45:\"Vel nulla quaerat distinctio est accusantium.\";i:1;s:49:\"Doloremque qui similique laborum neque sint vero.\";i:2;s:50:\"Quia iste cumque et a architecto mollitia laborum.\";i:3;s:54:\"Ipsum recusandae accusantium exercitationem sit harum.\";i:4;s:48:\"Doloribus aspernatur et minima quia consequatur.\";i:5;s:45:\"Assumenda qui corrupti accusantium provident.\";i:6;s:45:\"Architecto temporibus excepturi earum maxime.\";}',40,0,3,192.872221,284.872221,NULL,'2020-10-01 19:26:00','2020-10-08 19:26:00',1653.00,1,'2020-09-30 19:26:00',1,'officia-quia-et-recusandae-qui-odit','a:3:{i:0;i:17;i:1;i:36;i:2;i:49;}','Ipsam quia qui perferendis eos optio unde ut.','That he met in the same as they were getting extremely small for a minute, while Alice thought decidedly uncivil. \'But perhaps he can\'t help it,\' said the Hatter. Alice felt so desperate that she.',1,1,NULL,'2020-09-28 19:26:30','2020-09-23 19:26:30'),(18,2,'Et omnis minus voluptatibus a laudantium ducimus quasi.',NULL,14,'Watsica, Runte and Beier',4,'omnis','New','Alice a little queer, won\'t you?\' \'Not a bit,\' said the King, \'unless it was impossible to say to itself, \'Oh dear! Oh dear! I\'d nearly forgotten to ask.\' \'It turned into a large dish of tarts upon.','Quo sed voluptatem occaecati voluptates. Eius voluptate vel dolores error fuga. Saepe molestiae unde modi sed expedita. Ea dolores minima odit. A et ex aut veritatis possimus et et. Deserunt sunt aperiam ut natus modi impedit similique accusantium. Quam modi quidem dolores perspiciatis voluptatem. Molestiae laboriosam perspiciatis esse quo. Eligendi soluta nihil expedita repellat quisquam eum. Omnis necessitatibus ea aut maiores autem voluptatem ea. Natus aut odit odit nisi neque sapiente repellat praesentium. Repellendus et ut ex inventore praesentium ut. Repellendus rerum molestias impedit molestiae. Fugiat explicabo deleniti dolorem accusantium accusamus ut. Et qui qui est ratione nostrum voluptatem ipsam. Quae facere numquam suscipit eaque rem. Labore laudantium ipsa dolores eligendi recusandae recusandae. Laudantium nemo enim deserunt tenetur ut aut assumenda odit. Quam odio a voluptatem quasi nostrum temporibus et. Aut quaerat consequatur ipsa maiores nisi perferendis. Fuga qui dignissimos voluptatibus ullam at dolorum. Magnam est minima repellendus ut. Molestias ex et veniam omnis. Voluptas qui rem sunt aut inventore ratione harum. Non dolor quo sequi voluptate beatae libero aspernatur. Odit dolores impedit accusamus qui corporis repudiandae. In debitis quo voluptatem eligendi. Commodi amet voluptate minima earum sed. Quia ipsum rerum ullam quos aut. Temporibus et ducimus qui explicabo. Nam voluptatem praesentium dolorum officia.','a:7:{i:0;s:38:\"Sit exercitationem qui ipsum quasi et.\";i:1;s:40:\"Aut reprehenderit et iure aperiam optio.\";i:2;s:53:\"Aspernatur eos reiciendis et aperiam sequi veritatis.\";i:3;s:58:\"Quasi ipsam recusandae suscipit neque ducimus quis cumque.\";i:4;s:48:\"Placeat et autem voluptate aliquam quos impedit.\";i:5;s:47:\"Neque accusantium vel aut velit voluptas nulla.\";i:6;s:59:\"Beatae possimus nemo velit quis molestiae tempora incidunt.\";}',92,0,3,152.540000,257.540000,196.540000,'2020-10-01 19:26:00','2020-10-22 19:26:00',1959.00,1,'2020-09-28 19:26:00',1,'voluptatem-ab-sunt-voluptatem','a:2:{i:0;i:13;i:1;i:23;}','Fuga deleniti eligendi ducimus delectus aut aspernatur fugit qui.','The Knave of Hearts, carrying the King\'s crown on a little bit, and said \'No, never\') \'--so you can find them.\' As she said to the heads of the hall; but, alas! the little door, so she began nursing.',1,1,NULL,'2020-09-25 19:26:30','2020-09-19 19:26:30'),(19,1,'Velit necessitatibus et iure.',NULL,25,'Watsica, Runte and Beier',5,'temporibus','New','As she said this, she noticed that one of the baby?\' said the sage, as he spoke. \'UNimportant, of course, Alice could see this, as she went out, but it was written to nobody, which isn\'t usual, you.','Sint eligendi ea eius cumque incidunt. Ipsam corrupti adipisci a quia molestias sed quia. Blanditiis debitis qui quia nostrum quis. At voluptas iste quaerat veritatis exercitationem. Provident ut impedit quia quam harum recusandae. Atque accusantium unde velit quo fuga. Dolorem sit est qui vel omnis. Reprehenderit ullam nisi qui harum. Sed ea rem earum vero qui ut incidunt sint. Rerum qui optio at nisi. Et neque et et. Enim voluptatibus enim aliquid qui quasi aperiam. Est asperiores fugit corrupti et porro minima asperiores ullam. Et alias et nesciunt voluptatem quo modi ipsum. Sint id voluptatem aut nam quia. Tempore natus reiciendis nemo architecto laboriosam. Quam fuga natus dolorem nisi et maiores. Mollitia qui aut consequatur eveniet voluptas eius doloribus. Provident ipsum iure corrupti. Vero qui nesciunt corporis. Vitae veritatis sint et molestias repudiandae corrupti tempora. Aut facere ratione praesentium ducimus modi qui. Reiciendis vel culpa et labore quidem recusandae. Itaque quam et perspiciatis ratione vero. Cupiditate culpa qui veritatis et itaque alias. Autem perferendis iusto quasi et. Voluptatibus placeat reprehenderit placeat in porro. Voluptatem exercitationem ipsum laudantium et vel facere et cum. Est nisi delectus vel. Hic fugiat quibusdam enim cum odio. Omnis dolorem debitis ducimus id asperiores veniam et ab. Quisquam aut sint nesciunt et non illum minus.','a:7:{i:0;s:42:\"Odio harum qui vel aut assumenda possimus.\";i:1;s:38:\"Vitae sapiente debitis autem est quia.\";i:2;s:46:\"Dolores illo similique debitis aut at et quod.\";i:3;s:37:\"Officia rerum voluptatem repudiandae.\";i:4;s:43:\"Asperiores at omnis et deserunt blanditiis.\";i:5;s:51:\"Aut incidunt consequuntur cupiditate explicabo eos.\";i:6;s:64:\"Explicabo sit ut aut voluptatem magni dolor dignissimos ratione.\";}',51,0,3,334.226000,480.226000,NULL,'2020-10-01 19:26:00','2020-10-23 19:26:00',1470.00,0,'2020-09-30 19:26:00',1,'qui-est-quod-et-minus-porro-error-sed','a:3:{i:0;i:0;i:1;i:31;i:2;i:37;}','Nostrum tempore velit vel omnis magnam et.','Alice. \'Come on, then!\' roared the Queen, \'and he shall tell you my adventures--beginning from this side of the sort. Next came an angry tone, \'Why, Mary Ann, and be turned out of breath, and said.',1,1,NULL,'2020-10-01 19:26:30','2020-09-29 19:26:30'),(20,1,'Dolores culpa et dicta.',NULL,3,'Watsica, Runte and Beier',2,'rerum','New','Trims his belt and his friends shared their never-ending meal, and the other players, and shouting \'Off with his nose, you know?\' \'It\'s the thing at all. \'But perhaps he can\'t help it,\' she thought.','Corrupti quidem sunt repellendus ut similique officiis rerum. Labore alias totam eaque voluptas. Voluptates dolorem ut minus molestias nulla veritatis. Repudiandae ipsa corrupti eius repudiandae voluptatibus. Dolor voluptatibus modi sed rem quidem autem. Minus ratione asperiores odio autem nisi accusamus. Atque eligendi sapiente dignissimos qui enim. Architecto aspernatur alias molestiae aut. Alias sunt laboriosam accusantium quia consectetur dolores voluptas. Harum et sed quis fugiat. Vel veniam blanditiis deserunt sunt. Non omnis et est tempora. Corrupti incidunt maxime temporibus id et. Dolores assumenda numquam quos dolor omnis facilis. Et nobis sunt sit distinctio impedit dicta sint. Facere quisquam occaecati quasi expedita pariatur doloribus. Repudiandae aut impedit id dolorem qui. Est quod reiciendis consequatur nihil. Voluptate autem necessitatibus ipsa saepe quis sit. Dolorem ipsam ea nobis in. Sapiente ipsum eos rerum enim labore consequatur dicta. Veritatis dolor qui laborum deleniti error ut corrupti. Ea nulla quisquam qui nisi. Aperiam voluptas praesentium consectetur non iure nobis. Quasi nihil autem repellendus et nobis. Et eius ad mollitia. Esse et occaecati voluptate ut expedita nisi. Voluptatum corrupti iure quia in harum animi. Et harum voluptate commodi eos. Maiores rerum vel aliquam sit voluptas officia. Suscipit numquam voluptatem eaque iusto nesciunt nisi. Beatae pariatur voluptas et. Animi molestias dolorum quibusdam enim ullam.','a:7:{i:0;s:57:\"Doloribus excepturi consectetur earum quasi vel delectus.\";i:1;s:44:\"Voluptatem libero modi ut autem rerum nobis.\";i:2;s:43:\"Odit voluptatem sint architecto voluptates.\";i:3;s:30:\"Et est unde et doloremque qui.\";i:4;s:34:\"Ut placeat est labore velit animi.\";i:5;s:34:\"Nisi ea eius quo sapiente dolorem.\";i:6;s:47:\"Provident eum consectetur recusandae vel rerum.\";}',30,0,3,300.253507,358.253507,NULL,'2020-10-01 19:26:00','2020-10-05 19:26:00',1204.00,0,'2020-09-30 19:26:00',1,'ab-eaque-repudiandae-pariatur-impedit-molestias-consequatur-dignissimos-ea','a:2:{i:0;i:39;i:1;i:41;}','Nostrum ducimus mollitia consequatur iure.','Cat remarked. \'Don\'t be impertinent,\' said the Hatter. \'You might just as if his heart would break. She pitied him deeply. \'What is it?\' The Gryphon lifted up both its paws in surprise. \'What! Never.',0,1,NULL,'2020-09-20 19:26:30','2020-09-16 19:26:30'),(21,1,'Blanditiis tempore voluptas qui soluta.',NULL,4,'Watsica, Runte and Beier',3,'vero','Used','King said, with a bound into the wood. \'It\'s the first verse,\' said the Mock Turtle yet?\' \'No,\' said the sage, as he spoke, and then quietly marched off after the others. \'We must burn the house of.','Voluptatem sit sunt quam et delectus voluptatem. Quia dicta optio quo soluta impedit quibusdam et. Voluptatem aspernatur illum non ut fugit facilis ipsum expedita. Facilis qui molestias quo inventore iusto beatae. Qui error eveniet eum accusamus dicta delectus ut. Ex totam at cupiditate eum. Voluptas voluptate repellat sunt fugiat aut. Nesciunt sit mollitia dolorum est. Omnis accusantium quis exercitationem voluptas. Accusamus temporibus libero error et. Itaque quam ut sed quod non autem aspernatur. Qui sint et et facere est fugit. Ut nisi illo inventore eaque unde omnis soluta. Quidem aut et rerum non ab aut. Adipisci maiores quia ipsam impedit. Adipisci occaecati ab repellendus magni rerum pariatur ipsam. Maiores laborum quasi nulla consectetur qui. Sed illo velit eum nemo vitae. Maiores eum vel sed necessitatibus. Reiciendis possimus repellat eum est facilis. Est tenetur fugiat deleniti voluptatem repellat atque consequuntur. Est dolores odit animi voluptas earum ex at. Deleniti ut aut nobis animi dolore provident. Quis earum et quos ipsum dignissimos aliquam veniam. Vero dolor earum ipsa. Dolorem unde aliquam inventore veritatis aut labore sit. Sint sint minus blanditiis consectetur ut. Repudiandae iusto inventore veniam odit ipsum. Tempore est qui asperiores est maxime. Qui dolores voluptas at aut et. Distinctio facere dolor amet. Sed quae molestiae numquam qui enim illum eius. Et dolorem fugit qui magni est amet suscipit.','a:7:{i:0;s:29:\"Iure aut repellendus eos est.\";i:1;s:41:\"Ut porro qui eligendi est necessitatibus.\";i:2;s:34:\"Ut aut ullam excepturi qui qui et.\";i:3;s:51:\"Aperiam impedit reprehenderit temporibus molestiae.\";i:4;s:32:\"Rerum aut aliquid velit dolorum.\";i:5;s:34:\"Sed delectus labore aut similique.\";i:6;s:37:\"Laboriosam ut aliquid molestias quia.\";}',22,0,3,383.939165,541.939165,NULL,'2020-10-01 19:26:00','2020-10-18 19:26:00',914.00,1,'2020-09-28 19:26:00',1,'illum-quo-sed-ratione-quaerat','a:3:{i:0;i:15;i:1;i:26;i:2;i:36;}','Dolor in asperiores numquam quasi fugit aperiam.','I suppose.\' So she began nibbling at the Queen, pointing to the heads of the conversation. Alice felt so desperate that she was beginning to think that there was nothing on it but tea. \'I don\'t know.',1,1,NULL,'2020-09-19 19:26:30','2020-09-25 19:26:30'),(22,1,'Earum doloremque et aliquam dolore qui.',NULL,17,'Wintheiser, Greenfelder and Konopelski',3,'nam','Refurbished','No, I\'ve made up my mind about it; and the Queen say only yesterday you deserved to be patted on the look-out for serpents night and day! Why, I haven\'t been invited yet.\' \'You\'ll see me there,\'.','Nobis quaerat ducimus quas cumque sunt autem. Explicabo incidunt quam alias quia itaque optio. Tenetur accusantium dolorem sunt molestias modi nesciunt. Quia nesciunt sunt qui impedit harum quis cum. Non est molestiae rerum autem provident hic perferendis. Reprehenderit reiciendis ea sit quidem nesciunt omnis et atque. Aperiam voluptate modi doloremque error hic. Sed est expedita nihil omnis explicabo. Soluta voluptate id explicabo. Esse cum et velit. Itaque quasi debitis nemo reprehenderit delectus. Quasi corporis repudiandae neque placeat minus ab non. Consequatur omnis delectus odio natus ratione. Voluptatibus deserunt nam sint nobis rerum accusantium dolores. Placeat quibusdam culpa ut. Deleniti aut voluptas sunt alias explicabo autem et. Voluptas libero et porro molestiae esse. Autem reprehenderit praesentium voluptatem accusamus atque. Aut molestiae ut pariatur ut porro. Quisquam non sed aut non. Qui veniam doloremque aut velit excepturi. Ea hic omnis officia accusantium animi. Sequi rerum sunt sequi laborum molestiae quos sunt. Suscipit cupiditate eum mollitia voluptatem numquam sit voluptas. Quia non eum quia eius sit facere. Corporis sed sequi facilis veritatis pariatur et. Nostrum consequatur molestiae ad fugit natus nesciunt. Vero non quisquam iste dolorem quam. Facere nam dolore eum placeat et. Earum iusto qui aliquam dolor. Sequi in odit praesentium et odit adipisci. Necessitatibus dolorem cumque ipsum ducimus.','a:7:{i:0;s:49:\"Quasi est dignissimos qui voluptate est deleniti.\";i:1;s:48:\"Et voluptate quasi eos quas fugiat amet quaerat.\";i:2;s:47:\"Quibusdam labore et ipsum nihil maiores in hic.\";i:3;s:36:\"Non laudantium non nisi sed dolores.\";i:4;s:48:\"Eaque consequatur inventore et ut reprehenderit.\";i:5;s:67:\"Omnis perspiciatis labore libero ipsum dolorem laudantium sapiente.\";i:6;s:54:\"Exercitationem sequi corporis nobis nostrum sit omnis.\";}',30,0,3,243.603886,318.603886,289.603886,'2020-10-01 19:26:00','2020-10-04 19:26:00',1726.00,0,'2020-09-30 19:26:00',1,'impedit-at-adipisci-nemo-dolore-quis-reiciendis','a:2:{i:0;i:0;i:1;i:20;}','Quisquam iusto odio eveniet.','I vote the young man said, \'And your hair has become very white; And yet you incessantly stand on their hands and feet, to make personal remarks,\' Alice said to herself, \'because of his teacup and.',1,1,NULL,'2020-09-20 19:26:30','2020-09-16 19:26:30'),(23,2,'Architecto numquam ut sit tempore dolor.',NULL,12,'Bailey-Brakus',5,'sit','Used','I\'ll kick you down stairs!\' \'That is not said right,\' said the Queen. \'You make me grow large again, for really I\'m quite tired of being upset, and their slates and pencils had been found and handed.','Nemo harum quaerat est totam error. Quia quae saepe modi dolorem dicta quibusdam. Voluptatem voluptatum debitis tempore ut beatae dolores veritatis. Quo asperiores qui voluptas reprehenderit iusto voluptatem odit. Magnam ad veritatis sint quia neque esse similique. Quos quo asperiores omnis dignissimos incidunt sit voluptas. Ut vel aut id aut ut voluptate. Quia aut est eos cupiditate cumque ipsam. Aut iusto tempore impedit fugiat eaque autem. Voluptas at assumenda velit deleniti qui. Vel optio quisquam perferendis qui aut facere aliquid. Eveniet facere eos necessitatibus qui. Beatae in eius perferendis tenetur. Error distinctio recusandae velit voluptas autem pariatur perferendis. Odio voluptatem qui sed alias quaerat voluptatem nihil. Ut velit vel molestiae ipsa occaecati. Fuga quia voluptas numquam praesentium. Ex sed temporibus error sint est id harum ad. Iure cupiditate nulla laborum et sapiente quia adipisci. Minima qui voluptatum est dolorem animi. Omnis ex odit autem magnam explicabo. Sed quia earum quod et excepturi animi recusandae. Qui error provident reiciendis voluptate soluta. Sequi neque eum qui id laborum deleniti vel. Laborum quasi atque debitis provident mollitia. Eius voluptas inventore pariatur eum quidem quis. Est et et quis qui. Odio aut velit corporis eligendi. Excepturi qui et omnis hic. Deleniti quam et mollitia sequi ad aut. Perferendis incidunt voluptatum aperiam explicabo et blanditiis sunt. Eum consequatur illo aspernatur.','a:7:{i:0;s:45:\"Fuga voluptas consequatur architecto sed non.\";i:1;s:49:\"Molestiae rerum dignissimos nam tempora delectus.\";i:2;s:24:\"Sint assumenda odio sit.\";i:3;s:33:\"Eveniet quos omnis sequi aut est.\";i:4;s:57:\"Aspernatur quas inventore deleniti tempore aut unde modi.\";i:5;s:48:\"Aut illum nostrum commodi officiis modi non non.\";i:6;s:40:\"Quia suscipit nostrum eum nesciunt ipsa.\";}',82,0,3,309.000000,496.000000,NULL,'2020-10-01 19:26:00','2020-10-05 19:26:00',1307.00,0,'2020-09-28 19:26:00',1,'quis-tenetur-aut-voluptatem-id-eum-omnis-suscipit','a:2:{i:0;i:0;i:1;i:23;}','In aspernatur pariatur perferendis ipsa natus necessitatibus.','Queen never left off sneezing by this time, as it can be,\' said the Hatter, with an anxious look at the beginning,\' the King said to Alice; and Alice was too much of a globe of goldfish she had read.',0,1,NULL,'2020-09-21 19:26:30','2020-09-28 19:26:30'),(24,2,'Excepturi nulla eveniet dignissimos illo et tempora.',NULL,25,'Casper-Smith',4,'dolorem','Used','Alice hastily replied; \'at least--at least I know all the right thing to eat her up in such a new idea to Alice, and she went nearer to make out that she looked up, and there was the White Rabbit.','Et ut laborum asperiores aperiam ut architecto facilis. Veritatis pariatur est quos iusto. Repudiandae vel doloremque sapiente aspernatur eaque aspernatur ipsum dolorem. Quod omnis error reprehenderit facilis non corrupti tempora nemo. Cum vel pariatur minus sapiente culpa expedita quia atque. Explicabo esse illo eius magnam. Et ducimus tenetur eum officia. Exercitationem ea molestiae ut provident et nostrum. Iste officiis fugit voluptates quod est ipsum. Harum itaque qui ea dolorem. Vel repellendus voluptatem laborum dolor vero tempore omnis. Aut voluptates a deserunt ex reiciendis esse. Dolorem voluptatibus illum incidunt est illo. Ut ut libero impedit rerum maiores sed dolor vel. Aspernatur dolore ut non labore libero similique aliquid. Est possimus ipsam dolorem corrupti. Voluptatem qui eum repudiandae quo repellendus provident. Dignissimos aspernatur ullam harum doloribus. Fugit consequatur autem delectus repellat dolor suscipit ut. Sunt sit recusandae sit earum explicabo quis. Ea repudiandae id corrupti qui laborum dignissimos nostrum culpa. Illo error architecto quis dolor quasi sit. Ut vero doloribus odio exercitationem. Et repellendus voluptatem sit maxime asperiores ratione quisquam. Ratione omnis ab dignissimos iure aut. Beatae deserunt necessitatibus velit qui. Alias quas voluptas quibusdam a voluptatum. Odit quisquam unde placeat necessitatibus quas non rerum. Consequuntur impedit qui fugiat quia illum ut minima.','a:7:{i:0;s:31:\"Et quasi enim et neque non eum.\";i:1;s:35:\"Blanditiis iste corporis et sit et.\";i:2;s:37:\"Maiores alias ut ut cupiditate omnis.\";i:3;s:34:\"Qui repudiandae non doloribus qui.\";i:4;s:30:\"Ipsam id fugiat et ut iure et.\";i:5;s:37:\"Optio eveniet illo deleniti ea quasi.\";i:6;s:52:\"Animi aliquid qui minima eos voluptatem ad deleniti.\";}',65,0,3,316.724000,496.724000,NULL,'2020-10-01 19:26:00','2020-10-11 19:26:00',852.00,1,'2020-09-29 19:26:00',1,'incidunt-deserunt-velit-autem-molestiae-hic','a:2:{i:0;i:9;i:1;i:35;}','Aperiam autem et voluptate porro magnam.','Mouse was swimming away from him, and said nothing. \'This here young lady,\' said the Mock Turtle yet?\' \'No,\' said Alice. \'Nothing WHATEVER?\' persisted the King. \'It began with the distant green.',0,1,NULL,'2020-09-20 19:26:30','2020-09-21 19:26:30'),(25,1,'Repellat et molestias labore dolor reprehenderit.',NULL,4,'Bailey-Brakus',1,'aut','Used','Alice was a good thing!\' she said to the Gryphon. \'It\'s all his fancy, that: he hasn\'t got no business there, at any rate, there\'s no harm in trying.\' So she went on, yawning and rubbing its eyes.','Iusto et nam cumque tenetur est sed eos quia. Excepturi voluptatem nesciunt ea voluptatem. Quidem sed voluptatem vitae ut eos magni. At eaque nobis consequatur praesentium. Ullam placeat voluptatum atque blanditiis repellat sit aliquid. Velit adipisci qui est architecto architecto ea harum. Rerum eius dolorum tenetur voluptatem ullam. Cupiditate incidunt ea qui voluptatem. Ut sequi ipsam qui tempore. Aperiam nam autem voluptas et. Ea tempore consequuntur aut exercitationem voluptatem quo nihil. Et dolorum exercitationem nostrum dolorem. Error assumenda perferendis nobis accusamus temporibus. Aut earum consequatur repellendus commodi et doloremque. Inventore perspiciatis voluptatem officiis consequatur qui pariatur. Voluptatem sit dolorem est quos dolorum. Impedit deserunt a dolorum corrupti occaecati enim rerum. Consequatur aliquid dolorem provident quaerat explicabo laborum. Fugiat dolores voluptate facere nulla. Id sed voluptatem molestias quis. Sapiente ut sed nihil et. Voluptas consequatur minus ut sapiente in aut. Eum est iste excepturi voluptatem eligendi eos inventore. Nostrum non dolor iure maiores asperiores veritatis doloremque. Aspernatur ut voluptatibus quis odio et cum. Repudiandae sit libero dignissimos ipsa laborum dignissimos. Corrupti iusto et dicta dolorum ut. Sed porro voluptas ut et assumenda enim cumque.','a:7:{i:0;s:28:\"Iste quibusdam dolore earum.\";i:1;s:43:\"Voluptas et amet nostrum nulla minima quas.\";i:2;s:49:\"Eaque possimus ad maxime ut consequatur corporis.\";i:3;s:30:\"Et totam itaque dolorem saepe.\";i:4;s:46:\"Velit consequatur reprehenderit eius mollitia.\";i:5;s:26:\"Inventore ut non eius quo.\";i:6;s:68:\"Numquam possimus voluptatem molestiae quisquam quibusdam recusandae.\";}',13,0,3,223.301900,396.301900,NULL,'2020-10-01 19:26:00','2020-10-10 19:26:00',1628.00,0,'2020-09-28 19:26:00',1,'dolor-et-reiciendis-fugiat-quia-velit-velit-saepe','a:3:{i:0;i:2;i:1;i:19;i:2;i:45;}','Ea saepe ut earum consequatur fugit nemo.','Queen. \'Never!\' said the King, and the great hall, with the birds hurried off to the confused clamour of the Queen had never before seen a rabbit with either a waistcoat-pocket, or a serpent?\' \'It.',1,1,NULL,'2020-09-27 19:26:30','2020-09-22 19:26:30'),(26,1,'Quia saepe facilis tenetur nemo id architecto.',NULL,5,'Trantow, Schulist and Ziemann',2,'veniam','Used','Gryphon, \'that they WOULD not remember the simple and loving heart of her voice. Nobody moved. \'Who cares for you?\' said the Gryphon repeated impatiently: \'it begins \"I passed by his garden.\"\' Alice.','Hic minus voluptatem sint accusamus velit. Et excepturi placeat ipsa dolore natus quia praesentium. Quidem consequatur eos sunt iste maiores. Esse voluptatem qui eos praesentium esse officiis voluptas. Excepturi corrupti maiores omnis facilis ut. At rerum esse doloremque iure commodi et quia. Eos explicabo non et sit iste. Ipsa est omnis quis iste aut. Consequatur cum voluptatem qui natus earum. Nulla quae eveniet fugit cum ipsam deleniti. Nam dolor et cum enim enim. Porro odit commodi nisi iure. Delectus mollitia error quia placeat ut sint est. Esse aspernatur quia quibusdam voluptatem temporibus enim enim. Dolores aut temporibus omnis ratione et itaque repellat. Numquam sapiente repellat odio molestias autem ad tenetur. Magni eligendi neque eligendi nisi dolor consequuntur velit. Eveniet et dolorum dolorem magni et officia. Et iusto sit nam unde et at. Autem saepe occaecati dignissimos et qui quam ipsam pariatur. Soluta vitae quam sunt et ex ut voluptas quisquam. Sequi et ex quis quo qui ut quidem molestias. Eos aut id perferendis quia alias ut voluptatem. Unde fuga maxime deserunt facere aut ipsa quo. Aut eos et quasi cumque non. Ut sit ipsum alias voluptas. Culpa quo ipsa qui ipsum eos. Quae odit blanditiis est omnis quae enim sint. Dolor eum reprehenderit fugiat commodi quae perspiciatis. Et neque officiis excepturi quisquam aut numquam.','a:7:{i:0;s:41:\"Facilis similique assumenda at porro aut.\";i:1;s:55:\"Cupiditate voluptas sunt praesentium velit a accusamus.\";i:2;s:49:\"Est libero laudantium impedit necessitatibus qui.\";i:3;s:35:\"Consequuntur magni et quidem ipsam.\";i:4;s:28:\"Dolores accusantium ut quae.\";i:5;s:55:\"Possimus et est officiis alias ipsa ut explicabo error.\";i:6;s:40:\"Amet nisi nihil consequuntur asperiores.\";}',37,0,3,109.270730,238.270730,113.270730,'2020-10-01 19:26:00','2020-10-12 19:26:00',1130.00,0,'2020-09-30 19:26:00',1,'molestiae-ut-nisi-tempore-non-a','a:2:{i:0;i:27;i:1;i:40;}','Eius doloribus quod qui dignissimos et.','Gryphon, the squeaking of the singers in the after-time, be herself a grown woman; and how she was up to the beginning again?\' Alice ventured to taste it, and then added them up, and began staring.',0,1,NULL,'2020-09-16 19:26:30','2020-09-26 19:26:30'),(27,1,'Quis eum iure beatae dolorem.',NULL,25,'Casper-Smith',5,'enim','Used','Dormouse,\' the Queen was close behind her, listening: so she went in without knocking, and hurried upstairs, in great disgust, and walked two and two, as the large birds complained that they had at.','Hic eveniet ullam nesciunt id. Omnis dolorem in reprehenderit earum sunt ut esse. Quia tempore et odio ipsa ducimus possimus similique minus. Perferendis optio voluptas esse. Quis deserunt fugit est sit maiores laborum. Optio neque voluptatem velit nobis sapiente. Rem hic voluptate laboriosam occaecati ut officiis nesciunt vel. Nihil possimus est non doloribus. Et officiis aut repellendus voluptates ipsa et inventore consequatur. Voluptates quis aspernatur iusto omnis et qui architecto incidunt. Quidem ut sed odio in sit consectetur. Vitae similique ipsum voluptates totam voluptate deserunt doloremque. Animi architecto aspernatur perferendis numquam aut. Omnis voluptas porro ipsam culpa occaecati aut sit. Maxime dolorem ex quia esse quam. Itaque eum voluptatem perferendis et hic et. Facilis incidunt dignissimos necessitatibus ipsum maiores et distinctio porro. Veniam et tempora voluptas aliquam. Consequatur vel quam qui est hic dolor vel. Sint eum eum et temporibus. Accusantium reprehenderit dolorem omnis quas quia magnam adipisci. Distinctio quam id culpa. Culpa repudiandae harum dolorem corporis repellat commodi incidunt. Quis aut deleniti et dolores. Fuga minus rerum corrupti in sed et. Eius similique soluta laboriosam molestiae. Provident ut repellendus sunt quod suscipit a. Odio voluptatem quo sunt. Pariatur nesciunt explicabo nihil voluptas. Sit quam aliquid voluptas est et libero.','a:7:{i:0;s:44:\"Sed quas qui aut debitis dolore consequatur.\";i:1;s:63:\"Saepe cumque expedita ratione doloremque est dicta non aliquam.\";i:2;s:21:\"Itaque et dolore non.\";i:3;s:21:\"Non iusto ea aut quo.\";i:4;s:45:\"Qui praesentium quis eius quis fuga eum quas.\";i:5;s:46:\"Molestias ratione esse eum fugiat itaque quia.\";i:6;s:40:\"Aliquam vitae impedit sunt nihil soluta.\";}',95,0,3,209.431607,322.431607,NULL,'2020-10-01 19:26:00','2020-10-09 19:26:00',1684.00,0,'2020-09-29 19:26:00',1,'aspernatur-odit-aliquam-alias-qui-odit-ut-ducimus-iusto','a:3:{i:0;i:11;i:1;i:21;i:2;i:24;}','Ullam ut quia et nobis libero.','Who ever saw one that size? Why, it fills the whole pack of cards, after all. I needn\'t be so easily offended, you know!\' The Mouse only shook its head impatiently, and walked two and two, as the.',1,1,NULL,'2020-09-27 19:26:30','2020-09-17 19:26:30'),(28,1,'Dolor illo minus id earum sit voluptatibus.',NULL,15,'Wintheiser, Greenfelder and Konopelski',3,'non','Used','The moment Alice appeared, she was now only ten inches high, and was gone across to the little golden key, and unlocking the door between us. For instance, if you want to go from here?\' \'That.','Alias qui quasi tempore omnis. Sed sit excepturi eos aperiam. Natus dolores ut perferendis dolores occaecati molestiae. Sit iste ut quo quia. Odio et qui impedit quis. Reiciendis enim itaque aut temporibus. Voluptas nostrum totam nostrum doloremque eaque nobis. Nemo ut voluptatem hic et non. Et aut est commodi voluptatum maxime voluptas. Eveniet dolorem sequi nostrum qui accusantium est ducimus. Quo qui adipisci velit. Et dolores doloremque vitae inventore. Consequatur est quidem animi. Nulla enim voluptatem et dolorem laudantium. Non vel accusamus ut voluptas assumenda nisi reprehenderit. Quia itaque illo officia vel ea. Illo ipsum magnam eos dolor qui saepe ex. Aspernatur possimus quis ducimus inventore dolorem mollitia fugiat. Vitae non et est inventore aliquid et. Velit repellat occaecati aut sed ut. Blanditiis atque sequi officia non quia quo. Sint consequatur eius quasi quaerat dolor voluptatem eligendi. Eius nam recusandae tenetur nostrum nobis esse. Sint vero aut accusamus veniam tenetur nihil. Et necessitatibus non totam sint doloribus distinctio. Voluptates nihil magnam aliquid et accusantium tempore. Et quia culpa dignissimos distinctio. Vel in molestiae et necessitatibus nostrum natus. Et iste odit tenetur rerum. In accusamus ab velit consequatur soluta non dolore. Modi quis nulla sint repudiandae facilis.','a:7:{i:0;s:66:\"Quis praesentium nostrum repudiandae beatae animi maiores dolores.\";i:1;s:49:\"Non omnis dolor alias et blanditiis voluptatibus.\";i:2;s:59:\"Corrupti non dicta neque voluptatem explicabo maxime neque.\";i:3;s:29:\"Magnam officiis animi sed id.\";i:4;s:31:\"Qui minus unde quidem et natus.\";i:5;s:46:\"Vitae sit quas atque dolore unde aut incidunt.\";i:6;s:38:\"Dolor officia eum velit dolorem optio.\";}',21,0,3,328.070000,412.070000,NULL,'2020-10-01 19:26:00','2020-10-14 19:26:00',1363.00,0,'2020-09-30 19:26:00',1,'dicta-nemo-ut-quo-asperiores-et','a:3:{i:0;i:34;i:1;i:44;i:2;i:49;}','Facere aliquid dolores qui est nesciunt.','Alice could hear the rattle of the March Hare, \'that \"I like what I say--that\'s the same age as herself, to see what the next verse.\' \'But about his toes?\' the Mock Turtle. Alice was very.',0,1,NULL,'2020-09-29 19:26:30','2020-09-27 19:26:30'),(29,2,'Et et sed et modi.',NULL,23,'Watsica, Runte and Beier',5,'ducimus','New','I know?\' said Alice, timidly; \'some of the house, and have next to her. \'I wish I hadn\'t gone down that rabbit-hole--and yet--and yet--it\'s rather curious, you know, with oh, such long ringlets, and.','Et corrupti ullam sint aspernatur inventore sit et nemo. Cupiditate esse sit rerum saepe. Aut porro vero soluta distinctio. Earum odio qui dolorem consequuntur. Consectetur et molestias nostrum. Quia asperiores est voluptatem asperiores. Vitae possimus corporis ducimus ut tempora velit odit. Minus at repellendus sapiente quo odio inventore sunt. Corporis aut minus blanditiis perspiciatis et dolor rerum. Quidem facere voluptatum soluta est nihil similique. In eius expedita eligendi ut doloremque praesentium. Optio nesciunt qui consequuntur nostrum mollitia. Aut inventore doloribus veritatis fugiat et minima. Nostrum eius magnam voluptatum nihil. Quia quia id et. Ipsum corrupti et molestiae temporibus eaque vitae rerum ut. Sapiente neque inventore fugiat natus. Quia laboriosam aut culpa rerum ullam. Facilis quia totam dolores rerum et. Officiis qui voluptate amet voluptas sit voluptatem. Aut laudantium ut eveniet laboriosam voluptas. Quia soluta illum sapiente sunt quis. Provident quod illo tenetur molestias. Molestiae distinctio aut nihil numquam quaerat magni neque. Id vitae delectus voluptatibus voluptatem aliquam natus. Voluptas vel qui est consectetur quibusdam. Velit laborum omnis voluptate vel doloribus consectetur. Ipsum voluptatem libero qui nostrum modi dolor. Suscipit quasi ipsam nostrum. Voluptas ut eaque harum qui aperiam et nisi.','a:7:{i:0;s:33:\"Illo minima sit aliquid quia est.\";i:1;s:28:\"Quidem hic numquam voluptas.\";i:2;s:48:\"Ut nesciunt beatae tenetur voluptas minima vero.\";i:3;s:37:\"Odio consequatur culpa odio enim est.\";i:4;s:54:\"Dolorum enim error quasi quidem vero deserunt eveniet.\";i:5;s:53:\"Et error incidunt laudantium quia nostrum et commodi.\";i:6;s:50:\"Amet qui recusandae dolores quo rerum saepe velit.\";}',53,0,3,317.525509,486.525509,330.525509,'2020-10-01 19:26:00','2020-10-17 19:26:00',377.00,0,'2020-09-30 19:26:00',1,'ipsam-quod-ad-id-et-quod-voluptates-saepe','a:3:{i:0;i:13;i:1;i:16;i:2;i:38;}','Reiciendis doloribus ipsam placeat qui quasi cum.','Queen say only yesterday you deserved to be ashamed of yourself for asking such a subject! Our family always HATED cats: nasty, low, vulgar things! Don\'t let him know she liked them best, For this.',1,1,NULL,'2020-09-17 19:26:30','2020-09-28 19:26:30'),(30,2,'Exercitationem facilis molestias deserunt sit rem.',NULL,26,'Casper-Smith',5,'veniam','Used','Alice, as she spoke, but no result seemed to listen, the whole thing, and she told her sister, as well as she had made out the Fish-Footman was gone, and, by the officers of the trial.\' \'Stupid.','Quia quasi et quis nobis aut quod accusamus. Molestiae est quis repellendus voluptatibus dicta vel. Et tenetur odio et est architecto aperiam sit. Facere quos qui voluptas unde. Maxime sed voluptatem eius eaque ex at tempora ipsum. Non quia est neque possimus suscipit consequatur. Ea eveniet voluptate aspernatur qui incidunt maxime aliquid. Nesciunt quaerat in eum iste inventore dolorum et. Est placeat ipsa enim ab temporibus ex voluptates. Neque officia qui fugit praesentium voluptas occaecati animi. Commodi architecto excepturi perspiciatis est. Qui quo aut autem repudiandae. Ad quia consequatur corporis. Numquam eveniet quis non autem laboriosam aut sed. Optio sapiente blanditiis harum et et. Neque magnam ipsam quidem explicabo dolore. Porro enim est facere ut et distinctio. Deleniti sed cupiditate hic rem inventore omnis similique. Assumenda quaerat odio excepturi officiis. Quas aut est explicabo in maxime vel. Et nihil itaque dolorem. Doloribus saepe eos voluptas dolores ad dicta explicabo eos. Animi ut molestiae nihil. Voluptatibus ut consequatur quia sint ut. Adipisci dolor magni molestias natus. Expedita ipsa qui vel ex. Quia eligendi neque aliquam dolor nobis deserunt. Atque quia est ut quam. Et magnam perspiciatis ex accusamus repudiandae. Adipisci sint quasi voluptatem facere. Maxime libero voluptatem eum recusandae earum. Quis laudantium cumque iste qui enim similique.','a:7:{i:0;s:30:\"Maxime pariatur nobis et sunt.\";i:1;s:27:\"Fuga laborum et autem eius.\";i:2;s:53:\"Id mollitia consequuntur quidem commodi iure quaerat.\";i:3;s:54:\"Atque atque qui nesciunt magni saepe quisquam aliquid.\";i:4;s:28:\"Ea ut temporibus sunt autem.\";i:5;s:30:\"Dolores beatae ut possimus et.\";i:6;s:46:\"Rerum velit ut esse est animi qui consequatur.\";}',70,0,3,330.804832,392.804832,NULL,'2020-10-01 19:26:00','2020-10-18 19:26:00',529.00,1,'2020-09-29 19:26:00',1,'quaerat-id-molestias-non-est-sint-id','a:2:{i:0;i:16;i:1;i:27;}','Neque autem ea et pariatur illum.','Alice; \'you needn\'t be so easily offended, you know!\' The Mouse did not get dry again: they had to do that,\' said Alice. \'Exactly so,\' said Alice. \'Did you say \"What a pity!\"?\' the Rabbit whispered.',1,1,NULL,'2020-09-23 19:26:30','2020-09-24 19:26:30');
/*!40000 ALTER TABLE `inventories` ENABLE KEYS */;
UNLOCK TABLES;

--
-- Table structure for table `inventory_packaging`
--

DROP TABLE IF EXISTS `inventory_packaging`;
/*!40101 SET @saved_cs_client     = @@character_set_client */;
/*!40101 SET character_set_client = utf8 */;
CREATE TABLE `inventory_packaging` (
  `packaging_id` int(10) unsigned NOT NULL,
  `inventory_id` bigint(20) unsigned NOT NULL,
  `created_at` timestamp NULL DEFAULT NULL,
  `updated_at` timestamp NULL DEFAULT NULL,
  KEY `inventory_packaging_packaging_id_index` (`packaging_id`),
  KEY `inventory_packaging_inventory_id_index` (`inventory_id`),
  CONSTRAINT `inventory_packaging_inventory_id_foreign` FOREIGN KEY (`inventory_id`) REFERENCES `inventories` (`id`) ON DELETE CASCADE,
  CONSTRAINT `inventory_packaging_packaging_id_foreign` FOREIGN KEY (`packaging_id`) REFERENCES `packagings` (`id`) ON DELETE CASCADE
) ENGINE=InnoDB DEFAULT CHARSET=utf8 COLLATE=utf8_unicode_ci;
/*!40101 SET character_set_client = @saved_cs_client */;

--
-- Dumping data for table `inventory_packaging`
--

LOCK TABLES `inventory_packaging` WRITE;
/*!40000 ALTER TABLE `inventory_packaging` DISABLE KEYS */;
/*!40000 ALTER TABLE `inventory_packaging` ENABLE KEYS */;
UNLOCK TABLES;

--
-- Table structure for table `invoices`
--

DROP TABLE IF EXISTS `invoices`;
/*!40101 SET @saved_cs_client     = @@character_set_client */;
/*!40101 SET character_set_client = utf8 */;
CREATE TABLE `invoices` (
  `id` int(10) unsigned NOT NULL AUTO_INCREMENT,
  `user_id` bigint(20) DEFAULT NULL,
  `shop_id` int(11) DEFAULT NULL,
  `provider_id` varchar(255) COLLATE utf8_unicode_ci NOT NULL,
  `total` decimal(8,2) DEFAULT NULL,
  `tax` decimal(8,2) DEFAULT NULL,
  `card_country` varchar(255) COLLATE utf8_unicode_ci DEFAULT NULL,
  `billing_state` varchar(255) COLLATE utf8_unicode_ci DEFAULT NULL,
  `billing_zip` varchar(255) COLLATE utf8_unicode_ci DEFAULT NULL,
  `billing_country` varchar(255) COLLATE utf8_unicode_ci DEFAULT NULL,
  `created_at` timestamp NULL DEFAULT NULL,
  `updated_at` timestamp NULL DEFAULT NULL,
  PRIMARY KEY (`id`),
  KEY `invoices_created_at_index` (`created_at`),
  KEY `invoices_user_id_index` (`user_id`),
  KEY `invoices_shop_id_index` (`shop_id`)
) ENGINE=InnoDB DEFAULT CHARSET=utf8 COLLATE=utf8_unicode_ci;
/*!40101 SET character_set_client = @saved_cs_client */;

--
-- Dumping data for table `invoices`
--

LOCK TABLES `invoices` WRITE;
/*!40000 ALTER TABLE `invoices` DISABLE KEYS */;
/*!40000 ALTER TABLE `invoices` ENABLE KEYS */;
UNLOCK TABLES;

--
-- Table structure for table `jobs`
--

DROP TABLE IF EXISTS `jobs`;
/*!40101 SET @saved_cs_client     = @@character_set_client */;
/*!40101 SET character_set_client = utf8 */;
CREATE TABLE `jobs` (
  `id` bigint(20) unsigned NOT NULL AUTO_INCREMENT,
  `queue` varchar(255) COLLATE utf8_unicode_ci NOT NULL,
  `payload` longtext COLLATE utf8_unicode_ci NOT NULL,
  `attempts` tinyint(3) unsigned NOT NULL,
  `reserved_at` int(10) unsigned DEFAULT NULL,
  `available_at` int(10) unsigned NOT NULL,
  `created_at` int(10) unsigned NOT NULL,
  PRIMARY KEY (`id`),
  KEY `jobs_queue_index` (`queue`)
) ENGINE=InnoDB DEFAULT CHARSET=utf8 COLLATE=utf8_unicode_ci;
/*!40101 SET character_set_client = @saved_cs_client */;

--
-- Dumping data for table `jobs`
--

LOCK TABLES `jobs` WRITE;
/*!40000 ALTER TABLE `jobs` DISABLE KEYS */;
/*!40000 ALTER TABLE `jobs` ENABLE KEYS */;
UNLOCK TABLES;

--
-- Table structure for table `languages`
--

DROP TABLE IF EXISTS `languages`;
/*!40101 SET @saved_cs_client     = @@character_set_client */;
/*!40101 SET character_set_client = utf8 */;
CREATE TABLE `languages` (
  `id` int(10) unsigned NOT NULL AUTO_INCREMENT,
  `code` varchar(255) COLLATE utf8_unicode_ci NOT NULL,
  `php_locale_code` varchar(255) COLLATE utf8_unicode_ci NOT NULL,
  `language` text COLLATE utf8_unicode_ci NOT NULL,
  `order` int(11) NOT NULL DEFAULT 100,
  `rtl` tinyint(1) DEFAULT 0,
  `active` tinyint(1) DEFAULT 0,
  `deleted_at` timestamp NULL DEFAULT NULL,
  `created_at` timestamp NULL DEFAULT NULL,
  `updated_at` timestamp NULL DEFAULT NULL,
  PRIMARY KEY (`id`),
  UNIQUE KEY `languages_code_unique` (`code`)
) ENGINE=InnoDB AUTO_INCREMENT=23 DEFAULT CHARSET=utf8 COLLATE=utf8_unicode_ci;
/*!40101 SET character_set_client = @saved_cs_client */;

--
-- Dumping data for table `languages`
--

LOCK TABLES `languages` WRITE;
/*!40000 ALTER TABLE `languages` DISABLE KEYS */;
INSERT INTO `languages` VALUES (1,'en','en_US','English',1,0,1,NULL,'2020-10-01 19:25:58','2020-10-01 19:25:58'),(2,'es','es_ES','Spanish',2,0,1,NULL,'2020-10-01 19:25:58','2020-10-01 19:25:58'),(3,'fa','fa_IR','Persian',3,1,1,NULL,'2020-10-01 19:25:58','2020-10-01 19:25:58'),(4,'bn','bn_BD','Bangla (Bangali)',4,0,1,NULL,'2020-10-01 19:25:58','2020-10-01 19:25:58'),(5,'ar','ar_AE','Arabic',100,1,0,NULL,'2020-10-01 19:25:58','2020-10-01 19:25:58'),(6,'zh','zh_CN','Chinese',100,0,0,NULL,'2020-10-01 19:25:58','2020-10-01 19:25:58'),(7,'hi','hi_IN','Hindi',100,0,0,NULL,'2020-10-01 19:25:58','2020-10-01 19:25:58'),(8,'da','da_DK','Danish',100,0,0,NULL,'2020-10-01 19:25:58','2020-10-01 19:25:58'),(9,'de','de_DE','German',100,0,0,NULL,'2020-10-01 19:25:58','2020-10-01 19:25:58'),(10,'el','el_GR','Greek',100,0,0,NULL,'2020-10-01 19:25:58','2020-10-01 19:25:58'),(11,'fr','fr_FR','French',100,0,0,NULL,'2020-10-01 19:25:58','2020-10-01 19:25:58'),(12,'he','he_IL','Hebrew',100,1,0,NULL,'2020-10-01 19:25:58','2020-10-01 19:25:58'),(13,'nl','nl_NL','Dutch',100,0,0,NULL,'2020-10-01 19:25:58','2020-10-01 19:25:58'),(14,'no','no_NO','Norwegian',100,0,0,NULL,'2020-10-01 19:25:58','2020-10-01 19:25:58'),(15,'pt','pt_BR','Portuguese',100,0,0,NULL,'2020-10-01 19:25:58','2020-10-01 19:25:58'),(16,'ru','ru_RU','Russian',100,0,0,NULL,'2020-10-01 19:25:58','2020-10-01 19:25:58'),(17,'sv','sv_SE','Swedish',100,0,0,NULL,'2020-10-01 19:25:58','2020-10-01 19:25:58'),(18,'th','th_TH','Thai',100,0,0,NULL,'2020-10-01 19:25:58','2020-10-01 19:25:58'),(19,'tr','tr_TR','Turkish',100,0,0,NULL,'2020-10-01 19:25:58','2020-10-01 19:25:58'),(20,'id','id_ID','Indonesian',100,0,0,NULL,'2020-10-01 19:25:58','2020-10-01 19:25:58'),(21,'vi','vi_VN','Vietnamese',100,0,0,NULL,'2020-10-01 19:25:58','2020-10-01 19:25:58'),(22,'uk','uk_UA','Ukrainian',100,0,0,NULL,'2020-10-01 19:25:58','2020-10-01 19:25:58');
/*!40000 ALTER TABLE `languages` ENABLE KEYS */;
UNLOCK TABLES;

--
-- Table structure for table `manufacturers`
--

DROP TABLE IF EXISTS `manufacturers`;
/*!40101 SET @saved_cs_client     = @@character_set_client */;
/*!40101 SET character_set_client = utf8 */;
CREATE TABLE `manufacturers` (
  `id` int(10) unsigned NOT NULL AUTO_INCREMENT,
  `shop_id` int(10) unsigned DEFAULT NULL,
  `name` varchar(255) COLLATE utf8_unicode_ci NOT NULL,
  `slug` varchar(200) COLLATE utf8_unicode_ci NOT NULL,
  `email` varchar(255) COLLATE utf8_unicode_ci DEFAULT NULL,
  `url` text COLLATE utf8_unicode_ci DEFAULT NULL,
  `phone` varchar(255) COLLATE utf8_unicode_ci DEFAULT NULL,
  `description` longtext COLLATE utf8_unicode_ci DEFAULT NULL,
  `country_id` int(10) unsigned DEFAULT NULL,
  `active` tinyint(1) NOT NULL DEFAULT 1,
  `deleted_at` timestamp NULL DEFAULT NULL,
  `created_at` timestamp NULL DEFAULT NULL,
  `updated_at` timestamp NULL DEFAULT NULL,
  PRIMARY KEY (`id`),
  UNIQUE KEY `manufacturers_slug_unique` (`slug`)
) ENGINE=InnoDB AUTO_INCREMENT=6 DEFAULT CHARSET=utf8 COLLATE=utf8_unicode_ci;
/*!40101 SET character_set_client = @saved_cs_client */;

--
-- Dumping data for table `manufacturers`
--

LOCK TABLES `manufacturers` WRITE;
/*!40000 ALTER TABLE `manufacturers` DISABLE KEYS */;
INSERT INTO `manufacturers` VALUES (1,2,'Wintheiser, Greenfelder and Konopelski','nobis-dolorem-at-sed-nobis','isidro16@bechtelar.biz','http://www.bernhard.com/accusamus-quia-officiis-culpa-id-facilis','1-717-934-7997 x061','Ex quia et facere maiores. Eligendi omnis tempora cupiditate quam quas. Totam omnis molestias sed sunt ipsam voluptatem repudiandae. Corrupti consequatur suscipit vitae possimus. Est rem exercitationem voluptatem at occaecati quia. Quia minus ut quia expedita. Aut est quos dolore delectus aut. Nesciunt eveniet perferendis libero aliquam aut cumque rerum et. Qui itaque et eveniet. Ducimus quisquam nesciunt natus a fuga voluptatibus. Similique eos asperiores hic qui.',426,1,NULL,'2020-10-01 19:26:29','2020-10-01 19:26:29'),(2,1,'Trantow, Schulist and Ziemann','officiis-ut-velit-nulla','gottlieb.wilfred@deckow.net','http://www.carroll.com/suscipit-beatae-itaque-quidem-aliquam-suscipit-eligendi','1-980-271-1167 x706','Dolor qui est molestiae non velit tempora. Aut nulla numquam molestias consectetur eaque nobis sunt similique. Mollitia ut distinctio sed voluptatem autem sunt excepturi. Eveniet voluptatum quia error odit delectus culpa iste sequi. Adipisci nobis assumenda vero dolore fugiat quo consequatur. Inventore odio natus culpa quam placeat debitis corporis. Dolores explicabo ab ipsum atque eveniet. Necessitatibus incidunt fugit reiciendis eaque. Quas sint cumque officia provident iure omnis non.',226,1,NULL,'2020-10-01 19:26:29','2020-10-01 19:26:29'),(3,2,'Bailey-Brakus','ut-debitis-qui-consectetur-illo-iure-dolorem','lila.koss@gmail.com','http://schmeler.com/autem-eum-architecto-ratione-dolor-similique-impedit-deserunt.html','390-555-4833','Tenetur quibusdam ad repellat fugiat eum a. Accusantium aut doloremque numquam earum ut possimus fugiat. Dicta est sit sit aut labore. Quod libero minus atque voluptatibus id. Et autem et non delectus debitis unde. Ut id odio officiis earum sunt. Nostrum et ex omnis cupiditate est aliquid. Qui delectus et sed. Ab libero quae dicta. Omnis nihil ad quidem sed eveniet quia. Illum nostrum minus ex dolorem doloribus.',270,1,NULL,'2020-10-01 19:26:29','2020-10-01 19:26:29'),(4,2,'Watsica, Runte and Beier','fugit-ex-veniam-asperiores-voluptatem-quo','wyman.kristin@senger.info','http://hills.net/non-qui-omnis-aperiam-dolor-culpa-nisi-repellendus','302.474.5493 x1045','Nihil dicta eos et explicabo. Totam et repellendus velit aliquam. Placeat numquam dolorem delectus consequatur molestiae fuga. Ex qui molestias illo voluptatem eos eius. Aspernatur est impedit consectetur adipisci consequatur est dicta. Sunt laborum quo laborum unde dolores expedita non dignissimos. Consectetur sit suscipit explicabo nam ea ut eum. Amet ea consequuntur debitis id velit excepturi. Natus in corporis et qui. Iure et nesciunt occaecati similique rem quia.',136,1,NULL,'2020-10-01 19:26:29','2020-10-01 19:26:29'),(5,2,'Casper-Smith','dignissimos-nobis-libero-architecto-accusamus-natus-voluptatem-et','michelle03@gmail.com','http://www.vandervort.info/dicta-libero-delectus-voluptatem-quisquam','+15856225160','Quo quasi unde sed nostrum iusto laboriosam quia. Ducimus ut cum odit. Minus praesentium molestias quia vel non. Dolores sunt quis est vel ducimus. Quo explicabo maxime cumque earum eos. At ex delectus nihil eaque consectetur voluptatem eum. Voluptatem aliquid consequatur provident dolor excepturi autem.',44,1,NULL,'2020-10-01 19:26:29','2020-10-01 19:26:29');
/*!40000 ALTER TABLE `manufacturers` ENABLE KEYS */;
UNLOCK TABLES;

--
-- Table structure for table `messages`
--

DROP TABLE IF EXISTS `messages`;
/*!40101 SET @saved_cs_client     = @@character_set_client */;
/*!40101 SET character_set_client = utf8 */;
CREATE TABLE `messages` (
  `id` bigint(20) unsigned NOT NULL AUTO_INCREMENT,
  `shop_id` int(10) unsigned DEFAULT NULL,
  `user_id` bigint(20) unsigned DEFAULT NULL,
  `customer_id` bigint(20) unsigned DEFAULT NULL,
  `name` varchar(255) COLLATE utf8_unicode_ci DEFAULT NULL,
  `phone` varchar(255) COLLATE utf8_unicode_ci DEFAULT NULL,
  `email` varchar(255) COLLATE utf8_unicode_ci DEFAULT NULL,
  `subject` varchar(255) COLLATE utf8_unicode_ci DEFAULT NULL,
  `message` longtext COLLATE utf8_unicode_ci DEFAULT NULL,
  `order_id` bigint(20) unsigned DEFAULT NULL,
  `product_id` bigint(20) unsigned DEFAULT NULL,
  `status` int(11) NOT NULL DEFAULT 1,
  `customer_status` int(11) DEFAULT 1,
  `label` int(11) NOT NULL DEFAULT 1,
  `deleted_at` timestamp NULL DEFAULT NULL,
  `created_at` timestamp NULL DEFAULT NULL,
  `updated_at` timestamp NULL DEFAULT NULL,
  PRIMARY KEY (`id`)
) ENGINE=InnoDB AUTO_INCREMENT=16 DEFAULT CHARSET=utf8 COLLATE=utf8_unicode_ci;
/*!40101 SET character_set_client = @saved_cs_client */;

--
-- Dumping data for table `messages`
--

LOCK TABLES `messages` WRITE;
/*!40000 ALTER TABLE `messages` DISABLE KEYS */;
INSERT INTO `messages` VALUES (1,1,NULL,1,NULL,NULL,NULL,'Architecto et aut aliquid ipsam.','Porro inventore quis enim totam quod aliquid autem. Ut ut error ut esse omnis similique. Numquam et rem reiciendis molestiae pariatur ab.',4,NULL,3,1,3,NULL,'2020-09-27 19:26:32','2020-10-01 19:26:32'),(2,1,NULL,1,NULL,NULL,NULL,'Nesciunt illo placeat cum incidunt.','Dignissimos sed nihil saepe aut deserunt. Debitis temporibus esse eligendi repudiandae. Ipsa hic sed rerum qui modi. Est nobis eos tempore pariatur rerum.',3,NULL,2,1,1,NULL,'2020-09-17 19:26:32','2020-10-01 19:26:32'),(3,2,NULL,1,NULL,NULL,NULL,'Dolor sed vero et.','Perferendis tempora et dolor. Facere labore provident nostrum sunt quos assumenda sunt. Harum itaque dolores quasi omnis repellat qui veniam. Et consequatur eum suscipit quisquam.',5,NULL,1,1,5,NULL,'2020-09-30 19:26:32','2020-10-01 19:26:32'),(4,2,NULL,1,NULL,NULL,NULL,'Quae nulla culpa dignissimos doloribus ut quam.','Dicta fugit eaque sapiente molestias. Occaecati officia tempora occaecati omnis veritatis. Explicabo magni iusto similique voluptatem aliquid quas rerum sapiente. Laborum est reiciendis adipisci consequatur a veniam reprehenderit.',7,NULL,1,1,5,NULL,'2020-09-24 19:26:32','2020-10-01 19:26:32'),(5,1,NULL,1,NULL,NULL,NULL,'Porro corrupti et officia magni eos odit aut distinctio.','Eos voluptate et facere reprehenderit. Unde nulla eveniet inventore molestias molestiae esse labore. Et nihil assumenda repudiandae neque voluptas aut. At odit nisi rerum minima.',2,NULL,3,1,4,NULL,'2020-09-18 19:26:32','2020-10-01 19:26:32'),(6,1,NULL,1,NULL,NULL,NULL,'Animi corporis id omnis maxime et qui numquam.','Placeat provident et numquam doloribus reiciendis facere quia. Consequatur in magnam sequi et. Dolorum harum natus qui.',4,NULL,2,1,1,NULL,'2020-10-01 19:26:32','2020-09-21 19:26:32'),(7,1,NULL,1,NULL,NULL,NULL,'Officiis omnis labore deserunt qui est consequatur.','Quia eligendi voluptatem cumque. Nihil voluptas autem a praesentium earum ullam dignissimos fuga. Fugiat asperiores est atque minus excepturi alias reiciendis quam. Quia consequatur officia et iure.',3,NULL,3,1,5,NULL,'2020-09-25 19:26:32','2020-09-30 19:26:32'),(8,2,NULL,1,NULL,NULL,NULL,'Iusto sint iure totam dolorem voluptate soluta.','Qui animi dolores enim est esse. Aperiam nihil rerum voluptas laborum qui ut. Deserunt et officia reiciendis aperiam nihil dolor non.',5,NULL,1,1,2,NULL,'2020-09-30 19:26:32','2020-09-17 19:26:32'),(9,2,NULL,1,NULL,NULL,NULL,'Ullam omnis error ut reiciendis rerum ea.','Iste ut at quia consequatur laborum nihil. Eos accusamus nulla qui dicta id numquam perspiciatis. Qui veritatis repellat animi quia magni.',6,NULL,3,1,1,NULL,'2020-09-25 19:26:32','2020-09-26 19:26:32'),(10,2,NULL,1,NULL,NULL,NULL,'Odit est nihil fugit sequi mollitia.','Repellat et autem occaecati cum nemo. Culpa sunt quae eveniet quidem dolor. Ut enim magnam mollitia et.',7,NULL,1,1,3,NULL,'2020-10-01 19:26:32','2020-09-17 19:26:32'),(11,2,NULL,1,NULL,NULL,NULL,'Reiciendis similique molestias omnis officiis laudantium.','Sapiente quia sit id quo perspiciatis. Dolores quae nisi nesciunt quisquam doloremque nobis. Saepe autem nisi ad.',7,NULL,2,1,3,NULL,'2020-09-28 19:26:32','2020-09-23 19:26:32'),(12,2,NULL,1,NULL,NULL,NULL,'Aut quaerat natus iste reiciendis dolores quia.','Est sint voluptatum accusantium accusamus. Quia quaerat animi natus voluptates et possimus illum. Explicabo dignissimos dolores sed est quos adipisci. Rem sint qui voluptates neque. Distinctio deleniti laudantium nobis eligendi ipsam sed culpa.',5,NULL,2,1,1,NULL,'2020-09-29 19:26:32','2020-09-24 19:26:32'),(13,1,NULL,1,NULL,NULL,NULL,'Et molestias labore repellat minus.','Dolorem qui velit ipsum itaque. Aliquid voluptatem veniam quibusdam ut neque voluptates. Aut velit provident non ipsum dolorem blanditiis.',3,NULL,1,1,3,NULL,'2020-09-27 19:26:32','2020-09-27 19:26:32'),(14,2,NULL,1,NULL,NULL,NULL,'Id labore saepe quis odit dolores est.','Enim quaerat commodi magni laboriosam. Unde hic soluta eligendi asperiores id labore in. Aut asperiores nesciunt ipsam minus corrupti. Aut dicta qui accusantium adipisci voluptas autem. Fugiat adipisci debitis eligendi amet repellendus blanditiis mollitia.',1,NULL,1,1,5,NULL,'2020-09-25 19:26:32','2020-09-17 19:26:32'),(15,2,NULL,1,NULL,NULL,NULL,'Sequi laudantium et qui velit a quidem perferendis.','Est aperiam eos blanditiis autem enim dicta omnis. Necessitatibus qui possimus facilis et inventore aut quod est. Harum quidem ut repudiandae et amet. Et non quam voluptas omnis quasi. Ut cupiditate dolorem exercitationem modi doloremque aut quas beatae.',5,NULL,2,1,4,NULL,'2020-09-28 19:26:32','2020-09-20 19:26:32');
/*!40000 ALTER TABLE `messages` ENABLE KEYS */;
UNLOCK TABLES;

--
-- Table structure for table `migrations`
--

DROP TABLE IF EXISTS `migrations`;
/*!40101 SET @saved_cs_client     = @@character_set_client */;
/*!40101 SET character_set_client = utf8 */;
CREATE TABLE `migrations` (
  `id` int(10) unsigned NOT NULL AUTO_INCREMENT,
  `migration` varchar(255) COLLATE utf8_unicode_ci NOT NULL,
  `batch` int(11) NOT NULL,
  PRIMARY KEY (`id`)
) ENGINE=InnoDB AUTO_INCREMENT=68 DEFAULT CHARSET=utf8 COLLATE=utf8_unicode_ci;
/*!40101 SET character_set_client = @saved_cs_client */;

--
-- Dumping data for table `migrations`
--

LOCK TABLES `migrations` WRITE;
/*!40000 ALTER TABLE `migrations` DISABLE KEYS */;
INSERT INTO `migrations` VALUES (1,'2014_04_01_151049_create_activity_log_table',1),(2,'2014_10_11_000000_create_modules_table',1),(3,'2014_10_11_000010_create_roles_table',1),(4,'2014_10_11_000011_create_permissions_table',1),(5,'2014_10_11_000020_create_announcements_table',1),(6,'2014_10_11_000020_create_attachments_table',1),(7,'2014_10_11_000020_create_images_table',1),(8,'2014_10_12_000000_create_subscriptions_table',1),(9,'2014_10_12_000000_create_users_table',1),(10,'2014_10_12_000001_create_password_resets_table',1),(11,'2014_10_12_000003_create_dashboard_configs_table',1),(12,'2014_10_12_000003_create_pages_table',1),(13,'2014_10_12_000003_create_systems_table',1),(14,'2014_10_12_000004_create_customers_table',1),(15,'2014_12_31_000001_create_countries_table',1),(16,'2014_12_31_000004_create_addresses_table',1),(17,'2015_01_11_135657_create_shops_table',1),(18,'2015_01_12_000002_create_configs_table',1),(19,'2015_05_12_131134_create_performance_indicators_table',1),(20,'2015_05_12_151257_create_invoices_table',1),(21,'2015_12_31_000002_create_tags_table',1),(22,'2015_12_31_000004_create_blogs_table',1),(23,'2016_01_11_135655_create_manufacturers_table',1),(24,'2016_01_11_135658_create_products_table',1),(25,'2016_01_11_135660_create_attribute_table',1),(26,'2016_01_11_135714_create_suppliers_table',1),(27,'2016_01_15_191220_create_category_groups_table',1),(28,'2016_03_11_182034_create_warehouse_table',1),(29,'2016_03_11_190111_create_inventory_table',1),(30,'2016_03_25_192206_create_taxes_table',1),(31,'2016_03_26_091903_create_carriers_table',1),(32,'2016_03_26_091903_create_shipping_zones_table',1),(33,'2016_03_26_091904_create_packagings_table',1),(34,'2016_04_22_162519_create_email_templates_table',1),(35,'2016_04_22_162552_create_payment_methods_table',1),(36,'2016_04_22_162555_create_config_manual_payments_table',1),(37,'2016_04_22_162555_create_config_paypal_express_table',1),(38,'2016_04_22_162555_create_config_stripe_table',1),(39,'2016_04_22_162559_create_order_table',1),(40,'2016_04_24_151506_create_cart_table',1),(41,'2017_09_13_195828_create_coupons_table',1),(42,'2017_09_17_202406_create_gift_cards_table',1),(43,'2017_11_27_144538_create_contact_us_table',1),(44,'2017_11_27_144538_create_disputes_table',1),(45,'2017_11_27_144538_create_messages_table',1),(46,'2017_11_27_144538_create_refunds_table',1),(47,'2017_11_27_144538_create_tickets_table',1),(48,'2017_11_27_144548_create_replies_table',1),(49,'2018_04_08_155212_create_notifications_table',1),(50,'2018_04_11_202451_create_jobs_table',1),(51,'2018_04_28_201222_create_faqs_table',1),(52,'2018_05_27_135039_create_visitors_table',1),(53,'2018_07_04_210334_create_banners_table',1),(54,'2018_07_04_210813_create_sliders_table',1),(55,'2018_07_16_015501_create_wishlists_table',1),(56,'2018_07_19_191545_create_feedbacks_table',1),(57,'2018_10_04_162859_create_options_table',1),(58,'2018_12_20_193751_create_config_paystacks_table',1),(59,'2018_12_24_070051_create_config_authorize_net_table',1),(60,'2018_12_25_163942_create_config_cybersource_table',1),(61,'2018_12_25_163942_create_config_instamojo_table',1),(62,'2019_07_11_165534_create_languages_table',1),(63,'2019_12_06_063720_create_chat_tables',1),(64,'2019_12_27_092414_add_notify_chat_to_configs_table',1),(65,'2020_05_06_172818_add_email_phone_fields_to_messages_table',1),(66,'2020_06_30_154819_create_cancellation_table',1),(67,'2020_07_01_103906_add_cancellation_config_to_systems_table',1);
/*!40000 ALTER TABLE `migrations` ENABLE KEYS */;
UNLOCK TABLES;

--
-- Table structure for table `mixdata`
--

DROP TABLE IF EXISTS `mixdata`;
/*!40101 SET @saved_cs_client     = @@character_set_client */;
/*!40101 SET character_set_client = utf8 */;
CREATE TABLE `mixdata` (
  `SETTING_ID` tinyint(1) NOT NULL AUTO_INCREMENT,
  `ROOT_URL` varchar(250) COLLATE utf8mb4_unicode_ci NOT NULL,
  `CLIENT_EMAIL` varchar(250) COLLATE utf8mb4_unicode_ci NOT NULL,
  `LICENSE_CODE` varchar(250) COLLATE utf8mb4_unicode_ci NOT NULL,
  `LCD` varchar(250) COLLATE utf8mb4_unicode_ci NOT NULL,
  `LRD` varchar(250) COLLATE utf8mb4_unicode_ci NOT NULL,
  `INSTALLATION_KEY` varchar(250) COLLATE utf8mb4_unicode_ci NOT NULL,
  `INSTALLATION_HASH` varchar(250) COLLATE utf8mb4_unicode_ci NOT NULL,
  PRIMARY KEY (`SETTING_ID`)
) ENGINE=InnoDB AUTO_INCREMENT=2 DEFAULT CHARSET=utf8mb4 COLLATE=utf8mb4_unicode_ci;
/*!40101 SET character_set_client = @saved_cs_client */;

--
-- Dumping data for table `mixdata`
--

LOCK TABLES `mixdata` WRITE;
/*!40000 ALTER TABLE `mixdata` DISABLE KEYS */;
INSERT INTO `mixdata` VALUES (1,'https://alakba.com','m.berete@live.fr','3a0f4abc-38df-4ce0-902f-4a5e06680b59','U24wTWJmQ0x6UGViZTJyNGRTdG40QT09Ojq3btg9dkbnbRx9gHw196Er','NmJaZnhkYnNKMmRJTjJEM2xPT3pHZz09OjpQQJEUJLeh9SB6Igsdc/KH','L3FuT0V5SUFMNE52UGVWUTloUDVVUFloenh6UHpvbTJGR09iOWFuRzgvbTBJeXI0YUpFSTJsdTdsSTJTeVE0VHI2VFlnNGxGSGg3RldCRGlCQVF1SVE9PTo6xap3BNacc3byZcQjtdhPTg==','14a3c68731abc43cf1a2f75f0957cf9579944410d5a16892b93382dc67fa1572');
/*!40000 ALTER TABLE `mixdata` ENABLE KEYS */;
UNLOCK TABLES;

--
-- Table structure for table `modules`
--

DROP TABLE IF EXISTS `modules`;
/*!40101 SET @saved_cs_client     = @@character_set_client */;
/*!40101 SET character_set_client = utf8 */;
CREATE TABLE `modules` (
  `id` int(10) unsigned NOT NULL AUTO_INCREMENT,
  `name` varchar(255) COLLATE utf8_unicode_ci NOT NULL,
  `description` text COLLATE utf8_unicode_ci DEFAULT NULL,
  `access` enum('Super Admin','Platform','Merchant','Common') COLLATE utf8_unicode_ci NOT NULL,
  `actions` varchar(255) COLLATE utf8_unicode_ci DEFAULT NULL,
  `active` tinyint(1) NOT NULL DEFAULT 1,
  `deleted_at` timestamp NULL DEFAULT NULL,
  `created_at` timestamp NULL DEFAULT NULL,
  `updated_at` timestamp NULL DEFAULT NULL,
  PRIMARY KEY (`id`)
) ENGINE=InnoDB AUTO_INCREMENT=34 DEFAULT CHARSET=utf8 COLLATE=utf8_unicode_ci;
/*!40101 SET character_set_client = @saved_cs_client */;

--
-- Dumping data for table `modules`
--

LOCK TABLES `modules` WRITE;
/*!40000 ALTER TABLE `modules` DISABLE KEYS */;
INSERT INTO `modules` VALUES (1,'Appearance','Manage all appearance.','Platform','customize',1,NULL,'2020-10-01 19:25:58','2020-10-01 19:25:58'),(2,'Attribute','Manage all attribute.','Common','view,add,edit,delete',1,NULL,'2020-10-01 19:25:58','2020-10-01 19:25:58'),(3,'Carrier','Manage all carrier.','Merchant','view,add,edit,delete',1,NULL,'2020-10-01 19:25:58','2020-10-01 19:25:58'),(4,'Category','Manage all category.','Platform','view,add,edit,delete',1,NULL,'2020-10-01 19:25:58','2020-10-01 19:25:58'),(5,'Category Group','Manage all category group.','Platform','view,add,edit,delete',1,NULL,'2020-10-01 19:25:58','2020-10-01 19:25:58'),(6,'Category Sub Group','Manage all category sub group.','Platform','view,add,edit,delete',1,NULL,'2020-10-01 19:25:58','2020-10-01 19:25:58'),(7,'Chat Conversation','Manage all chat conversation.','Merchant','view,reply,delete',1,NULL,'2020-10-01 19:25:58','2020-10-01 19:25:58'),(8,'Config','Manage all config.','Merchant','view,edit',1,NULL,'2020-10-01 19:25:58','2020-10-01 19:25:58'),(9,'Coupon','Manage all coupon.','Merchant','view,add,edit,delete',1,NULL,'2020-10-01 19:25:58','2020-10-01 19:25:58'),(10,'Cart','Manage all cart.','Merchant','view,add,edit,delete',1,NULL,'2020-10-01 19:25:58','2020-10-01 19:25:58'),(11,'Customer','Manage all customer.','Platform','view,add,edit,delete',1,NULL,'2020-10-01 19:25:58','2020-10-01 19:25:58'),(12,'Dispute','Manage all dispute.','Common','view,response',1,NULL,'2020-10-01 19:25:58','2020-10-01 19:25:58'),(13,'Inventory','Manage all inventory.','Merchant','view,add,edit,delete',1,NULL,'2020-10-01 19:25:58','2020-10-01 19:25:58'),(14,'Manufacturer','Manage all manufacturer.','Common','view,add,edit,delete',1,NULL,'2020-10-01 19:25:58','2020-10-01 19:25:58'),(15,'Message','Manage all message.','Common','view,add,update,delete,reply',1,NULL,'2020-10-01 19:25:58','2020-10-01 19:25:58'),(16,'Module','Manage all module.','Super Admin','view,add,edit,delete',1,NULL,'2020-10-01 19:25:58','2020-10-01 19:25:58'),(17,'Order','Manage all order.','Merchant','view,add,fulfill,cancel,archive',1,NULL,'2020-10-01 19:25:58','2020-10-01 19:25:58'),(18,'Packaging','Manage all packaging.','Merchant','view,add,edit,delete',1,NULL,'2020-10-01 19:25:58','2020-10-01 19:25:58'),(19,'Product','Manage all product.','Common','view,add,edit,delete',1,NULL,'2020-10-01 19:25:58','2020-10-01 19:25:58'),(20,'Refund','Manage all refund.','Merchant','view,initiate,update,approve',1,NULL,'2020-10-01 19:25:58','2020-10-01 19:25:58'),(21,'Role','Manage all role.','Common','view,add,edit,delete',1,NULL,'2020-10-01 19:25:58','2020-10-01 19:25:58'),(22,'Supplier','Manage all supplier.','Merchant','view,add,edit,delete',1,NULL,'2020-10-01 19:25:58','2020-10-01 19:25:58'),(23,'Subscription Plan','Manage all subscription plan.','Super Admin','view,add,edit,delete',1,NULL,'2020-10-01 19:25:58','2020-10-01 19:25:58'),(24,'Shipping Zone','Manage all shipping zone.','Merchant','view,add,edit,delete',1,NULL,'2020-10-01 19:25:58','2020-10-01 19:25:58'),(25,'Shipping Rate','Manage all shipping rate.','Merchant','add,edit,delete',1,NULL,'2020-10-01 19:25:58','2020-10-01 19:25:58'),(26,'System','Manage all system.','Super Admin','view,edit',1,NULL,'2020-10-01 19:25:58','2020-10-01 19:25:58'),(27,'System Config','Manage all system config.','Platform','view,edit',1,NULL,'2020-10-01 19:25:58','2020-10-01 19:25:58'),(28,'Tax','Manage all tax.','Merchant','view,add,edit,delete',1,NULL,'2020-10-01 19:25:58','2020-10-01 19:25:58'),(29,'Ticket','Manage all ticket.','Platform','view,update,reply,assign',1,NULL,'2020-10-01 19:25:58','2020-10-01 19:25:58'),(30,'Vendor','Manage all vendor.','Platform','view,add,edit,delete,login',1,NULL,'2020-10-01 19:25:58','2020-10-01 19:25:58'),(31,'Warehouse','Manage all warehouse.','Merchant','view,add,edit,delete',1,NULL,'2020-10-01 19:25:58','2020-10-01 19:25:58'),(32,'User','Manage all user.','Common','view,add,edit,delete,login',1,NULL,'2020-10-01 19:25:58','2020-10-01 19:25:58'),(33,'Utility','Manage all utility.','Platform','view,add,edit,delete',1,NULL,'2020-10-01 19:25:58','2020-10-01 19:25:58');
/*!40000 ALTER TABLE `modules` ENABLE KEYS */;
UNLOCK TABLES;

--
-- Table structure for table `notifications`
--

DROP TABLE IF EXISTS `notifications`;
/*!40101 SET @saved_cs_client     = @@character_set_client */;
/*!40101 SET character_set_client = utf8 */;
CREATE TABLE `notifications` (
  `id` char(36) COLLATE utf8_unicode_ci NOT NULL,
  `type` varchar(255) COLLATE utf8_unicode_ci NOT NULL,
  `notifiable_type` varchar(255) COLLATE utf8_unicode_ci NOT NULL,
  `notifiable_id` bigint(20) unsigned NOT NULL,
  `created_by` int(11) DEFAULT NULL,
  `icon` varchar(50) COLLATE utf8_unicode_ci DEFAULT NULL,
  `action_text` varchar(255) COLLATE utf8_unicode_ci DEFAULT NULL,
  `action_url` text COLLATE utf8_unicode_ci DEFAULT NULL,
  `data` text COLLATE utf8_unicode_ci NOT NULL,
  `read_at` timestamp NULL DEFAULT NULL,
  `created_at` timestamp NULL DEFAULT NULL,
  `updated_at` timestamp NULL DEFAULT NULL,
  PRIMARY KEY (`id`),
  KEY `notifications_notifiable_type_notifiable_id_index` (`notifiable_type`,`notifiable_id`)
) ENGINE=InnoDB DEFAULT CHARSET=utf8 COLLATE=utf8_unicode_ci;
/*!40101 SET character_set_client = @saved_cs_client */;

--
-- Dumping data for table `notifications`
--

LOCK TABLES `notifications` WRITE;
/*!40000 ALTER TABLE `notifications` DISABLE KEYS */;
INSERT INTO `notifications` VALUES ('062af78a-74e8-42ca-a62a-66113edcbc11','App\\Notifications\\System\\SystemConfigUpdated','App\\User',1,NULL,NULL,NULL,NULL,'{\"status\":\"System configuration updated!\"}','2020-10-05 19:50:00','2020-10-01 23:06:58','2020-10-05 19:50:00'),('06a7a5f6-1690-404f-b928-e464a8110ac3','App\\Notifications\\User\\PasswordUpdated','App\\User',3,NULL,NULL,NULL,NULL,'{\"name\":\"Merchant\"}',NULL,'2020-10-03 17:16:02','2020-10-03 17:16:02'),('11be2dd6-b4e3-4393-8bbe-99fe7b52a3c4','App\\Notifications\\System\\SystemConfigUpdated','App\\User',1,NULL,NULL,NULL,NULL,'{\"status\":\"System configuration updated!\"}','2020-10-11 07:30:35','2020-10-05 20:06:49','2020-10-11 07:30:35'),('208ce893-fc54-46bd-8963-86b219838b23','App\\Notifications\\System\\SystemIsLive','App\\User',1,NULL,NULL,NULL,NULL,'{\"status\":\"Marketplace is back to LIVE!\"}','2020-10-05 19:50:00','2020-10-01 23:03:38','2020-10-05 19:50:00'),('32e9f865-5f08-4f87-b7c1-e2bd84762659','App\\Notifications\\System\\SystemInfoUpdated','App\\User',1,NULL,NULL,NULL,NULL,'{\"status\":\"System information updated!\"}','2020-10-11 07:30:35','2020-10-05 22:11:53','2020-10-11 07:30:35'),('3c64bd8c-c737-4fb9-93ec-d002717aad7c','App\\Notifications\\System\\SystemInfoUpdated','App\\User',1,NULL,NULL,NULL,NULL,'{\"status\":\"System information updated!\"}','2020-10-11 07:30:35','2020-10-05 20:37:41','2020-10-11 07:30:35'),('42155e36-4b1c-44c0-8981-6baeafdde3e9','App\\Notifications\\System\\SystemInfoUpdated','App\\User',1,NULL,NULL,NULL,NULL,'{\"status\":\"System information updated!\"}','2020-10-01 22:59:29','2020-10-02 01:44:36','2020-10-01 22:59:29'),('450b8bb9-c064-427c-9773-e758e98ca7c0','App\\Notifications\\System\\SystemConfigUpdated','App\\User',1,NULL,NULL,NULL,NULL,'{\"status\":\"System configuration updated!\"}','2020-10-11 07:30:35','2020-10-05 22:58:59','2020-10-11 07:30:35'),('5a2fc157-fc8b-4204-9fd7-cf66cd324cf4','App\\Notifications\\System\\SystemInfoUpdated','App\\User',1,NULL,NULL,NULL,NULL,'{\"status\":\"System information updated!\"}','2020-10-01 22:59:29','2020-10-02 01:42:01','2020-10-01 22:59:29'),('5c9f33a6-5d05-43c9-9ec1-553dc6f36ef5','App\\Notifications\\System\\SystemInfoUpdated','App\\User',1,NULL,NULL,NULL,NULL,'{\"status\":\"System information updated!\"}','2020-10-01 22:59:29','2020-10-02 01:42:30','2020-10-01 22:59:29'),('648a5b63-251d-48fa-97ec-6ee610ef5459','App\\Notifications\\System\\SystemInfoUpdated','App\\User',1,NULL,NULL,NULL,NULL,'{\"status\":\"System information updated!\"}','2020-10-05 19:50:00','2020-10-05 19:49:21','2020-10-05 19:50:00'),('6dd2fe71-4a9d-4411-8636-5d03cbb68023','App\\Notifications\\User\\ProfileUpdated','App\\User',1,NULL,NULL,NULL,NULL,'{\"name\":\"SuperAdmin\"}','2020-10-05 19:50:00','2020-10-01 23:37:07','2020-10-05 19:50:00'),('6eaa0169-f5c6-49a0-a003-30429e7cfe4e','App\\Notifications\\System\\SystemInfoUpdated','App\\User',1,NULL,NULL,NULL,NULL,'{\"status\":\"System information updated!\"}','2020-10-11 07:30:35','2020-10-05 23:19:54','2020-10-11 07:30:35'),('6f4ec0c9-f4c5-4af1-9e58-188670f34fee','App\\Notifications\\System\\SystemIsDown','App\\User',1,NULL,NULL,NULL,NULL,'{\"status\":\"The marketplace goes DOWN!\"}','2020-10-01 22:59:29','2020-10-02 01:42:08','2020-10-01 22:59:29'),('77ce9544-eea3-4e29-ad27-9c8d08f86e2a','App\\Notifications\\User\\ProfileUpdated','App\\User',1,NULL,NULL,NULL,NULL,'{\"name\":\"SuperAdmin\"}','2020-10-05 19:50:00','2020-10-01 23:36:27','2020-10-05 19:50:00'),('787b4906-87bb-4af1-8f3e-994f39a8e252','App\\Notifications\\System\\SystemInfoUpdated','App\\User',1,NULL,NULL,NULL,NULL,'{\"status\":\"System information updated!\"}','2020-10-11 07:30:35','2020-10-05 20:04:09','2020-10-11 07:30:35'),('7ac645ed-8bbb-4e6a-8f18-eaa749f916ad','App\\Notifications\\User\\ProfileUpdated','App\\User',1,NULL,NULL,NULL,NULL,'{\"name\":\"Super Admin\"}','2020-10-11 07:30:35','2020-10-05 20:05:35','2020-10-11 07:30:35'),('7bc16c6b-5b3b-43ba-9c7a-394dd4c1571c','App\\Notifications\\System\\SystemInfoUpdated','App\\User',1,NULL,NULL,NULL,NULL,'{\"status\":\"System information updated!\"}','2020-10-05 19:50:00','2020-10-01 23:51:37','2020-10-05 19:50:00'),('88923739-c311-41ed-b577-4db65e9d74a9','App\\Notifications\\System\\SystemIsLive','App\\User',1,NULL,NULL,NULL,NULL,'{\"status\":\"Marketplace is back to LIVE!\"}','2020-10-11 07:30:35','2020-10-10 20:45:22','2020-10-11 07:30:35'),('8ae0bb0c-2a78-49c9-80e4-c566cef85f1e','App\\Notifications\\System\\SystemConfigUpdated','App\\User',1,NULL,NULL,NULL,NULL,'{\"status\":\"System configuration updated!\"}','2020-10-11 07:30:35','2020-10-05 20:06:54','2020-10-11 07:30:35'),('9f0dbbbf-eb90-410a-8ee2-0afedc4237d7','App\\Notifications\\User\\PasswordUpdated','App\\User',1,NULL,NULL,NULL,NULL,'{\"name\":\"Super Admin\"}','2020-10-11 07:30:35','2020-10-05 20:06:10','2020-10-11 07:30:35'),('a072f495-db3f-4617-a24d-2b62eba0a604','App\\Notifications\\System\\SystemConfigUpdated','App\\User',1,NULL,NULL,NULL,NULL,'{\"status\":\"System configuration updated!\"}','2020-10-05 19:50:00','2020-10-01 23:15:23','2020-10-05 19:50:00'),('a8197c7e-d08f-4e0f-b137-04362c37ac35','App\\Notifications\\System\\SystemInfoUpdated','App\\User',1,NULL,NULL,NULL,NULL,'{\"status\":\"System information updated!\"}','2020-10-11 07:30:35','2020-10-05 22:56:10','2020-10-11 07:30:35'),('a8dddc1c-c961-48d9-946a-40f555048ea9','App\\Notifications\\System\\SystemConfigUpdated','App\\User',1,NULL,NULL,NULL,NULL,'{\"status\":\"System configuration updated!\"}','2020-10-11 07:30:35','2020-10-05 22:58:35','2020-10-11 07:30:35'),('ac445dc0-ff6f-4c0e-9f26-701509261d5e','App\\Notifications\\System\\SystemInfoUpdated','App\\User',1,NULL,NULL,NULL,NULL,'{\"status\":\"System information updated!\"}','2020-10-11 07:30:35','2020-10-05 22:25:58','2020-10-11 07:30:35'),('afefad4f-c570-4cbc-82ea-26c45d87a125','App\\Notifications\\System\\SystemInfoUpdated','App\\User',1,NULL,NULL,NULL,NULL,'{\"status\":\"System information updated!\"}','2020-10-11 07:30:35','2020-10-05 21:09:53','2020-10-11 07:30:35'),('ba9baf70-4933-489b-bfb2-9bd9e9cdae4a','App\\Notifications\\System\\SystemConfigUpdated','App\\User',1,NULL,NULL,NULL,NULL,'{\"status\":\"System configuration updated!\"}','2020-10-11 07:30:35','2020-10-05 22:26:32','2020-10-11 07:30:35'),('bc470d8f-5645-4cd6-bdd1-9a1432e024fc','App\\Notifications\\User\\ProfileUpdated','App\\User',1,NULL,NULL,NULL,NULL,'{\"name\":\"SuperAdmin\"}','2020-10-05 19:50:00','2020-10-01 23:36:07','2020-10-05 19:50:00'),('d3ccbf58-d29a-4b33-b993-ce008461b470','App\\Notifications\\System\\SystemConfigUpdated','App\\User',1,NULL,NULL,NULL,NULL,'{\"status\":\"System configuration updated!\"}','2020-10-11 07:30:35','2020-10-05 20:06:46','2020-10-11 07:30:35'),('de0568c7-ffe4-40d0-b812-268e4a5f80d6','App\\Notifications\\System\\SystemInfoUpdated','App\\User',1,NULL,NULL,NULL,NULL,'{\"status\":\"System information updated!\"}','2020-10-11 07:30:35','2020-10-05 23:05:11','2020-10-11 07:30:35'),('de295bdb-d9b0-4cad-843a-a3cc328b8f8d','App\\Notifications\\System\\SystemIsDown','App\\User',1,NULL,NULL,NULL,NULL,'{\"status\":\"The marketplace goes DOWN!\"}','2020-10-11 07:30:35','2020-10-07 03:29:27','2020-10-11 07:30:35'),('e997dac6-729a-4b20-83ef-3699fcd07cf5','App\\Notifications\\System\\SystemConfigUpdated','App\\User',1,NULL,NULL,NULL,NULL,'{\"status\":\"System configuration updated!\"}','2020-10-11 07:30:35','2020-10-05 20:06:56','2020-10-11 07:30:35'),('eac9fcd5-d000-4150-9bfa-0fee61587148','App\\Notifications\\System\\SystemConfigUpdated','App\\User',1,NULL,NULL,NULL,NULL,'{\"status\":\"System configuration updated!\"}','2020-10-11 07:30:35','2020-10-05 20:06:52','2020-10-11 07:30:35');
/*!40000 ALTER TABLE `notifications` ENABLE KEYS */;
UNLOCK TABLES;

--
-- Table structure for table `options`
--

DROP TABLE IF EXISTS `options`;
/*!40101 SET @saved_cs_client     = @@character_set_client */;
/*!40101 SET character_set_client = utf8 */;
CREATE TABLE `options` (
  `id` int(10) unsigned NOT NULL AUTO_INCREMENT,
  `option_name` varchar(255) COLLATE utf8_unicode_ci NOT NULL,
  `option_value` longtext COLLATE utf8_unicode_ci DEFAULT NULL,
  `autoload` tinyint(1) NOT NULL DEFAULT 1,
  `created_at` timestamp NULL DEFAULT NULL,
  `updated_at` timestamp NULL DEFAULT NULL,
  PRIMARY KEY (`id`)
) ENGINE=InnoDB DEFAULT CHARSET=utf8 COLLATE=utf8_unicode_ci;
/*!40101 SET character_set_client = @saved_cs_client */;

--
-- Dumping data for table `options`
--

LOCK TABLES `options` WRITE;
/*!40000 ALTER TABLE `options` DISABLE KEYS */;
/*!40000 ALTER TABLE `options` ENABLE KEYS */;
UNLOCK TABLES;

--
-- Table structure for table `order_items`
--

DROP TABLE IF EXISTS `order_items`;
/*!40101 SET @saved_cs_client     = @@character_set_client */;
/*!40101 SET character_set_client = utf8 */;
CREATE TABLE `order_items` (
  `order_id` bigint(20) unsigned NOT NULL,
  `inventory_id` bigint(20) unsigned NOT NULL,
  `item_description` longtext COLLATE utf8_unicode_ci NOT NULL,
  `quantity` int(10) unsigned NOT NULL,
  `unit_price` decimal(20,6) NOT NULL,
  `feedback_id` bigint(20) unsigned DEFAULT NULL,
  `created_at` timestamp NULL DEFAULT NULL,
  `updated_at` timestamp NULL DEFAULT NULL,
  KEY `order_items_order_id_index` (`order_id`),
  KEY `order_items_inventory_id_index` (`inventory_id`),
  CONSTRAINT `order_items_inventory_id_foreign` FOREIGN KEY (`inventory_id`) REFERENCES `inventories` (`id`) ON DELETE CASCADE,
  CONSTRAINT `order_items_order_id_foreign` FOREIGN KEY (`order_id`) REFERENCES `orders` (`id`) ON DELETE CASCADE
) ENGINE=InnoDB DEFAULT CHARSET=utf8 COLLATE=utf8_unicode_ci;
/*!40101 SET character_set_client = @saved_cs_client */;

--
-- Dumping data for table `order_items`
--

LOCK TABLES `order_items` WRITE;
/*!40000 ALTER TABLE `order_items` DISABLE KEYS */;
INSERT INTO `order_items` VALUES (1,3,'Soluta voluptatem dolore et culpa sit ipsa. - Refurbished',1,473.916565,NULL,'2020-10-01 19:26:32','2020-10-01 19:26:32'),(1,16,'Impedit sit et eaque aspernatur nobis deleniti omnis doloremque. - Used',3,344.726200,NULL,'2020-10-01 19:26:32','2020-10-01 19:26:32'),(1,23,'Architecto numquam ut sit tempore dolor. - Used',1,496.000000,NULL,'2020-10-01 19:26:32','2020-10-01 19:26:32'),(1,29,'Et et sed et modi. - New',2,486.525509,NULL,'2020-10-01 19:26:32','2020-10-01 19:26:32'),(2,5,'Sint consectetur magni in provident enim voluptas. - New',3,341.179000,NULL,'2020-10-01 19:26:32','2020-10-01 19:26:32'),(2,12,'Dolorem deleniti consequatur harum non mollitia corrupti modi placeat. - Used',1,426.310000,NULL,'2020-10-01 19:26:32','2020-10-01 19:26:32'),(2,21,'Blanditiis tempore voluptas qui soluta. - Used',2,541.939165,NULL,'2020-10-01 19:26:32','2020-10-01 19:26:32'),(2,27,'Quis eum iure beatae dolorem. - Used',2,322.431607,NULL,'2020-10-01 19:26:32','2020-10-01 19:26:32'),(3,11,'Sed modi voluptatem non placeat earum placeat doloribus. - Refurbished',2,455.705300,NULL,'2020-10-01 19:26:32','2020-10-01 19:26:32'),(3,13,'Quas qui praesentium sint magni accusamus. - New',3,394.635285,NULL,'2020-10-01 19:26:32','2020-10-01 19:26:32'),(3,21,'Blanditiis tempore voluptas qui soluta. - Used',3,541.939165,NULL,'2020-10-01 19:26:32','2020-10-01 19:26:32'),(3,28,'Dolor illo minus id earum sit voluptatibus. - Used',3,412.070000,NULL,'2020-10-01 19:26:32','2020-10-01 19:26:32'),(4,1,'Asperiores suscipit est ea expedita illo. - Used',2,296.138742,NULL,'2020-10-01 19:26:32','2020-10-01 19:26:32'),(4,12,'Dolorem deleniti consequatur harum non mollitia corrupti modi placeat. - Used',3,426.310000,NULL,'2020-10-01 19:26:32','2020-10-01 19:26:32'),(5,4,'Recusandae eius reprehenderit tempore laudantium impedit. - Refurbished',2,186.618724,NULL,'2020-10-01 19:26:32','2020-10-01 19:26:32'),(5,15,'Expedita culpa iusto possimus omnis recusandae quia corporis. - Used',1,281.256333,NULL,'2020-10-01 19:26:32','2020-10-01 19:26:32'),(5,24,'Excepturi nulla eveniet dignissimos illo et tempora. - Used',3,496.724000,NULL,'2020-10-01 19:26:32','2020-10-01 19:26:32'),(6,2,'Eos eaque eligendi ipsam. - Used',3,362.277944,NULL,'2020-10-01 19:26:32','2020-10-01 19:26:32'),(6,9,'Voluptatem ad mollitia molestiae tempore. - Refurbished',3,446.558760,NULL,'2020-10-01 19:26:32','2020-10-01 19:26:32'),(6,10,'Odio voluptas ut suscipit quia. - Refurbished',2,386.471400,NULL,'2020-10-01 19:26:32','2020-10-01 19:26:32'),(7,9,'Voluptatem ad mollitia molestiae tempore. - Refurbished',3,446.558760,NULL,'2020-10-01 19:26:32','2020-10-01 19:26:32'),(7,10,'Odio voluptas ut suscipit quia. - Refurbished',1,386.471400,NULL,'2020-10-01 19:26:32','2020-10-01 19:26:32');
/*!40000 ALTER TABLE `order_items` ENABLE KEYS */;
UNLOCK TABLES;

--
-- Table structure for table `orders`
--

DROP TABLE IF EXISTS `orders`;
/*!40101 SET @saved_cs_client     = @@character_set_client */;
/*!40101 SET character_set_client = utf8 */;
CREATE TABLE `orders` (
  `id` bigint(20) unsigned NOT NULL AUTO_INCREMENT,
  `order_number` varchar(255) COLLATE utf8_unicode_ci DEFAULT NULL,
  `shop_id` int(10) unsigned DEFAULT NULL,
  `customer_id` bigint(20) unsigned DEFAULT NULL,
  `ship_to` int(10) unsigned DEFAULT NULL,
  `shipping_zone_id` int(10) unsigned DEFAULT NULL,
  `shipping_rate_id` int(10) unsigned DEFAULT NULL,
  `packaging_id` int(10) unsigned DEFAULT NULL,
  `item_count` int(10) unsigned NOT NULL,
  `quantity` int(10) unsigned NOT NULL,
  `taxrate` decimal(20,6) DEFAULT NULL,
  `shipping_weight` decimal(20,6) DEFAULT NULL,
  `total` decimal(20,6) DEFAULT NULL,
  `discount` decimal(20,6) DEFAULT NULL,
  `shipping` decimal(20,6) DEFAULT NULL,
  `packaging` decimal(20,6) DEFAULT NULL,
  `handling` decimal(20,6) DEFAULT NULL,
  `taxes` decimal(20,6) DEFAULT NULL,
  `grand_total` decimal(20,6) DEFAULT NULL,
  `billing_address` text COLLATE utf8_unicode_ci DEFAULT NULL,
  `shipping_address` text COLLATE utf8_unicode_ci DEFAULT NULL,
  `email` varchar(255) COLLATE utf8_unicode_ci DEFAULT NULL,
  `shipping_date` date DEFAULT NULL,
  `delivery_date` date DEFAULT NULL,
  `tracking_id` varchar(255) COLLATE utf8_unicode_ci DEFAULT NULL,
  `coupon_id` bigint(20) unsigned DEFAULT NULL,
  `carrier_id` int(10) unsigned DEFAULT NULL,
  `payment_status` int(11) NOT NULL DEFAULT 1,
  `payment_method_id` int(10) unsigned NOT NULL,
  `order_status_id` int(10) unsigned NOT NULL DEFAULT 1,
  `message_to_customer` text COLLATE utf8_unicode_ci DEFAULT NULL,
  `send_invoice_to_customer` tinyint(1) DEFAULT NULL,
  `admin_note` text COLLATE utf8_unicode_ci DEFAULT NULL,
  `buyer_note` text COLLATE utf8_unicode_ci DEFAULT NULL,
  `goods_received` tinyint(1) DEFAULT NULL,
  `approved` tinyint(1) DEFAULT NULL,
  `disputed` tinyint(1) DEFAULT NULL,
  `feedback_id` bigint(20) unsigned DEFAULT NULL,
  `deleted_at` timestamp NULL DEFAULT NULL,
  `created_at` timestamp NULL DEFAULT NULL,
  `updated_at` timestamp NULL DEFAULT NULL,
  PRIMARY KEY (`id`),
  KEY `orders_customer_id_foreign` (`customer_id`),
  CONSTRAINT `orders_customer_id_foreign` FOREIGN KEY (`customer_id`) REFERENCES `customers` (`id`) ON DELETE SET NULL
) ENGINE=InnoDB AUTO_INCREMENT=8 DEFAULT CHARSET=utf8 COLLATE=utf8_unicode_ci;
/*!40101 SET character_set_client = @saved_cs_client */;

--
-- Dumping data for table `orders`
--

LOCK TABLES `orders` WRITE;
/*!40000 ALTER TABLE `orders` DISABLE KEYS */;
INSERT INTO `orders` VALUES (1,'#122349',2,1,NULL,NULL,6,5,4,7,NULL,5114.000000,2977.146183,NULL,1.000000,NULL,NULL,NULL,2978.146183,'<address>4628 Sanford Ports<br/>Greenfelder Ranch<br/>Hilpertbury, <br/> 68726<br/><abbr title=\"Phone\">P:</abbr> (446) 693-9905 x87431</address>','<address>4628 Sanford Ports<br/>Greenfelder Ranch<br/>Hilpertbury, <br/> 68726<br/><abbr title=\"Phone\">P:</abbr> (446) 693-9905 x87431</address>',NULL,NULL,NULL,'RR123456789CN',NULL,NULL,1,5,1,NULL,NULL,'Sint minus porro alias ab quisquam expedita.','Saepe culpa placeat qui quasi omnis in odit id.',NULL,NULL,NULL,NULL,NULL,'2020-09-21 19:26:32','2020-09-30 19:26:32'),(2,'#517426',1,1,NULL,NULL,15,1,4,8,NULL,9578.000000,3178.588544,NULL,1.000000,NULL,NULL,NULL,3179.588544,'<address>4628 Sanford Ports<br/>Greenfelder Ranch<br/>Hilpertbury, <br/> 68726<br/><abbr title=\"Phone\">P:</abbr> (446) 693-9905 x87431</address>','<address>4628 Sanford Ports<br/>Greenfelder Ranch<br/>Hilpertbury, <br/> 68726<br/><abbr title=\"Phone\">P:</abbr> (446) 693-9905 x87431</address>',NULL,NULL,NULL,'RR123456789CN',NULL,NULL,1,8,1,NULL,NULL,'Voluptas occaecati expedita molestias.','Consequatur assumenda optio quis excepturi.',NULL,NULL,NULL,NULL,NULL,'2020-09-20 19:26:32','2020-09-24 19:26:32'),(3,'#994245',1,1,NULL,NULL,4,2,4,11,NULL,9732.000000,4957.343950,NULL,5.000000,NULL,NULL,NULL,4962.343950,'<address>4628 Sanford Ports<br/>Greenfelder Ranch<br/>Hilpertbury, <br/> 68726<br/><abbr title=\"Phone\">P:</abbr> (446) 693-9905 x87431</address>','<address>4628 Sanford Ports<br/>Greenfelder Ranch<br/>Hilpertbury, <br/> 68726<br/><abbr title=\"Phone\">P:</abbr> (446) 693-9905 x87431</address>',NULL,NULL,NULL,'RR123456789CN',NULL,NULL,1,4,1,NULL,NULL,'Sed dolor voluptatibus laboriosam vitae omnis cum.','Ipsam excepturi aut ut iste nihil voluptatum harum aut.',NULL,NULL,NULL,NULL,NULL,'2020-09-20 19:26:32','2020-09-17 19:26:32'),(4,'#006498',1,1,NULL,NULL,5,4,2,5,NULL,5402.000000,1871.207484,NULL,7.000000,NULL,NULL,NULL,1878.207484,'<address>4628 Sanford Ports<br/>Greenfelder Ranch<br/>Hilpertbury, <br/> 68726<br/><abbr title=\"Phone\">P:</abbr> (446) 693-9905 x87431</address>','<address>4628 Sanford Ports<br/>Greenfelder Ranch<br/>Hilpertbury, <br/> 68726<br/><abbr title=\"Phone\">P:</abbr> (446) 693-9905 x87431</address>',NULL,NULL,NULL,'RR123456789CN',NULL,NULL,1,2,1,NULL,NULL,'Neque libero natus atque ab numquam et cumque.','Minima animi nemo enim voluptate sunt.',NULL,NULL,NULL,NULL,NULL,'2020-09-29 19:26:32','2020-09-29 19:26:32'),(5,'#818475',2,1,NULL,NULL,12,3,3,6,NULL,4933.000000,2144.665781,NULL,6.000000,NULL,NULL,NULL,2150.665781,'<address>4628 Sanford Ports<br/>Greenfelder Ranch<br/>Hilpertbury, <br/> 68726<br/><abbr title=\"Phone\">P:</abbr> (446) 693-9905 x87431</address>','<address>4628 Sanford Ports<br/>Greenfelder Ranch<br/>Hilpertbury, <br/> 68726<br/><abbr title=\"Phone\">P:</abbr> (446) 693-9905 x87431</address>',NULL,NULL,NULL,'RR123456789CN',NULL,NULL,1,5,1,NULL,NULL,'Est recusandae laborum rerum voluptatem et tenetur.','Est corrupti consequatur itaque distinctio.',NULL,NULL,NULL,NULL,NULL,'2020-09-22 19:26:32','2020-09-21 19:26:32'),(6,'#655131',2,1,NULL,NULL,9,1,3,8,NULL,9900.000000,3199.452912,NULL,8.000000,NULL,NULL,NULL,3207.452912,'<address>4628 Sanford Ports<br/>Greenfelder Ranch<br/>Hilpertbury, <br/> 68726<br/><abbr title=\"Phone\">P:</abbr> (446) 693-9905 x87431</address>','<address>4628 Sanford Ports<br/>Greenfelder Ranch<br/>Hilpertbury, <br/> 68726<br/><abbr title=\"Phone\">P:</abbr> (446) 693-9905 x87431</address>',NULL,NULL,NULL,'RR123456789CN',NULL,NULL,1,8,1,NULL,NULL,'Iusto sit velit deleniti veritatis.','Et modi debitis vel eum explicabo nemo molestias.',NULL,NULL,NULL,NULL,NULL,'2020-09-30 19:26:32','2020-09-26 19:26:32'),(7,'#976817',2,1,NULL,NULL,19,1,2,4,NULL,6228.000000,1726.147680,NULL,9.000000,NULL,NULL,NULL,1735.147680,'<address>4628 Sanford Ports<br/>Greenfelder Ranch<br/>Hilpertbury, <br/> 68726<br/><abbr title=\"Phone\">P:</abbr> (446) 693-9905 x87431</address>','<address>4628 Sanford Ports<br/>Greenfelder Ranch<br/>Hilpertbury, <br/> 68726<br/><abbr title=\"Phone\">P:</abbr> (446) 693-9905 x87431</address>',NULL,NULL,NULL,'RR123456789CN',NULL,NULL,1,3,1,NULL,NULL,'Aut laboriosam voluptatibus voluptate est dolores eum sapiente quam.','Nam eum excepturi delectus dolores molestiae illo.',NULL,NULL,NULL,NULL,NULL,'2020-09-23 19:26:32','2020-09-17 19:26:32');
/*!40000 ALTER TABLE `orders` ENABLE KEYS */;
UNLOCK TABLES;

--
-- Table structure for table `packagings`
--

DROP TABLE IF EXISTS `packagings`;
/*!40101 SET @saved_cs_client     = @@character_set_client */;
/*!40101 SET character_set_client = utf8 */;
CREATE TABLE `packagings` (
  `id` int(10) unsigned NOT NULL AUTO_INCREMENT,
  `shop_id` int(10) unsigned DEFAULT NULL,
  `name` varchar(255) COLLATE utf8_unicode_ci NOT NULL,
  `width` decimal(20,6) DEFAULT NULL,
  `height` decimal(20,6) DEFAULT NULL,
  `depth` decimal(20,6) DEFAULT NULL,
  `cost` decimal(20,6) DEFAULT NULL,
  `default` tinyint(1) DEFAULT NULL,
  `active` tinyint(1) NOT NULL DEFAULT 1,
  `deleted_at` timestamp NULL DEFAULT NULL,
  `created_at` timestamp NULL DEFAULT NULL,
  `updated_at` timestamp NULL DEFAULT NULL,
  PRIMARY KEY (`id`)
) ENGINE=InnoDB AUTO_INCREMENT=7 DEFAULT CHARSET=utf8 COLLATE=utf8_unicode_ci;
/*!40101 SET character_set_client = @saved_cs_client */;

--
-- Dumping data for table `packagings`
--

LOCK TABLES `packagings` WRITE;
/*!40000 ALTER TABLE `packagings` DISABLE KEYS */;
INSERT INTO `packagings` VALUES (1,NULL,'Free Basic Packaging',NULL,NULL,NULL,0.000000,NULL,1,NULL,'2020-10-01 19:25:58','2020-10-01 19:25:58'),(2,1,'recusandae',42.420000,34.380000,13.530000,7.000000,NULL,1,NULL,'2020-09-21 19:26:30','2020-09-23 19:26:30'),(3,2,'et',11.810000,59.620000,21.380000,2.000000,NULL,1,NULL,'2020-10-01 19:26:30','2020-09-24 19:26:30'),(4,1,'quis',39.280000,20.900000,39.120000,4.000000,NULL,1,NULL,'2020-09-26 19:26:30','2020-09-27 19:26:30'),(5,1,'temporibus',43.520000,10.570000,32.160000,10.000000,NULL,1,NULL,'2020-09-28 19:26:30','2020-09-21 19:26:30'),(6,2,'molestias',23.370000,57.890000,33.320000,10.000000,NULL,1,NULL,'2020-09-22 19:26:30','2020-09-24 19:26:30');
/*!40000 ALTER TABLE `packagings` ENABLE KEYS */;
UNLOCK TABLES;

--
-- Table structure for table `pages`
--

DROP TABLE IF EXISTS `pages`;
/*!40101 SET @saved_cs_client     = @@character_set_client */;
/*!40101 SET character_set_client = utf8 */;
CREATE TABLE `pages` (
  `id` int(10) unsigned NOT NULL AUTO_INCREMENT,
  `author_id` bigint(20) unsigned DEFAULT NULL,
  `title` text COLLATE utf8_unicode_ci DEFAULT NULL,
  `slug` varchar(200) COLLATE utf8_unicode_ci NOT NULL,
  `content` longtext COLLATE utf8_unicode_ci DEFAULT NULL,
  `published_at` timestamp NULL DEFAULT NULL,
  `visibility` int(11) NOT NULL DEFAULT 1,
  `position` varchar(50) COLLATE utf8_unicode_ci DEFAULT NULL,
  `deleted_at` timestamp NULL DEFAULT NULL,
  `created_at` timestamp NULL DEFAULT NULL,
  `updated_at` timestamp NULL DEFAULT NULL,
  PRIMARY KEY (`id`),
  UNIQUE KEY `pages_slug_unique` (`slug`)
) ENGINE=InnoDB AUTO_INCREMENT=10 DEFAULT CHARSET=utf8 COLLATE=utf8_unicode_ci;
/*!40101 SET character_set_client = @saved_cs_client */;

--
-- Dumping data for table `pages`
--

LOCK TABLES `pages` WRITE;
/*!40000 ALTER TABLE `pages` DISABLE KEYS */;
INSERT INTO `pages` VALUES (1,1,'About us','about-us','Add your own About Us info here. You can modify this page from ADMIN PANEL >> UTILITIES >> PAGES section.','2020-10-01 19:25:58',1,'footer_3rd_column',NULL,'2020-10-01 19:25:58','2020-10-03 14:58:31'),(2,1,'Contact us','contact-us','Contact details. A contact form will be added automatically with this info. You can modify this page from ADMIN PANEL >> UTILITIES >> PAGES section.','2020-10-01 19:25:58',1,'footer_3rd_column',NULL,'2020-10-01 19:25:58','2020-10-01 19:25:58'),(3,1,'Privacy policy','privacy-policy','<p><br></p><p class=\"MsoNormal\" align=\"center\" style=\"margin: 0in 0in 15pt; line-height: 16.8667px; font-size: 11pt; font-family: Arial, sans-serif; text-align: center; background-image: initial; background-position: initial; background-size: initial; background-repeat: initial; background-attachment: initial; background-origin: initial; background-clip: initial;\"><b><span lang=\"EN\" style=\"font-size: 20pt; line-height: 30.6667px;\">Privacy Policy<o:p></o:p></span></b></p><p class=\"MsoNormal\" style=\"margin: 0in 0in 15pt; line-height: 16.8667px; font-size: 11pt; font-family: Arial, sans-serif; background-image: initial; background-position: initial; background-size: initial; background-repeat: initial; background-attachment: initial; background-origin: initial; background-clip: initial;\"><span lang=\"EN\" style=\"font-size: 11.5pt; line-height: 17.6333px;\">This Privacy Policy describes how your personal information is collected, used, and shared when you visit or make a purchase from https://www.alakba.com (the Site).<o:p></o:p></span></p><p class=\"MsoNormal\" style=\"margin: 0in 0in 15pt; line-height: 16.8667px; font-size: 11pt; font-family: Arial, sans-serif; background-image: initial; background-position: initial; background-size: initial; background-repeat: initial; background-attachment: initial; background-origin: initial; background-clip: initial;\"><span lang=\"EN\" style=\"font-size: 11.5pt; line-height: 17.6333px;\">Protecting your private information is our priority. This Statement of Privacy applies to https://www.alakba.com and governs data collection and usage. We have developed this policy in order for you to understand how we collect, use, communicate and make use of personal information. The following outlines our privacy policy.<o:p></o:p></span></p><p class=\"MsoNormal\" style=\"margin: 0in 0in 15pt; line-height: 16.8667px; font-size: 11pt; font-family: Arial, sans-serif; background-image: initial; background-position: initial; background-size: initial; background-repeat: initial; background-attachment: initial; background-origin: initial; background-clip: initial;\"><span lang=\"EN\" style=\"font-size: 11.5pt; line-height: 17.6333px;\">Similar to other commercial websites, our website utilizes a standard technology called cookies (see our cookies policy page for more information) and server logs to collect information about how our site is used. Information gathered through cookies and server logs may include the date and time of visits, the pages viewed, time spent at our site, and the websites visited just before and just after our own, as well as your IP address.<o:p></o:p></span></p><p class=\"MsoNormal\" style=\"margin: 0in 0in 15pt; line-height: 16.8667px; font-size: 11pt; font-family: Arial, sans-serif; background-image: initial; background-position: initial; background-size: initial; background-repeat: initial; background-attachment: initial; background-origin: initial; background-clip: initial;\"><b><span lang=\"EN\" style=\"font-size: 11.5pt; line-height: 17.6333px;\">INTRODUCTION<o:p></o:p></span></b></p><p class=\"MsoNormal\" style=\"margin: 0in 0in 15pt; line-height: 16.8667px; font-size: 11pt; font-family: Arial, sans-serif; background-image: initial; background-position: initial; background-size: initial; background-repeat: initial; background-attachment: initial; background-origin: initial; background-clip: initial;\"><span lang=\"EN\" style=\"font-size: 11.5pt; line-height: 17.6333px;\">This Policy sets out the conditions under which we may process any information that we collect from you, or that you provide to us. It covers information that could identify you (personal information) and information that could not. In the context of the law and this notice, process means collect, store, transfer, use or otherwise act on information.<o:p></o:p></span></p><p class=\"MsoNormal\" style=\"margin: 12pt 0in 8pt 33pt; line-height: 16.8667px; font-size: 11pt; font-family: Arial, sans-serif; text-indent: -0.25in; background-image: initial; background-position: initial; background-size: initial; background-repeat: initial; background-attachment: initial; background-origin: initial; background-clip: initial;\"><span lang=\"EN\" style=\"font-size: 11.5pt; line-height: 17.6333px;\">1.</span><span lang=\"EN\" style=\"font-size: 7pt; line-height: 10.7333px; font-family: \" times=\"\" new=\"\" roman\",=\"\" serif;\"=\"\">&nbsp;&nbsp;&nbsp; </span><span lang=\"EN\" style=\"font-size: 11.5pt; line-height: 17.6333px;\">We take seriously the protection of your privacy and confidentiality. We understand that all visitors to our website are entitled to know that their personal data will not be used for any purpose unintended by them, and will not accidentally fall into the hands of a third party.<o:p></o:p></span></p><p class=\"MsoNormal\" style=\"margin: 12pt 0in 8pt 33pt; line-height: 16.8667px; font-size: 11pt; font-family: Arial, sans-serif; text-indent: -0.25in; background-image: initial; background-position: initial; background-size: initial; background-repeat: initial; background-attachment: initial; background-origin: initial; background-clip: initial;\"><span lang=\"EN\" style=\"font-size: 11.5pt; line-height: 17.6333px;\">2.</span><span lang=\"EN\" style=\"font-size: 7pt; line-height: 10.7333px; font-family: \" times=\"\" new=\"\" roman\",=\"\" serif;\"=\"\">&nbsp;&nbsp;&nbsp; </span><span lang=\"EN\" style=\"font-size: 11.5pt; line-height: 17.6333px;\">eMakity Inc undertakes to preserve the confidentiality of all information you provide to us, and hope that you reciprocate.<o:p></o:p></span></p><p class=\"MsoNormal\" style=\"margin: 12pt 0in 0.0001pt 33pt; line-height: 16.8667px; font-size: 11pt; font-family: Arial, sans-serif; text-indent: -0.25in; background-image: initial; background-position: initial; background-size: initial; background-repeat: initial; background-attachment: initial; background-origin: initial; background-clip: initial;\"><span lang=\"EN\" style=\"font-size: 11.5pt; line-height: 17.6333px;\">3.</span><span lang=\"EN\" style=\"font-size: 7pt; line-height: 10.7333px; font-family: \" times=\"\" new=\"\" roman\",=\"\" serif;\"=\"\">&nbsp;&nbsp;&nbsp; </span><span lang=\"EN\" style=\"font-size: 11.5pt; line-height: 17.6333px;\">The law requires us to tell you about your rights and our obligations to you in regards to the processing and control of your personal data.<o:p></o:p></span></p><p class=\"MsoNormal\" style=\"margin: 0in 0in 15pt; line-height: 16.8667px; font-size: 11pt; font-family: Arial, sans-serif; background-image: initial; background-position: initial; background-size: initial; background-repeat: initial; background-attachment: initial; background-origin: initial; background-clip: initial;\"><b><span lang=\"EN\" style=\"font-size: 11.5pt; line-height: 17.6333px;\">&nbsp;<o:p></o:p></span></b></p><p class=\"MsoNormal\" style=\"margin: 0in 0in 15pt; line-height: 16.8667px; font-size: 11pt; font-family: Arial, sans-serif; background-image: initial; background-position: initial; background-size: initial; background-repeat: initial; background-attachment: initial; background-origin: initial; background-clip: initial;\"><b><span lang=\"EN\" style=\"font-size: 11.5pt; line-height: 17.6333px;\">COLLECTION OF YOUR PERSONAL INFORMATION<o:p></o:p></span></b></p><p class=\"MsoNormal\" style=\"margin: 0in 0in 15pt; line-height: 16.8667px; font-size: 11pt; font-family: Arial, sans-serif; background-image: initial; background-position: initial; background-size: initial; background-repeat: initial; background-attachment: initial; background-origin: initial; background-clip: initial;\"><span lang=\"EN\" style=\"font-size: 11.5pt; line-height: 17.6333px;\">eMakity Inc may collect personally identifiable information when you purchase any product on https://alakba.com which might be subject to delivery to your designated address provided. We collect information such as your: Name, Address, E-mail Address, and Phone Number. https://alakba.com may also collect anonymous demographic information, which is not unique to you.<o:p></o:p></span></p><p class=\"MsoNormal\" style=\"margin: 0in 0in 15pt; line-height: 16.8667px; font-size: 11pt; font-family: Arial, sans-serif; background-image: initial; background-position: initial; background-size: initial; background-repeat: initial; background-attachment: initial; background-origin: initial; background-clip: initial;\"><span lang=\"EN\" style=\"font-size: 11.5pt; line-height: 17.6333px;\">eMakity Inc encourages you to review the privacy statements of websites you choose to link to from eMakity Inc so that you can understand how those websites collect, use and share your information. We are not responsible for the privacy statements or other content on websites outside of the <b>eMakity Inc </b>website.<o:p></o:p></span></p><p class=\"MsoNormal\" style=\"margin: 0in 0in 15pt; line-height: 16.8667px; font-size: 11pt; font-family: Arial, sans-serif; background-image: initial; background-position: initial; background-size: initial; background-repeat: initial; background-attachment: initial; background-origin: initial; background-clip: initial;\"><b><span lang=\"EN\" style=\"font-size: 11.5pt; line-height: 17.6333px;\">WHAT INFORMATION WE COLLECT AND WHY?<o:p></o:p></span></b></p><p class=\"MsoNormal\" style=\"margin: 0in 0in 15pt; line-height: 16.8667px; font-size: 11pt; font-family: Arial, sans-serif; background-image: initial; background-position: initial; background-size: initial; background-repeat: initial; background-attachment: initial; background-origin: initial; background-clip: initial;\"><span lang=\"EN\" style=\"font-size: 11.5pt; line-height: 17.6333px;\">We may collect information about you directly from you, as well as automatically through your use of our Site or Services.<o:p></o:p></span></p><p class=\"MsoNormal\" style=\"margin: 12pt 0in 8pt 33pt; line-height: 16.8667px; font-size: 11pt; font-family: Arial, sans-serif; text-indent: -0.25in; background-image: initial; background-position: initial; background-size: initial; background-repeat: initial; background-attachment: initial; background-origin: initial; background-clip: initial;\"><span lang=\"EN\" style=\"font-size: 10pt; line-height: 15.3333px;\"></span><span lang=\"EN\" style=\"font-size: 7pt; line-height: 10.7333px; font-family: \" times=\"\" new=\"\" roman\",=\"\" serif;\"=\"\">&nbsp;&nbsp;&nbsp;&nbsp;&nbsp;&nbsp;&nbsp;&nbsp; </span><b><span lang=\"EN\" style=\"font-size: 11.5pt; line-height: 17.6333px;\">Information We Collect Directly from You</span></b><span lang=\"EN\" style=\"font-size: 11.5pt; line-height: 17.6333px;\">: Certain areas and features of our Site and Services require product purchase. For the purpose of the purchase, you will provide your name, email address, delivery address, payment details, and IP address. This information may include identifiable data based upon biometric information including age, gender, geolocation, clothes style and size, accessories, body type, and time.<o:p></o:p></span></p><p class=\"MsoNormal\" style=\"margin: 12pt 0in 0.0001pt 33pt; line-height: 16.8667px; font-size: 11pt; font-family: Arial, sans-serif; text-indent: -0.25in; background-image: initial; background-position: initial; background-size: initial; background-repeat: initial; background-attachment: initial; background-origin: initial; background-clip: initial;\"><span lang=\"EN\" style=\"font-size: 10pt; line-height: 15.3333px;\"></span><span lang=\"EN\" style=\"font-size: 7pt; line-height: 10.7333px; font-family: \" times=\"\" new=\"\" roman\",=\"\" serif;\"=\"\">&nbsp;&nbsp;&nbsp;&nbsp;&nbsp;&nbsp;&nbsp;&nbsp; </span><b><span lang=\"EN\" style=\"font-size: 11.5pt; line-height: 17.6333px;\">Information We Collect Automatically:</span></b><span lang=\"EN\" style=\"font-size: 11.5pt; line-height: 17.6333px;\"> We may automatically collect the following information about your use of our Site via some software analytics including the length of time you visit our Site and your movement through our Site.<o:p></o:p></span></p><p class=\"MsoNormal\" style=\"margin: 12pt 0in 0.0001pt 33pt; line-height: 16.8667px; font-size: 11pt; font-family: Arial, sans-serif; text-indent: -0.25in; background-image: initial; background-position: initial; background-size: initial; background-repeat: initial; background-attachment: initial; background-origin: initial; background-clip: initial;\"><span lang=\"EN\" style=\"font-size: 10pt; line-height: 15.3333px;\"></span><span lang=\"EN\" style=\"font-size: 7pt; line-height: 10.7333px; font-family: \" times=\"\" new=\"\" roman\",=\"\" serif;\"=\"\">&nbsp;&nbsp;&nbsp;&nbsp;&nbsp;&nbsp;&nbsp;&nbsp; </span><b><span lang=\"EN\" style=\"font-size: 11.5pt; line-height: 17.6333px;\">We may also collect the following information</span></b><span lang=\"EN\" style=\"font-size: 11.5pt; line-height: 17.6333px;\">: device ID; location and language information.<o:p></o:p></span></p><p class=\"MsoNormal\" style=\"margin: 0in 0in 15pt; line-height: 16.8667px; font-size: 11pt; font-family: Arial, sans-serif; background-image: initial; background-position: initial; background-size: initial; background-repeat: initial; background-attachment: initial; background-origin: initial; background-clip: initial;\"><b><span lang=\"EN\" style=\"font-size: 11.5pt; line-height: 17.6333px;\">&nbsp;<o:p></o:p></span></b></p><p class=\"MsoNormal\" style=\"margin: 0in 0in 15pt; line-height: 16.8667px; font-size: 11pt; font-family: Arial, sans-serif; background-image: initial; background-position: initial; background-size: initial; background-repeat: initial; background-attachment: initial; background-origin: initial; background-clip: initial;\"><b><span lang=\"EN\" style=\"font-size: 11.5pt; line-height: 17.6333px;\">WE DO NOT SELL, RENT OR LEASE ITS CUSTOMER LISTS TO THIRD PARTIES.<o:p></o:p></span></b></p><p class=\"MsoNormal\" style=\"margin: 0in 0in 15pt; line-height: 16.8667px; font-size: 11pt; font-family: Arial, sans-serif; background-image: initial; background-position: initial; background-size: initial; background-repeat: initial; background-attachment: initial; background-origin: initial; background-clip: initial;\"><span lang=\"EN\" style=\"font-size: 11.5pt; line-height: 17.6333px;\">eMakity Inc may share data with trusted partners to help perform statistical analysis, send you email or postal mail, provide customer support, or arrange for deliveries. All such third parties are prohibited from using your personal information except to provide these services to eMakity Inc, and they are required to maintain the confidentiality of your information.<o:p></o:p></span></p><p class=\"MsoNormal\" style=\"margin: 0in 0in 15pt; line-height: 16.8667px; font-size: 11pt; font-family: Arial, sans-serif; background-image: initial; background-position: initial; background-size: initial; background-repeat: initial; background-attachment: initial; background-origin: initial; background-clip: initial;\"><span lang=\"EN\" style=\"font-size: 11.5pt; line-height: 17.6333px;\">eMakity Inc will disclose your personal information, without notice, only if required to do so by law or in the good faith belief that such action is necessary to (a) conform to the edicts of the law or comply with legal process served on eMakity Inc or the site; (b) protect and defend the rights or property of eMakity Inc; and, (c) act under exigent circumstances to protect the personal safety of users of EMakity Inc, or the public.<o:p></o:p></span></p><p class=\"MsoNormal\" style=\"margin: 0in 0in 15pt; line-height: 16.8667px; font-size: 11pt; font-family: Arial, sans-serif; background-image: initial; background-position: initial; background-size: initial; background-repeat: initial; background-attachment: initial; background-origin: initial; background-clip: initial;\"><b><span lang=\"EN\" style=\"font-size: 11.5pt; line-height: 17.6333px;\">INFORMATION WE PROCESS BECAUSE WE HAVE A CONTRACTUAL OBLIGATION WITH YOU<o:p></o:p></span></b></p><p class=\"MsoNormal\" style=\"margin: 0in 0in 15pt; line-height: 16.8667px; font-size: 11pt; font-family: Arial, sans-serif; background-image: initial; background-position: initial; background-size: initial; background-repeat: initial; background-attachment: initial; background-origin: initial; background-clip: initial;\"><span lang=\"EN\" style=\"font-size: 11.5pt; line-height: 17.6333px;\">When you use <b>eMakity Inc </b>website, you agree to our terms and conditions, a contract is formed between you and us.<o:p></o:p></span></p><p class=\"MsoNormal\" style=\"margin: 0in 0in 15pt; line-height: 16.8667px; font-size: 11pt; font-family: Arial, sans-serif; background-image: initial; background-position: initial; background-size: initial; background-repeat: initial; background-attachment: initial; background-origin: initial; background-clip: initial;\"><span lang=\"EN\" style=\"font-size: 11.5pt; line-height: 17.6333px;\">In order to carry out our obligations under that contract, we must process the information you give us. Some of this information may be personal information.<o:p></o:p></span></p><p class=\"MsoNormal\" style=\"margin: 0in 0in 15pt; line-height: 16.8667px; font-size: 11pt; font-family: Arial, sans-serif; background-image: initial; background-position: initial; background-size: initial; background-repeat: initial; background-attachment: initial; background-origin: initial; background-clip: initial;\"><span lang=\"EN\" style=\"font-size: 11.5pt; line-height: 17.6333px;\">We may use it in order to:<o:p></o:p></span></p><p class=\"MsoNormal\" style=\"margin: 12pt 0in 8pt 33pt; line-height: 16.8667px; font-size: 11pt; font-family: Arial, sans-serif; text-indent: -0.25in; background-image: initial; background-position: initial; background-size: initial; background-repeat: initial; background-attachment: initial; background-origin: initial; background-clip: initial;\"><span lang=\"EN\" style=\"font-size: 11.5pt; line-height: 17.6333px;\">1.</span><span lang=\"EN\" style=\"font-size: 7pt; line-height: 10.7333px; font-family: \" times=\"\" new=\"\" roman\",=\"\" serif;\"=\"\">&nbsp;&nbsp;&nbsp; </span><span lang=\"EN\" style=\"font-size: 11.5pt; line-height: 17.6333px;\">verify your identity for security purposes<o:p></o:p></span></p><p class=\"MsoNormal\" style=\"margin: 12pt 0in 8pt 33pt; line-height: 16.8667px; font-size: 11pt; font-family: Arial, sans-serif; text-indent: -0.25in; background-image: initial; background-position: initial; background-size: initial; background-repeat: initial; background-attachment: initial; background-origin: initial; background-clip: initial;\"><span lang=\"EN\" style=\"font-size: 11.5pt; line-height: 17.6333px;\">2.</span><span lang=\"EN\" style=\"font-size: 7pt; line-height: 10.7333px; font-family: \" times=\"\" new=\"\" roman\",=\"\" serif;\"=\"\">&nbsp;&nbsp;&nbsp; </span><span lang=\"EN\" style=\"font-size: 11.5pt; line-height: 17.6333px;\">sell products to you<o:p></o:p></span></p><p class=\"MsoNormal\" style=\"margin: 12pt 0in 8pt 33pt; line-height: 16.8667px; font-size: 11pt; font-family: Arial, sans-serif; text-indent: -0.25in; background-image: initial; background-position: initial; background-size: initial; background-repeat: initial; background-attachment: initial; background-origin: initial; background-clip: initial;\"><span lang=\"EN\" style=\"font-size: 11.5pt; line-height: 17.6333px;\">3.</span><span lang=\"EN\" style=\"font-size: 7pt; line-height: 10.7333px; font-family: \" times=\"\" new=\"\" roman\",=\"\" serif;\"=\"\">&nbsp;&nbsp;&nbsp; </span><span lang=\"EN\" style=\"font-size: 11.5pt; line-height: 17.6333px;\">provide you with our services<o:p></o:p></span></p><p class=\"MsoNormal\" style=\"margin: 12pt 0in 0.0001pt 33pt; line-height: 16.8667px; font-size: 11pt; font-family: Arial, sans-serif; text-indent: -0.25in; background-image: initial; background-position: initial; background-size: initial; background-repeat: initial; background-attachment: initial; background-origin: initial; background-clip: initial;\"><span lang=\"EN\" style=\"font-size: 11.5pt; line-height: 17.6333px;\">4.</span><span lang=\"EN\" style=\"font-size: 7pt; line-height: 10.7333px; font-family: \" times=\"\" new=\"\" roman\",=\"\" serif;\"=\"\">&nbsp;&nbsp;&nbsp; </span><span lang=\"EN\" style=\"font-size: 11.5pt; line-height: 17.6333px;\">provide you with suggestions and advice on services and how to obtain the most from using our website.<o:p></o:p></span></p><p class=\"MsoNormal\" style=\"margin: 12pt 0in 0.0001pt; line-height: 16.8667px; font-size: 11pt; font-family: Arial, sans-serif; background-image: initial; background-position: initial; background-size: initial; background-repeat: initial; background-attachment: initial; background-origin: initial; background-clip: initial;\"><span lang=\"EN\" style=\"font-size: 11.5pt; line-height: 17.6333px;\">&nbsp;<o:p></o:p></span></p><p class=\"MsoNormal\" style=\"margin: 0in 0in 15pt; line-height: 16.8667px; font-size: 11pt; font-family: Arial, sans-serif; background-image: initial; background-position: initial; background-size: initial; background-repeat: initial; background-attachment: initial; background-origin: initial; background-clip: initial;\"><span lang=\"EN\" style=\"font-size: 11.5pt; line-height: 17.6333px;\">eMakity Inc may aggregate this information in a general way and use it to provide class information, for example, to monitor our performance with respect to a particular service we provide. If we use it for this purpose, you as an individual will not be personally identifiable. <b>eMakity Inc </b>shall continue to process this information until the contract between us ends or is terminated by either party under the terms of the contract.<o:p></o:p></span></p><p class=\"MsoNormal\" style=\"margin: 0in 0in 15pt; line-height: 16.8667px; font-size: 11pt; font-family: Arial, sans-serif; background-image: initial; background-position: initial; background-size: initial; background-repeat: initial; background-attachment: initial; background-origin: initial; background-clip: initial;\"><span lang=\"EN\" style=\"font-size: 11.5pt; line-height: 17.6333px;\">Except where you have consented to our use of your information for a specific purpose, we do not use your information in any way that would identify you personally. eMakity Inc may aggregate it in a general way and use it to provide class information, for example, to monitor the performance of a particular page on our website.<o:p></o:p></span></p><p class=\"MsoNormal\" style=\"margin: 0in 0in 15pt; line-height: 16.8667px; font-size: 11pt; font-family: Arial, sans-serif; background-image: initial; background-position: initial; background-size: initial; background-repeat: initial; background-attachment: initial; background-origin: initial; background-clip: initial;\"><span lang=\"EN\" style=\"font-size: 11.5pt; line-height: 17.6333px;\">You may withdraw your consent at any time by instructing us (</span><span lang=\"EN\">info@alakba.com</span><span lang=\"EN\" style=\"font-size: 11.5pt; line-height: 17.6333px;\">) However, if you do so, you may not be able to use our website or our services further<o:p></o:p></span></p><p class=\"MsoNormal\" style=\"margin: 0in 0in 15pt; line-height: 16.8667px; font-size: 11pt; font-family: Arial, sans-serif; background-image: initial; background-position: initial; background-size: initial; background-repeat: initial; background-attachment: initial; background-origin: initial; background-clip: initial;\"><b><span lang=\"EN\" style=\"font-size: 11.5pt; line-height: 17.6333px;\">RETENTION PERIOD FOR PERSONAL DATA<o:p></o:p></span></b></p><p class=\"MsoNormal\" style=\"margin: 0in 0in 15pt; line-height: 16.8667px; font-size: 11pt; font-family: Arial, sans-serif; background-image: initial; background-position: initial; background-size: initial; background-repeat: initial; background-attachment: initial; background-origin: initial; background-clip: initial;\"><span lang=\"EN\" style=\"font-size: 11.5pt; line-height: 17.6333px;\">Except as otherwise mentioned in this privacy notice, <b>eMakity Inc </b>keeps your personal information only for as long as required by us:<o:p></o:p></span></p><p class=\"MsoNormal\" style=\"margin: 12pt 0in 8pt 33pt; line-height: 16.8667px; font-size: 11pt; font-family: Arial, sans-serif; text-indent: -0.25in; background-image: initial; background-position: initial; background-size: initial; background-repeat: initial; background-attachment: initial; background-origin: initial; background-clip: initial;\"><span lang=\"EN\" style=\"font-size: 11.5pt; line-height: 17.6333px;\">1.</span><span lang=\"EN\" style=\"font-size: 7pt; line-height: 10.7333px; font-family: \" times=\"\" new=\"\" roman\",=\"\" serif;\"=\"\">&nbsp;&nbsp;&nbsp; </span><span lang=\"EN\" style=\"font-size: 11.5pt; line-height: 17.6333px;\">To provide you with the services you have requested;<o:p></o:p></span></p><p class=\"MsoNormal\" style=\"margin: 12pt 0in 8pt 33pt; line-height: 16.8667px; font-size: 11pt; font-family: Arial, sans-serif; text-indent: -0.25in; background-image: initial; background-position: initial; background-size: initial; background-repeat: initial; background-attachment: initial; background-origin: initial; background-clip: initial;\"><span lang=\"EN\" style=\"font-size: 11.5pt; line-height: 17.6333px;\">2.</span><span lang=\"EN\" style=\"font-size: 7pt; line-height: 10.7333px; font-family: \" times=\"\" new=\"\" roman\",=\"\" serif;\"=\"\">&nbsp;&nbsp;&nbsp; </span><span lang=\"EN\" style=\"font-size: 11.5pt; line-height: 17.6333px;\">To comply with other law, including for the period demanded by our tax authorities;<o:p></o:p></span></p><p class=\"MsoNormal\" style=\"margin: 12pt 0in 0.0001pt 33pt; line-height: 16.8667px; font-size: 11pt; font-family: Arial, sans-serif; text-indent: -0.25in; background-image: initial; background-position: initial; background-size: initial; background-repeat: initial; background-attachment: initial; background-origin: initial; background-clip: initial;\"><span lang=\"EN\" style=\"font-size: 11.5pt; line-height: 17.6333px;\">3.</span><span lang=\"EN\" style=\"font-size: 7pt; line-height: 10.7333px; font-family: \" times=\"\" new=\"\" roman\",=\"\" serif;\"=\"\">&nbsp;&nbsp;&nbsp; </span><span lang=\"EN\" style=\"font-size: 11.5pt; line-height: 17.6333px;\">To support a claim or defense in court.&nbsp;&nbsp;<o:p></o:p></span></p><p class=\"MsoNormal\" style=\"margin: 12pt 0in 0.0001pt; line-height: 16.8667px; font-size: 11pt; font-family: Arial, sans-serif; background-image: initial; background-position: initial; background-size: initial; background-repeat: initial; background-attachment: initial; background-origin: initial; background-clip: initial;\"><span lang=\"EN\" style=\"font-size: 11.5pt; line-height: 17.6333px;\">&nbsp;&nbsp;&nbsp;&nbsp;&nbsp;<o:p></o:p></span></p><p class=\"MsoNormal\" style=\"margin: 0in 0in 15pt; line-height: 16.8667px; font-size: 11pt; font-family: Arial, sans-serif; background-image: initial; background-position: initial; background-size: initial; background-repeat: initial; background-attachment: initial; background-origin: initial; background-clip: initial;\"><b><span lang=\"EN\" style=\"font-size: 11.5pt; line-height: 17.6333px;\">OPT-OUT &amp; UNSUBSCRIBE<o:p></o:p></span></b></p><p class=\"MsoNormal\" style=\"margin: 0in 0in 15pt; line-height: 16.8667px; font-size: 11pt; font-family: Arial, sans-serif; background-image: initial; background-position: initial; background-size: initial; background-repeat: initial; background-attachment: initial; background-origin: initial; background-clip: initial;\"><span lang=\"EN\" style=\"font-size: 11.5pt; line-height: 17.6333px;\">We provide users the opportunity to opt-out of receiving communications from us by reading the unsubscribe instructions located at the bottom of any e-mail they receive from us at any time. Users who no longer wish to receive our newsletter or promotional materials may opt-out of receiving these communications by clicking on the unsubscribe link in the e-mail.<o:p></o:p></span></p><p class=\"MsoNormal\" style=\"margin: 0in 0in 15pt; line-height: 16.8667px; font-size: 11pt; font-family: Arial, sans-serif; background-image: initial; background-position: initial; background-size: initial; background-repeat: initial; background-attachment: initial; background-origin: initial; background-clip: initial;\"><span lang=\"EN\" style=\"font-size: 11.5pt; line-height: 17.6333px;\">We respect your privacy and give you an opportunity to opt-out of receiving announcements of certain information. Users may opt-out of receiving any or all communications from eMakity Inc by contacting us here:<o:p></o:p></span></p><p class=\"MsoNormal\" style=\"margin: 0in 0in 15pt; line-height: 16.8667px; font-size: 11pt; font-family: Arial, sans-serif; background-image: initial; background-position: initial; background-size: initial; background-repeat: initial; background-attachment: initial; background-origin: initial; background-clip: initial;\"><span lang=\"FR\" style=\"font-size: 11.5pt; line-height: 17.6333px;\">Web page: https://www.alakba.com<o:p></o:p></span></p><p class=\"MsoNormal\" style=\"margin: 0in 0in 15pt; line-height: 16.8667px; font-size: 11pt; font-family: Arial, sans-serif; background-image: initial; background-position: initial; background-size: initial; background-repeat: initial; background-attachment: initial; background-origin: initial; background-clip: initial;\"><span lang=\"EN\" style=\"font-size: 11.5pt; line-height: 17.6333px;\">Email:&nbsp; </span><span lang=\"EN\">info@alakba.com<o:p></o:p></span></p><p class=\"MsoNormal\" style=\"margin: 0in 0in 15pt; line-height: 16.8667px; font-size: 11pt; font-family: Arial, sans-serif; background-image: initial; background-position: initial; background-size: initial; background-repeat: initial; background-attachment: initial; background-origin: initial; background-clip: initial;\"><b><span lang=\"EN\" style=\"font-size: 11.5pt; line-height: 17.6333px;\">YOUR RIGHTS<o:p></o:p></span></b></p><p class=\"MsoNormal\" style=\"margin: 0in 0in 15pt; line-height: 16.8667px; font-size: 11pt; font-family: Arial, sans-serif; background-image: initial; background-position: initial; background-size: initial; background-repeat: initial; background-attachment: initial; background-origin: initial; background-clip: initial;\"><span lang=\"EN\" style=\"font-size: 11.5pt; line-height: 17.6333px;\">You are entitled to the following rights under applicable laws:<o:p></o:p></span></p><p class=\"MsoNormal\" style=\"margin: 12pt 0in 8pt 51pt; line-height: 16.8667px; font-size: 11pt; font-family: Arial, sans-serif; text-indent: -0.25in; background-image: initial; background-position: initial; background-size: initial; background-repeat: initial; background-attachment: initial; background-origin: initial; background-clip: initial;\"><span lang=\"EN\" style=\"font-size: 11.5pt; line-height: 17.6333px;\"></span><span lang=\"EN\" style=\"font-size: 7pt; line-height: 10.7333px; font-family: \" times=\"\" new=\"\" roman\",=\"\" serif;\"=\"\">&nbsp;&nbsp;&nbsp;&nbsp;&nbsp;&nbsp;&nbsp;&nbsp; </span><b><span lang=\"EN\" style=\"font-size: 11.5pt; line-height: 17.6333px;\">The right to access:</span></b><span lang=\"EN\" style=\"font-size: 11.5pt; line-height: 17.6333px;\"> you may at any time request to access your personal data. Upon request, we will provide a copy of your personal data in a commonly used electronic form.<o:p></o:p></span></p><p class=\"MsoNormal\" style=\"margin: 12pt 0in 0.0001pt 51pt; line-height: 16.8667px; font-size: 11pt; font-family: Arial, sans-serif; text-indent: -0.25in; background-image: initial; background-position: initial; background-size: initial; background-repeat: initial; background-attachment: initial; background-origin: initial; background-clip: initial;\"><span lang=\"EN\" style=\"font-size: 11.5pt; line-height: 17.6333px;\"></span><span lang=\"EN\" style=\"font-size: 7pt; line-height: 10.7333px; font-family: \" times=\"\" new=\"\" roman\",=\"\" serif;\"=\"\">&nbsp;&nbsp;&nbsp;&nbsp;&nbsp;&nbsp;&nbsp;&nbsp; </span><b><span lang=\"EN\" style=\"font-size: 11.5pt; line-height: 17.6333px;\">The right to rectification</span></b><span lang=\"EN\" style=\"font-size: 11.5pt; line-height: 17.6333px;\">: you are entitled to obtain rectification of inaccurate personal data and to have incomplete personal data completed.<o:p></o:p></span></p><p class=\"MsoNormal\" style=\"margin: 12pt 0in 0.0001pt 51pt; line-height: 16.8667px; font-size: 11pt; font-family: Arial, sans-serif; text-indent: -0.25in; background-image: initial; background-position: initial; background-size: initial; background-repeat: initial; background-attachment: initial; background-origin: initial; background-clip: initial;\"><span lang=\"EN\" style=\"font-size: 11.5pt; line-height: 17.6333px;\"></span><span lang=\"EN\" style=\"font-size: 7pt; line-height: 10.7333px; font-family: \" times=\"\" new=\"\" roman\",=\"\" serif;\"=\"\">&nbsp;&nbsp;&nbsp;&nbsp;&nbsp;&nbsp;&nbsp;&nbsp; </span><b><span lang=\"EN\" style=\"font-size: 11.5pt; line-height: 17.6333px;\">The right to erasure:</span></b><span lang=\"EN\" style=\"font-size: 11.5pt; line-height: 17.6333px;\"> under certain circumstances (including processing on the basis of your consent), you may request us to delete your User Data. Please note that this right is not unconditional. Therefore, an attempt to invoke the right might not lead to an action from us.<o:p></o:p></span></p><p class=\"MsoNormal\" style=\"margin: 12pt 0in 8pt 51pt; line-height: 16.8667px; font-size: 11pt; font-family: Arial, sans-serif; text-indent: -0.25in; background-image: initial; background-position: initial; background-size: initial; background-repeat: initial; background-attachment: initial; background-origin: initial; background-clip: initial;\"><span lang=\"EN\" style=\"font-size: 11.5pt; line-height: 17.6333px;\"></span><span lang=\"EN\" style=\"font-size: 7pt; line-height: 10.7333px; font-family: \" times=\"\" new=\"\" roman\",=\"\" serif;\"=\"\">&nbsp;&nbsp;&nbsp;&nbsp;&nbsp;&nbsp;&nbsp;&nbsp; </span><b><span lang=\"EN\" style=\"font-size: 11.5pt; line-height: 17.6333px;\">The right to object</span></b><span lang=\"EN\" style=\"font-size: 11.5pt; line-height: 17.6333px;\">: to certain processing activities conducted by us in relation to your personal data, such as our processing of your personal data based on our legitimate interest. The right to object also applies to the processing of your personal data for direct marketing purposes.<o:p></o:p></span></p><p class=\"MsoNormal\" style=\"margin: 12pt 0in 0.0001pt 51pt; line-height: 16.8667px; font-size: 11pt; font-family: Arial, sans-serif; text-indent: -0.25in; background-image: initial; background-position: initial; background-size: initial; background-repeat: initial; background-attachment: initial; background-origin: initial; background-clip: initial;\"><span lang=\"EN\" style=\"font-size: 11.5pt; line-height: 17.6333px;\"></span><span lang=\"EN\" style=\"font-size: 7pt; line-height: 10.7333px; font-family: \" times=\"\" new=\"\" roman\",=\"\" serif;\"=\"\">&nbsp;&nbsp;&nbsp;&nbsp;&nbsp;&nbsp;&nbsp;&nbsp; </span><b><span lang=\"EN\" style=\"font-size: 11.5pt; line-height: 17.6333px;\">The right to data portability</span></b><span lang=\"EN\" style=\"font-size: 11.5pt; line-height: 17.6333px;\">: you are entitled to receive your personal data (or have your personal data directly transmitted to another data controller) in a structured, commonly used and machine-readable format.<o:p></o:p></span></p><p class=\"MsoNormal\" style=\"margin: 12pt 0in 0.0001pt; line-height: 16.8667px; font-size: 11pt; font-family: Arial, sans-serif; background-image: initial; background-position: initial; background-size: initial; background-repeat: initial; background-attachment: initial; background-origin: initial; background-clip: initial;\"><span lang=\"EN\" style=\"font-size: 11.5pt; line-height: 17.6333px;\">&nbsp;<o:p></o:p></span></p><p class=\"MsoNormal\" style=\"margin: 0in 0in 15pt; line-height: 16.8667px; font-size: 11pt; font-family: Arial, sans-serif; background-image: initial; background-position: initial; background-size: initial; background-repeat: initial; background-attachment: initial; background-origin: initial; background-clip: initial;\"><b><span lang=\"EN\" style=\"font-size: 11.5pt; line-height: 17.6333px;\">INTELLECTUAL PROPERTY RIGHTS<o:p></o:p></span></b></p><p class=\"MsoNormal\" style=\"margin: 0in 0in 15pt; line-height: 16.8667px; font-size: 11pt; font-family: Arial, sans-serif; background-image: initial; background-position: initial; background-size: initial; background-repeat: initial; background-attachment: initial; background-origin: initial; background-clip: initial;\"><span lang=\"EN\" style=\"font-size: 11.5pt; line-height: 17.6333px;\">All copyrights, trademarks, patents and other intellectual property rights in and on our website and all content and software located on the site shall remain the sole property of eMakity Inc or its licensors. The use of our trademarks, content and intellectual property is forbidden without the express written consent from us.<o:p></o:p></span></p><p class=\"MsoNormal\" style=\"margin: 0in 0in 15pt; line-height: 16.8667px; font-size: 11pt; font-family: Arial, sans-serif; background-image: initial; background-position: initial; background-size: initial; background-repeat: initial; background-attachment: initial; background-origin: initial; background-clip: initial;\"><span lang=\"EN\" style=\"font-size: 11.5pt; line-height: 17.6333px;\">You must not:<o:p></o:p></span></p><p class=\"MsoNormal\" style=\"margin: 12pt 0in 8pt 33pt; line-height: 16.8667px; font-size: 11pt; font-family: Arial, sans-serif; text-indent: -0.25in; background-image: initial; background-position: initial; background-size: initial; background-repeat: initial; background-attachment: initial; background-origin: initial; background-clip: initial;\"><span lang=\"EN\" style=\"font-size: 10pt; line-height: 15.3333px;\"></span><span lang=\"EN\" style=\"font-size: 7pt; line-height: 10.7333px; font-family: \" times=\"\" new=\"\" roman\",=\"\" serif;\"=\"\">&nbsp;&nbsp;&nbsp;&nbsp;&nbsp;&nbsp;&nbsp;&nbsp; </span><span lang=\"EN\" style=\"font-size: 11.5pt; line-height: 17.6333px;\">Republish material from our website without prior written consent.<o:p></o:p></span></p><p class=\"MsoNormal\" style=\"margin: 12pt 0in 8pt 33pt; line-height: 16.8667px; font-size: 11pt; font-family: Arial, sans-serif; text-indent: -0.25in; background-image: initial; background-position: initial; background-size: initial; background-repeat: initial; background-attachment: initial; background-origin: initial; background-clip: initial;\"><span lang=\"EN\" style=\"font-size: 10pt; line-height: 15.3333px;\"></span><span lang=\"EN\" style=\"font-size: 7pt; line-height: 10.7333px; font-family: \" times=\"\" new=\"\" roman\",=\"\" serif;\"=\"\">&nbsp;&nbsp;&nbsp;&nbsp;&nbsp;&nbsp;&nbsp;&nbsp; </span><span lang=\"EN\" style=\"font-size: 11.5pt; line-height: 17.6333px;\">Sell or rent material from our website.<o:p></o:p></span></p><p class=\"MsoNormal\" style=\"margin: 12pt 0in 8pt 33pt; line-height: 16.8667px; font-size: 11pt; font-family: Arial, sans-serif; text-indent: -0.25in; background-image: initial; background-position: initial; background-size: initial; background-repeat: initial; background-attachment: initial; background-origin: initial; background-clip: initial;\"><span lang=\"EN\" style=\"font-size: 10pt; line-height: 15.3333px;\"></span><span lang=\"EN\" style=\"font-size: 7pt; line-height: 10.7333px; font-family: \" times=\"\" new=\"\" roman\",=\"\" serif;\"=\"\">&nbsp;&nbsp;&nbsp;&nbsp;&nbsp;&nbsp;&nbsp;&nbsp; </span><span lang=\"EN\" style=\"font-size: 11.5pt; line-height: 17.6333px;\">Reproduce, duplicate, create derivative, copy or otherwise exploit material on our website for any purpose.<o:p></o:p></span></p><p class=\"MsoNormal\" style=\"margin: 12pt 0in 0.0001pt 33pt; line-height: 16.8667px; font-size: 11pt; font-family: Arial, sans-serif; text-indent: -0.25in; background-image: initial; background-position: initial; background-size: initial; background-repeat: initial; background-attachment: initial; background-origin: initial; background-clip: initial;\"><span lang=\"EN\" style=\"font-size: 10pt; line-height: 15.3333px;\"></span><span lang=\"EN\" style=\"font-size: 7pt; line-height: 10.7333px; font-family: \" times=\"\" new=\"\" roman\",=\"\" serif;\"=\"\">&nbsp;&nbsp;&nbsp;&nbsp;&nbsp;&nbsp;&nbsp;&nbsp; </span><span lang=\"EN\" style=\"font-size: 11.5pt; line-height: 17.6333px;\">Redistribute any content from our website, including onto another website.<o:p></o:p></span></p><p class=\"MsoNormal\" style=\"margin: 12pt 0in 0.0001pt; line-height: 16.8667px; font-size: 11pt; font-family: Arial, sans-serif; background-image: initial; background-position: initial; background-size: initial; background-repeat: initial; background-attachment: initial; background-origin: initial; background-clip: initial;\"><span lang=\"EN\" style=\"font-size: 11.5pt; line-height: 17.6333px;\">&nbsp;<o:p></o:p></span></p><p class=\"MsoNormal\" style=\"margin: 0in 0in 15pt; line-height: 16.8667px; font-size: 11pt; font-family: Arial, sans-serif; background-image: initial; background-position: initial; background-size: initial; background-repeat: initial; background-attachment: initial; background-origin: initial; background-clip: initial;\"><b><span lang=\"EN\" style=\"font-size: 11.5pt; line-height: 17.6333px;\">ACCEPTABLE USE<o:p></o:p></span></b></p><p class=\"MsoNormal\" style=\"margin: 0in 0in 15pt; line-height: 16.8667px; font-size: 11pt; font-family: Arial, sans-serif; background-image: initial; background-position: initial; background-size: initial; background-repeat: initial; background-attachment: initial; background-origin: initial; background-clip: initial;\"><span lang=\"EN\" style=\"font-size: 11.5pt; line-height: 17.6333px;\">You agree to use our website only for lawful purposes and in a way that does not infringe the rights of, restrict or inhibit anyone elses use and enjoyment of the website. Prohibited behavior includes harassing or causing distress or inconvenience to any other user within our website. You must not use our website to send unsolicited commercial communications. You must not use the content on our website for any marketing related purpose without our express written consent.<o:p></o:p></span></p><p class=\"MsoNormal\" style=\"margin: 0in 0in 15pt; line-height: 16.8667px; font-size: 11pt; font-family: Arial, sans-serif; background-image: initial; background-position: initial; background-size: initial; background-repeat: initial; background-attachment: initial; background-origin: initial; background-clip: initial;\"><b><span lang=\"EN\" style=\"font-size: 11.5pt; line-height: 17.6333px;\">THIRD-PARTY ANALYTICS<o:p></o:p></span></b></p><p class=\"MsoNormal\" style=\"margin: 0in 0in 15pt; line-height: 16.8667px; font-size: 11pt; font-family: Arial, sans-serif; background-image: initial; background-position: initial; background-size: initial; background-repeat: initial; background-attachment: initial; background-origin: initial; background-clip: initial;\"><span lang=\"EN\" style=\"font-size: 11.5pt; line-height: 17.6333px;\">We use automated devices and applications, to evaluate usage of our Site and, to the extent permitted, our Services. We also may use other analytic means to evaluate our Services. We use these tools to help us improve our Services, performance and user experiences. These entities may use tracking technologies to perform their services.<o:p></o:p></span></p><p class=\"MsoNormal\" style=\"margin: 0in 0in 15pt; line-height: 16.8667px; font-size: 11pt; font-family: Arial, sans-serif; background-image: initial; background-position: initial; background-size: initial; background-repeat: initial; background-attachment: initial; background-origin: initial; background-clip: initial;\"><b><span lang=\"EN\" style=\"font-size: 11.5pt; line-height: 17.6333px;\">VERIFICATION OF YOUR INFORMATION<o:p></o:p></span></b></p><p class=\"MsoNormal\" style=\"margin: 0in 0in 15pt; line-height: 16.8667px; font-size: 11pt; font-family: Arial, sans-serif; background-image: initial; background-position: initial; background-size: initial; background-repeat: initial; background-attachment: initial; background-origin: initial; background-clip: initial;\"><span lang=\"EN\" style=\"font-size: 11.5pt; line-height: 17.6333px;\">When we receive any request to access, edit or delete personal identifiable information we shall first take reasonable steps to verify your identity before granting you access or otherwise taking any action. This is important to safeguard your information.<o:p></o:p></span></p><p class=\"MsoNormal\" style=\"margin: 0in 0in 15pt; line-height: 16.8667px; font-size: 11pt; font-family: Arial, sans-serif; background-image: initial; background-position: initial; background-size: initial; background-repeat: initial; background-attachment: initial; background-origin: initial; background-clip: initial;\"><b><span lang=\"EN\" style=\"font-size: 11.5pt; line-height: 17.6333px;\">ENCRYPTION OF DATA SENT BETWEEN US<o:p></o:p></span></b></p><p class=\"MsoNormal\" style=\"margin: 0in 0in 15pt; line-height: 16.8667px; font-size: 11pt; font-family: Arial, sans-serif; background-image: initial; background-position: initial; background-size: initial; background-repeat: initial; background-attachment: initial; background-origin: initial; background-clip: initial;\"><span lang=\"EN\" style=\"font-size: 11.5pt; line-height: 17.6333px;\">eMakity Inc website uses Secure Sockets Layer (SSL) certificates to verify our identity to your browser and to encrypt any data you give us. Whenever information is transferred between us, you can check that it is done so using SSL by looking for a closed padlock symbol or another trust mark in your browsers URL bar or toolbar.<o:p></o:p></span></p><p class=\"MsoNormal\" style=\"margin: 0in 0in 15pt; line-height: 16.8667px; font-size: 11pt; font-family: Arial, sans-serif; background-image: initial; background-position: initial; background-size: initial; background-repeat: initial; background-attachment: initial; background-origin: initial; background-clip: initial;\"><b><span lang=\"EN\" style=\"font-size: 11.5pt; line-height: 17.6333px;\">HOW YOU CAN COMPLAIN<o:p></o:p></span></b></p><p class=\"MsoNormal\" style=\"margin: 0in 0in 15pt; line-height: 16.8667px; font-size: 11pt; font-family: Arial, sans-serif; background-image: initial; background-position: initial; background-size: initial; background-repeat: initial; background-attachment: initial; background-origin: initial; background-clip: initial;\"><span lang=\"EN\" style=\"font-size: 11.5pt; line-height: 17.6333px;\">If you are not happy with our privacy policy or if any complaints, then you should tell us by email. Our e-mail address is </span><span lang=\"EN\">info@alakba.com<o:p></o:p></span></p><p class=\"MsoNormal\" style=\"margin: 0in 0in 15pt; line-height: 16.8667px; font-size: 11pt; font-family: Arial, sans-serif; background-image: initial; background-position: initial; background-size: initial; background-repeat: initial; background-attachment: initial; background-origin: initial; background-clip: initial;\"><b><span lang=\"EN\" style=\"font-size: 11.5pt; line-height: 17.6333px;\">REVIEW/MODIFICATION OF THIS PRIVACY POLICY<o:p></o:p></span></b></p><p class=\"MsoNormal\" style=\"margin: 0in 0in 15pt; line-height: 16.8667px; font-size: 11pt; font-family: Arial, sans-serif; background-image: initial; background-position: initial; background-size: initial; background-repeat: initial; background-attachment: initial; background-origin: initial; background-clip: initial;\"><span lang=\"EN\" style=\"font-size: 11.5pt; line-height: 17.6333px;\">eMakity Inc may update this privacy notice from time to time as necessary. The terms that apply to you are those posted here on our website on the day you use our website. We solely advise you to print a copy for your records.<o:p></o:p></span></p><p class=\"MsoNormal\" style=\"margin: 0in 0in 15pt; line-height: 16.8667px; font-size: 11pt; font-family: Arial, sans-serif; background-image: initial; background-position: initial; background-size: initial; background-repeat: initial; background-attachment: initial; background-origin: initial; background-clip: initial;\"><span lang=\"EN\" style=\"font-size: 11.5pt; line-height: 17.6333px;\">If you have any question regarding our privacy policy, please contact us through:<o:p></o:p></span></p><p class=\"MsoNormal\" style=\"margin: 0in 0in 15pt; line-height: 16.8667px; font-size: 11pt; font-family: Arial, sans-serif; background-image: initial; background-position: initial; background-size: initial; background-repeat: initial; background-attachment: initial; background-origin: initial; background-clip: initial;\"><span lang=\"EN\" style=\"font-size: 11.5pt; line-height: 17.6333px;\">E-mail:&nbsp; </span><span lang=\"EN\">info@alakba.com<o:p></o:p></span></p><p class=\"MsoNormal\" style=\"margin: 0in 0in 15pt; line-height: 16.8667px; font-size: 11pt; font-family: Arial, sans-serif; background-image: initial; background-position: initial; background-size: initial; background-repeat: initial; background-attachment: initial; background-origin: initial; background-clip: initial;\"><b><u><span lang=\"EN\" style=\"font-size: 11.5pt; line-height: 17.6333px;\">COOKIES POLICY<o:p></o:p></span></u></b></p><p class=\"MsoNormal\" style=\"margin: 0in 0in 15pt; line-height: 16.8667px; font-size: 11pt; font-family: Arial, sans-serif; background-image: initial; background-position: initial; background-size: initial; background-repeat: initial; background-attachment: initial; background-origin: initial; background-clip: initial;\"><span lang=\"EN\" style=\"font-size: 11.5pt; line-height: 17.6333px;\">The <b>eMakity Inc </b>website uses cookies. They are placed by software that operates on our servers, and by software operated by third parties whose services we use. When you first visit our website, we ask you whether you wish us to use cookies. If you choose not to accept them, we shall not use them for your visit except to record that you have not consented to their use for any other purpose.<o:p></o:p></span></p><p class=\"MsoNormal\" style=\"margin: 0in 0in 15pt; line-height: 16.8667px; font-size: 11pt; font-family: Arial, sans-serif; background-image: initial; background-position: initial; background-size: initial; background-repeat: initial; background-attachment: initial; background-origin: initial; background-clip: initial;\"><span lang=\"EN\" style=\"font-size: 11.5pt; line-height: 17.6333px;\">If you choose not to use cookies or you prevent their use through your browser settings, you will not be able to use all the functionality of our website.<o:p></o:p></span></p><p class=\"MsoNormal\" style=\"margin: 0in 0in 15pt; line-height: 16.8667px; font-size: 11pt; font-family: Arial, sans-serif; background-image: initial; background-position: initial; background-size: initial; background-repeat: initial; background-attachment: initial; background-origin: initial; background-clip: initial;\"><b><span lang=\"EN\" style=\"font-size: 11.5pt; line-height: 17.6333px;\">We use cookies in the following ways:<o:p></o:p></span></b></p><p class=\"MsoNormal\" style=\"margin: 12pt 0in 8pt 33pt; line-height: 16.8667px; font-size: 11pt; font-family: Arial, sans-serif; text-indent: -0.25in; background-image: initial; background-position: initial; background-size: initial; background-repeat: initial; background-attachment: initial; background-origin: initial; background-clip: initial;\"><span lang=\"EN\" style=\"font-size: 10pt; line-height: 15.3333px;\"></span><span lang=\"EN\" style=\"font-size: 7pt; line-height: 10.7333px; font-family: \" times=\"\" new=\"\" roman\",=\"\" serif;\"=\"\">&nbsp;&nbsp;&nbsp;&nbsp;&nbsp;&nbsp;&nbsp;&nbsp; </span><span lang=\"EN\" style=\"font-size: 11.5pt; line-height: 17.6333px;\">To track how you use our website<o:p></o:p></span></p><p class=\"MsoNormal\" style=\"margin: 12pt 0in 8pt 33pt; line-height: 16.8667px; font-size: 11pt; font-family: Arial, sans-serif; text-indent: -0.25in; background-image: initial; background-position: initial; background-size: initial; background-repeat: initial; background-attachment: initial; background-origin: initial; background-clip: initial;\"><span lang=\"EN\" style=\"font-size: 10pt; line-height: 15.3333px;\"></span><span lang=\"EN\" style=\"font-size: 7pt; line-height: 10.7333px; font-family: \" times=\"\" new=\"\" roman\",=\"\" serif;\"=\"\">&nbsp;&nbsp;&nbsp;&nbsp;&nbsp;&nbsp;&nbsp;&nbsp; </span><span lang=\"EN\" style=\"font-size: 11.5pt; line-height: 17.6333px;\">To record whether you have seen specific messages we display on our website<o:p></o:p></span></p><p class=\"MsoNormal\" style=\"margin: 12pt 0in 8pt 33pt; line-height: 16.8667px; font-size: 11pt; font-family: Arial, sans-serif; text-indent: -0.25in; background-image: initial; background-position: initial; background-size: initial; background-repeat: initial; background-attachment: initial; background-origin: initial; background-clip: initial;\"><span lang=\"EN\" style=\"font-size: 10pt; line-height: 15.3333px;\"></span><span lang=\"EN\" style=\"font-size: 7pt; line-height: 10.7333px; font-family: \" times=\"\" new=\"\" roman\",=\"\" serif;\"=\"\">&nbsp;&nbsp;&nbsp;&nbsp;&nbsp;&nbsp;&nbsp;&nbsp; </span><span lang=\"EN\" style=\"font-size: 11.5pt; line-height: 17.6333px;\">To keep you signed in our site<o:p></o:p></span></p><p class=\"MsoNormal\" style=\"margin: 12pt 0in 8pt 33pt; line-height: 16.8667px; font-size: 11pt; font-family: Arial, sans-serif; text-indent: -0.25in; background-image: initial; background-position: initial; background-size: initial; background-repeat: initial; background-attachment: initial; background-origin: initial; background-clip: initial;\"><span lang=\"EN\" style=\"font-size: 10pt; line-height: 15.3333px;\"></span><span lang=\"EN\" style=\"font-size: 7pt; line-height: 10.7333px; font-family: \" times=\"\" new=\"\" roman\",=\"\" serif;\"=\"\">&nbsp;&nbsp;&nbsp;&nbsp;&nbsp;&nbsp;&nbsp;&nbsp; </span><span lang=\"EN\" style=\"font-size: 11.5pt; line-height: 17.6333px;\">To record your answers to surveys and questionnaires on our site while you complete them<o:p></o:p></span></p><p class=\"MsoNormal\" style=\"margin: 12pt 0in 0.0001pt 33pt; line-height: 16.8667px; font-size: 11pt; font-family: Arial, sans-serif; text-indent: -0.25in; background-image: initial; background-position: initial; background-size: initial; background-repeat: initial; background-attachment: initial; background-origin: initial; background-clip: initial;\"><span lang=\"EN\" style=\"font-size: 10pt; line-height: 15.3333px;\"></span><span lang=\"EN\" style=\"font-size: 7pt; line-height: 10.7333px; font-family: \" times=\"\" new=\"\" roman\",=\"\" serif;\"=\"\">&nbsp;&nbsp;&nbsp;&nbsp;&nbsp;&nbsp;&nbsp;&nbsp; </span><span lang=\"EN\" style=\"font-size: 11.5pt; line-height: 17.6333px;\">To record the conversation thread during a live chat with our support team<o:p></o:p></span></p><p class=\"MsoNormal\" style=\"margin: 12pt 0in 0.0001pt; line-height: 16.8667px; font-size: 11pt; font-family: Arial, sans-serif; background-image: initial; background-position: initial; background-size: initial; background-repeat: initial; background-attachment: initial; background-origin: initial; background-clip: initial;\"><span lang=\"EN\" style=\"font-size: 11.5pt; line-height: 17.6333px;\">&nbsp;<o:p></o:p></span></p><p class=\"MsoNormal\" style=\"margin: 0in 0in 15pt; line-height: 16.8667px; font-size: 11pt; font-family: Arial, sans-serif; background-image: initial; background-position: initial; background-size: initial; background-repeat: initial; background-attachment: initial; background-origin: initial; background-clip: initial;\"><b><span lang=\"EN\" style=\"font-size: 11.5pt; line-height: 17.6333px;\">WHY WE USE COOKIES ON OUR WEBSITE<o:p></o:p></span></b></p><p class=\"MsoNormal\" style=\"margin: 0in 0in 15pt; line-height: 16.8667px; font-size: 11pt; font-family: Arial, sans-serif; background-image: initial; background-position: initial; background-size: initial; background-repeat: initial; background-attachment: initial; background-origin: initial; background-clip: initial;\"><span lang=\"EN\" style=\"font-size: 11.5pt; line-height: 17.6333px;\">Cookies are pieces of information that a website transfers to an individuals computer hard drive for record-keeping purposes. Cookies make using our Site easier by, among other things, saving your passwords and preferences for you. These cookies are restricted for use only on our Site and do not transfer any personal information to any other party.<o:p></o:p></span></p><p class=\"MsoNormal\" style=\"margin: 0in 0in 15pt; line-height: 16.8667px; font-size: 11pt; font-family: Arial, sans-serif; background-image: initial; background-position: initial; background-size: initial; background-repeat: initial; background-attachment: initial; background-origin: initial; background-clip: initial;\"><span lang=\"EN\" style=\"font-size: 11.5pt; line-height: 17.6333px;\">Most browsers are initially set up to accept cookies. You can, however, reset your browser to refuse all cookies or indicate when a cookie is being sent. Please consult the technical information relevant to your browser for instructions. If you choose to disable your cookies setting or refuse to accept a cookie, some parts of the Site may not function properly or may be considerably slower.<o:p></o:p></span></p><p class=\"MsoNormal\" style=\"margin: 0in 0in 15pt; line-height: 16.8667px; font-size: 11pt; font-family: Arial, sans-serif; background-image: initial; background-position: initial; background-size: initial; background-repeat: initial; background-attachment: initial; background-origin: initial; background-clip: initial;\"><b><span lang=\"EN\" style=\"font-size: 11.5pt; line-height: 17.6333px;\">PERSONAL IDENTIFIERS FROM YOUR BROWSING ACTIVITY<o:p></o:p></span></b></p><p class=\"MsoNormal\" style=\"margin: 0in 0in 15pt; line-height: 16.8667px; font-size: 11pt; font-family: Arial, sans-serif; background-image: initial; background-position: initial; background-size: initial; background-repeat: initial; background-attachment: initial; background-origin: initial; background-clip: initial;\"><span lang=\"EN\" style=\"font-size: 11.5pt; line-height: 17.6333px;\">Information about your computer hardware and software may be automatically collected by eMakity Inc This information can include your IP address, browser type, domain names, access times and referring website addresses. This information is used for the operation of the service, to maintain quality of the service, and to provide general statistics regarding use of the eMakity Inc website.<o:p></o:p></span></p><p class=\"MsoNormal\" style=\"margin: 0in 0in 15pt; line-height: 16.8667px; font-size: 11pt; font-family: Arial, sans-serif; background-image: initial; background-position: initial; background-size: initial; background-repeat: initial; background-attachment: initial; background-origin: initial; background-clip: initial;\"><span lang=\"EN\" style=\"font-size: 11.5pt; line-height: 17.6333px;\">Requests by your web browser to our servers for web pages and other content on our website are recorded.<o:p></o:p></span></p><p class=\"MsoNormal\" style=\"margin: 0in 0in 15pt; line-height: 16.8667px; font-size: 11pt; font-family: Arial, sans-serif; background-image: initial; background-position: initial; background-size: initial; background-repeat: initial; background-attachment: initial; background-origin: initial; background-clip: initial;\"><span lang=\"EN\" style=\"font-size: 11.5pt; line-height: 17.6333px;\">Our website records information such as your geographical location, your Internet service provider and your IP address. We also record information about the software you are using to browse our websites, such as the type of computer or device and the screen resolution.<o:p></o:p></span></p><p class=\"MsoNormal\" style=\"margin: 0in 0in 15pt; line-height: 16.8667px; font-size: 11pt; font-family: Arial, sans-serif; background-image: initial; background-position: initial; background-size: initial; background-repeat: initial; background-attachment: initial; background-origin: initial; background-clip: initial;\"><span lang=\"EN\" style=\"font-size: 11.5pt; line-height: 17.6333px;\">eMakity Inc uses this information in aggregate to assess the popularity of the webpages on our website and how we perform in providing content to you.<o:p></o:p></span></p><p class=\"MsoNormal\" style=\"margin: 0in 0in 15pt; line-height: 16.8667px; font-size: 11pt; font-family: Arial, sans-serif; background-image: initial; background-position: initial; background-size: initial; background-repeat: initial; background-attachment: initial; background-origin: initial; background-clip: initial;\"><b><span lang=\"EN\" style=\"font-size: 11.5pt; line-height: 17.6333px;\">USE OF RE-MARKETING<o:p></o:p></span></b></p><p class=\"MsoNormal\" style=\"margin: 0in 0in 15pt; line-height: 16.8667px; font-size: 11pt; font-family: Arial, sans-serif; background-image: initial; background-position: initial; background-size: initial; background-repeat: initial; background-attachment: initial; background-origin: initial; background-clip: initial;\"><span lang=\"EN\" style=\"font-size: 11.5pt; line-height: 17.6333px;\">Re-marketing involves placing a cookie on your computer when you browse our website in order to be able to serve to you an advert for our products or services when you visit some other website.<o:p></o:p></span></p><p class=\"MsoNormal\" style=\"margin: 0in 0in 15pt; line-height: 16.8667px; font-size: 11pt; font-family: Arial, sans-serif; background-image: initial; background-position: initial; background-size: initial; background-repeat: initial; background-attachment: initial; background-origin: initial; background-clip: initial;\"><b><span lang=\"EN\" style=\"font-size: 11.5pt; line-height: 17.6333px;\">eMakity Inc </span></b><span lang=\"EN\" style=\"font-size: 11.5pt; line-height: 17.6333px;\">may use a third party to provide us with re-marketing services from time to time. If so, then if you have consented to our use of cookies, you may see advertisements for our products and services on other websites.<o:p></o:p></span></p>','2020-10-01 19:25:58',1,'copyright_area',NULL,'2020-10-01 19:25:58','2020-10-03 14:45:16'),(4,1,'Terms and condition for customer','terms-of-use-customer','<p class=\"MsoNormal\" style=\"margin: 12pt 0in 15pt; line-height: 22px; font-size: 11pt; font-family: Arial, sans-serif; background-image: initial; background-position: initial; background-size: initial; background-repeat: initial; background-attachment: initial; background-origin: initial; background-clip: initial;\"><b><span lang=\"EN\" style=\"font-size: 16pt; line-height: 32px;\">TERMS OF CONDITIONS<o:p></o:p></span></b></p><p class=\"MsoNormal\" style=\"margin: 12pt 0in 15pt; line-height: 22px; font-size: 11pt; font-family: Arial, sans-serif; background-image: initial; background-position: initial; background-size: initial; background-repeat: initial; background-attachment: initial; background-origin: initial; background-clip: initial;\"><span lang=\"EN\" style=\"font-size: 11.5pt; line-height: 23px;\">Please read these terms and conditions carefully before using https://alakba.com. This website is operated and managed by <b>eMakity Inc</b> in the whole extent of this website, every point the terms we, us or our is used, it refers to <b>eMakity Inc.<o:p></o:p></b></span></p><p class=\"MsoNormal\" style=\"margin: 12pt 0in 15pt; line-height: 22px; font-size: 11pt; font-family: Arial, sans-serif; background-image: initial; background-position: initial; background-size: initial; background-repeat: initial; background-attachment: initial; background-origin: initial; background-clip: initial;\"><span lang=\"EN\" style=\"font-size: 11.5pt; line-height: 23px;\">By purchasing goods from us, you involve in our Service and agree to be bound by the following terms and conditions stated, including the policies referenced herein and/or available by hyperlink. These Terms and Conditions are applicable to all users of the site, including without limitation every user who is browsers, customers and merchants. If you disagree with all or any of the terms of use in this agreement, then you may consider not to access the website or use any of the services.<o:p></o:p></span></p><p class=\"MsoNormal\" style=\"margin: 12pt 0in 15pt; line-height: 22px; font-size: 11pt; font-family: Arial, sans-serif; background-image: initial; background-position: initial; background-size: initial; background-repeat: initial; background-attachment: initial; background-origin: initial; background-clip: initial;\"><b><span lang=\"EN\" style=\"font-size: 11.5pt; line-height: 23px;\">CHANGES TO TERMS<o:p></o:p></span></b></p><p class=\"MsoNormal\" style=\"margin: 12pt 0in 15pt; line-height: 22px; font-size: 11pt; font-family: Arial, sans-serif; background-image: initial; background-position: initial; background-size: initial; background-repeat: initial; background-attachment: initial; background-origin: initial; background-clip: initial;\"><span lang=\"EN\" style=\"font-size: 11.5pt; line-height: 23px;\">We are committed to ensuring that our online store is as useful and efficient as possible. For that reason, we reserve the right to make changes to the services, at any time. We will never charge you for any service without making it very clear to you precisely what you\'re paying for.<o:p></o:p></span></p><p class=\"MsoNormal\" style=\"margin: 12pt 0in 15pt; line-height: 22px; font-size: 11pt; font-family: Arial, sans-serif; background-image: initial; background-position: initial; background-size: initial; background-repeat: initial; background-attachment: initial; background-origin: initial; background-clip: initial;\"><span lang=\"EN\" style=\"font-size: 11.5pt; line-height: 23px;\">Any new features or product(s) which are added to the current store shall also be subject to this Terms and condition. You can always review the most current version of the Terms and conditions at any time on this page. We reserve the right to update, change or retrieve any part of these Terms and conditions by posting updates and/or changes to our website. It is your responsibility to check this page periodically for changes. Your continued use of or access to the website following the posting of any changes constitutes acceptance of those changes.<o:p></o:p></span></p><p class=\"MsoNormal\" style=\"margin: 12pt 0in 15pt; line-height: 22px; font-size: 11pt; font-family: Arial, sans-serif; background-image: initial; background-position: initial; background-size: initial; background-repeat: initial; background-attachment: initial; background-origin: initial; background-clip: initial;\"><b><span lang=\"EN\" style=\"font-size: 11.5pt; line-height: 23px;\">PLACING AN ORDER<o:p></o:p></span></b></p><p class=\"MsoNormal\" style=\"margin: 12pt 0in 15pt; line-height: 22px; font-size: 11pt; font-family: Arial, sans-serif; background-image: initial; background-position: initial; background-size: initial; background-repeat: initial; background-attachment: initial; background-origin: initial; background-clip: initial;\"><span lang=\"EN\" style=\"font-size: 11.5pt; line-height: 23px;\">When you place an order through the Website, we will send an email to confirm that we have received the order. All orders are subject to these terms and conditions. Orders placed through the Website represent an offer to purchase a product. It is accepted for each product when we send you an email to confirm that the order has been received. We reserve the right to reject any order for any reason.<o:p></o:p></span></p><p class=\"MsoNormal\" style=\"margin: 12pt 0in 15pt; line-height: 22px; font-size: 11pt; font-family: Arial, sans-serif; background-image: initial; background-position: initial; background-size: initial; background-repeat: initial; background-attachment: initial; background-origin: initial; background-clip: initial;\"><span lang=\"EN\" style=\"font-size: 11.5pt; line-height: 23px;\">It is important that you enter the correct e-mail address when placing your order. We also recommend that you save your order confirmation email to facilitate any contact with customer service or for future references. The order confirmation (receipt) also serves as a guarantee of proof of purchase.<o:p></o:p></span></p><p class=\"MsoNormal\" style=\"margin: 12pt 0in 15pt; line-height: 22px; font-size: 11pt; font-family: Arial, sans-serif; background-image: initial; background-position: initial; background-size: initial; background-repeat: initial; background-attachment: initial; background-origin: initial; background-clip: initial;\"><b><span lang=\"EN\" style=\"font-size: 11.5pt; line-height: 23px;\">PRICES, TAXES, AND PAYMENT TERMS<o:p></o:p></span></b></p><p class=\"MsoNormal\" style=\"margin: 12pt 0in 15pt; line-height: 22px; font-size: 11pt; font-family: Arial, sans-serif; background-image: initial; background-position: initial; background-size: initial; background-repeat: initial; background-attachment: initial; background-origin: initial; background-clip: initial;\"><span lang=\"EN\" style=\"font-size: 11.5pt; line-height: 23px;\">Prices and payment details of products are specified on the website. Payment can be made by credit card, Debit card, and/or as further described in the store. Prices are shown exclusive of VAT, import duties and other government-imposed taxes, duties, and levies. You will be responsible for the payment of such import duties and taxes. It should be noted that eMakity Inc has no control over these charges.<o:p></o:p></span></p><p class=\"MsoNormal\" style=\"margin: 12pt 0in 15pt; line-height: 22px; font-size: 11pt; font-family: Arial, sans-serif; background-image: initial; background-position: initial; background-size: initial; background-repeat: initial; background-attachment: initial; background-origin: initial; background-clip: initial;\"><span lang=\"EN\" style=\"font-size: 11.5pt; line-height: 23px;\">The User guarantees that the information submitted when using the Service, including without limitation, its payment details, shall be complete, correct, truthful and up to date.<o:p></o:p></span></p><p class=\"MsoNormal\" style=\"margin: 12pt 0in 15pt; line-height: 22px; font-size: 11pt; font-family: Arial, sans-serif; background-image: initial; background-position: initial; background-size: initial; background-repeat: initial; background-attachment: initial; background-origin: initial; background-clip: initial;\"><span lang=\"EN\" style=\"font-size: 11.5pt; line-height: 23px;\">The User must inform <b>eMakity Inc</b> immediately about any inaccuracies in the offer provided, including the price. Our banking services and payment gateways manage all of our banking transactions. We dont store any credit card numbers. Your payment is handled by the payment gateways with secure encryption and under strict banking standards. Your card details are sent directly to them and cannot be read or accessed by anyone.<o:p></o:p></span></p><p class=\"MsoNormal\" style=\"margin: 12pt 0in 15pt; line-height: 22px; font-size: 11pt; font-family: Arial, sans-serif; background-image: initial; background-position: initial; background-size: initial; background-repeat: initial; background-attachment: initial; background-origin: initial; background-clip: initial;\"><span lang=\"EN\" style=\"font-size: 11.5pt; line-height: 23px;\">During the period of validity indicated in the offer for the product, the prices of the product will not be increased, except for price changes in VAT-tariffs. After such a period, we are entitled to adjust the price for any product(s). In such cases, <b>eMakity Inc</b> shall notify the User in advance. Such notice may be provided at any time by posting the changes to the Website or via the product itself.<o:p></o:p></span></p><p class=\"MsoNormal\" style=\"margin: 12pt 0in 15pt; line-height: 22px; font-size: 11pt; font-family: Arial, sans-serif; background-image: initial; background-position: initial; background-size: initial; background-repeat: initial; background-attachment: initial; background-origin: initial; background-clip: initial;\"><b><span lang=\"EN\" style=\"font-size: 11.5pt; line-height: 23px;\">OUR RIGHTS TO CANCEL/REJECT ORDERS<o:p></o:p></span></b></p><p class=\"MsoNormal\" style=\"margin: 12pt 0in 15pt; line-height: 22px; font-size: 11pt; font-family: Arial, sans-serif; background-image: initial; background-position: initial; background-size: initial; background-repeat: initial; background-attachment: initial; background-origin: initial; background-clip: initial;\"><span lang=\"EN\" style=\"font-size: 11.5pt; line-height: 23px;\">We reserve the right to decline any order you place with us. We may, in our exclusive discretion, limit or cancel quantities purchased per person, per household or per order. These restrictions may include orders placed by or under the same customer account, the same credit card, or orders that use the same billing and/or shipping address. If we make a change to or cancel an order, we may attempt to notify you by contacting the email and billing address/phone number provided at the time the order was made. We reserve the right to limit or prohibit orders that, in our sole judgment, appear to be placed by dealers, resellers or distributors. You agree to provide current, complete and accurate purchase and account information for all purchases made at our store.<o:p></o:p></span></p><p class=\"MsoNormal\" style=\"margin: 12pt 0in 15pt; line-height: 22px; font-size: 11pt; font-family: Arial, sans-serif; background-image: initial; background-position: initial; background-size: initial; background-repeat: initial; background-attachment: initial; background-origin: initial; background-clip: initial;\"><b><span lang=\"EN\" style=\"font-size: 11.5pt; line-height: 23px;\">PRODUCT AVAILABILITY, ERRORS, INACCURACIES AND OMISSIONS</span></b><span lang=\"EN\" style=\"font-size: 11.5pt; line-height: 23px;\"><o:p></o:p></span></p><p class=\"MsoNormal\" style=\"margin: 12pt 0in 15pt; line-height: 22px; font-size: 11pt; font-family: Arial, sans-serif; background-image: initial; background-position: initial; background-size: initial; background-repeat: initial; background-attachment: initial; background-origin: initial; background-clip: initial;\"><span lang=\"EN\" style=\"font-size: 11.5pt; line-height: 23px;\">Products on our online store through https://alakba.com are subject to change without notice. Errors will be corrected when discovered. Our Site contains a large number of products and it is always possible that, despite our best efforts, some of the products listed on our Site may be incorrectly priced, the quantity or availability of a product may have changed just prior to you placing your order or other errors may be displayed on the product page. We will normally verify prices, availability and confirm there are no errors on the product page as part of our dispatch procedures.<o:p></o:p></span></p><p class=\"MsoNormal\" style=\"margin: 12pt 0in 15pt; line-height: 22px; font-size: 11pt; font-family: Arial, sans-serif; background-image: initial; background-position: initial; background-size: initial; background-repeat: initial; background-attachment: initial; background-origin: initial; background-clip: initial;\"><span lang=\"EN\" style=\"font-size: 11.5pt; line-height: 23px;\">Where a product\'s correct price is less than our stated price, we will charge the lower amount when dispatching the product to you. If a product\'s correct price is higher than the price stated on our Site, we will normally, at our discretion, either contact you for instructions before dispatching the Product, or reject your order and notify you of such rejection. We are under no obligation to provide the product to you at the incorrect (lower) price, even after we have sent you an Order Confirmation.<o:p></o:p></span></p><p class=\"MsoNormal\" style=\"margin: 12pt 0in 15pt; line-height: 22px; font-size: 11pt; font-family: Arial, sans-serif; background-image: initial; background-position: initial; background-size: initial; background-repeat: initial; background-attachment: initial; background-origin: initial; background-clip: initial;\"><span lang=\"EN\" style=\"font-size: 11.5pt; line-height: 23px;\">Also, there may be information on our site or in the Service that contains typographical errors, inaccuracies or omissions that may relate to product descriptions, promotions, offers, product shipping charges, transit times and availability. We reserve the right to correct any errors, inaccuracies or omissions on a product page. We reserve the right to rescind our acceptance and cancel your order without penalty in the event there is an obvious and unmistakable error on the product page, in our reasonable discretion.<o:p></o:p></span></p><p class=\"MsoNormal\" style=\"margin: 12pt 0in 15pt; line-height: 22px; font-size: 11pt; font-family: Arial, sans-serif; background-image: initial; background-position: initial; background-size: initial; background-repeat: initial; background-attachment: initial; background-origin: initial; background-clip: initial;\"><b><span lang=\"EN\" style=\"font-size: 11.5pt; line-height: 23px;\">VENDOR TERMS<o:p></o:p></span></b></p><p class=\"MsoNormal\" style=\"margin: 12pt 0in 15pt; line-height: 22px; font-size: 11pt; font-family: Arial, sans-serif; background-image: initial; background-position: initial; background-size: initial; background-repeat: initial; background-attachment: initial; background-origin: initial; background-clip: initial;\"><b><span lang=\"EN\" style=\"font-size: 11.5pt; line-height: 23px;\">Fees and Billing<o:p></o:p></span></b></p><p class=\"MsoNormal\" style=\"margin: 12pt 0in 15pt; line-height: 22px; font-size: 11pt; font-family: Arial, sans-serif; background-image: initial; background-position: initial; background-size: initial; background-repeat: initial; background-attachment: initial; background-origin: initial; background-clip: initial;\"><span lang=\"EN\" style=\"font-size: 11.5pt; line-height: 23px;\">Joining and listing of products on Alakba is free. Alakba charges a fee and a percentage of the sale price when the item sells. When you list an item, you have an opportunity to review and accept the fees that you will be charged. Alakbas Fees Policy, which is subject to change, is incorporated into this Agreement by reference. Changes to the Fees Policy and the fees for Alakba s services are effective after Alakba provides you with at least fourteen (14) days notice by posting the changes on the Site. However, Alakba may choose to temporarily change the Fees Policy and the fees for Alakba s services for promotional events. Such changes are effective when Alakba posts the temporary promotional event on the Site. Alakba may, at Alakba s sole discretion, change some or all of Alakba s services at any time. In the event Alakba introduces a new service, the fees for that service are effective at the launch of the service.<o:p></o:p></span></p><p class=\"MsoNormal\" style=\"margin: 12pt 0in 15pt; line-height: 22px; font-size: 11pt; font-family: Arial, sans-serif; background-image: initial; background-position: initial; background-size: initial; background-repeat: initial; background-attachment: initial; background-origin: initial; background-clip: initial;\"><b><span lang=\"EN\" style=\"font-size: 11.5pt; line-height: 23px;\">Fees and termination<o:p></o:p></span></b></p><p class=\"MsoNormal\" style=\"margin: 12pt 0in 15pt; line-height: 22px; font-size: 11pt; font-family: Arial, sans-serif; background-image: initial; background-position: initial; background-size: initial; background-repeat: initial; background-attachment: initial; background-origin: initial; background-clip: initial;\"><span lang=\"EN\" style=\"font-size: 11.5pt; line-height: 23px;\">If Alakba terminates a listing or your account, if you close your account, or if the payment of your Alakba fees cannot be completed for any reason, you remain obligated to pay Alakba for all unpaid fees plus any penalties, if applicable. If the sellers account is not paid in full and becomes past due, the seller risks penalties such as the suspension of privileges and/or termination of the account and other collection mechanisms (including retaining collection agencies and legal counsel). If you have a question or wish to dispute a charge, contact Alakba.<o:p></o:p></span></p><p class=\"MsoNormal\" style=\"margin: 12pt 0in 15pt; line-height: 22px; font-size: 11pt; font-family: Arial, sans-serif; background-image: initial; background-position: initial; background-size: initial; background-repeat: initial; background-attachment: initial; background-origin: initial; background-clip: initial;\"><b><span lang=\"EN\" style=\"font-size: 11.5pt; line-height: 23px;\">Listing and selling<o:p></o:p></span></b></p><p class=\"MsoNormal\" style=\"margin: 12pt 0in 15pt; line-height: 22px; font-size: 11pt; font-family: Arial, sans-serif; background-image: initial; background-position: initial; background-size: initial; background-repeat: initial; background-attachment: initial; background-origin: initial; background-clip: initial;\"><span lang=\"EN\" style=\"font-size: 11.5pt; line-height: 23px;\">By listing an item on the website, you warrant that you and all aspects of the item comply with Alakbas published policies. You also warrant that you may legally sell the item. You must accurately describe your item and all terms of sale in your Alakba profile. Your listings may only include text descriptions, graphics, pictures and other content relevant to the sale of that item. All items must be listed in an appropriate category with appropriate tags. Each listing must accurately and completely describe the item/items for sale in that listing. If the in stock quantity is more than one, all items in that listing must be identical. Each unique item must have its own listing.<o:p></o:p></span></p><p class=\"MsoNormal\" style=\"margin: 12pt 0in 15pt; line-height: 22px; font-size: 11pt; font-family: Arial, sans-serif; background-image: initial; background-position: initial; background-size: initial; background-repeat: initial; background-attachment: initial; background-origin: initial; background-clip: initial;\"><b><span lang=\"EN\" style=\"font-size: 11.5pt; line-height: 23px;\">Restricted activities:&nbsp;<o:p></o:p></span></b></p><p class=\"MsoNormal\" style=\"margin: 12pt 0in 15pt; line-height: 22px; font-size: 11pt; font-family: Arial, sans-serif; background-image: initial; background-position: initial; background-size: initial; background-repeat: initial; background-attachment: initial; background-origin: initial; background-clip: initial;\"><span lang=\"EN\" style=\"font-size: 11.5pt; line-height: 23px;\">Your Content and your use of ALAKBA shall not:<o:p></o:p></span></p><p class=\"MsoListParagraphCxSpFirst\" style=\"margin: 12pt 0in 15pt 0.5in; line-height: 22px; font-size: 11pt; font-family: Arial, sans-serif; text-indent: -0.25in; background-image: initial; background-position: initial; background-size: initial; background-repeat: initial; background-attachment: initial; background-origin: initial; background-clip: initial;\"><span lang=\"EN\" style=\"font-size: 11.5pt; line-height: 23px;\">1.<span style=\"font-variant-numeric: normal; font-variant-east-asian: normal; font-stretch: normal; font-size: 7pt; line-height: normal; font-family: &quot;Times New Roman&quot;;\">&nbsp;&nbsp;&nbsp; </span></span><span lang=\"EN\" style=\"font-size: 11.5pt; line-height: 23px;\">Be false, inaccurate or misleading<o:p></o:p></span></p><p class=\"MsoListParagraphCxSpMiddle\" style=\"margin: 12pt 0in 15pt 0.5in; line-height: 22px; font-size: 11pt; font-family: Arial, sans-serif; text-indent: -0.25in; background-image: initial; background-position: initial; background-size: initial; background-repeat: initial; background-attachment: initial; background-origin: initial; background-clip: initial;\"><span lang=\"EN\" style=\"font-size: 11.5pt; line-height: 23px;\">2.<span style=\"font-variant-numeric: normal; font-variant-east-asian: normal; font-stretch: normal; font-size: 7pt; line-height: normal; font-family: &quot;Times New Roman&quot;;\">&nbsp;&nbsp;&nbsp; </span></span><span lang=\"EN\" style=\"font-size: 11.5pt; line-height: 23px;\">Be fraudulent or involve the sale of illegal, counterfeit or stolen items<o:p></o:p></span></p><p class=\"MsoListParagraphCxSpMiddle\" style=\"margin: 12pt 0in 15pt 0.5in; line-height: 22px; font-size: 11pt; font-family: Arial, sans-serif; text-indent: -0.25in; background-image: initial; background-position: initial; background-size: initial; background-repeat: initial; background-attachment: initial; background-origin: initial; background-clip: initial;\"><span lang=\"EN\" style=\"font-size: 11.5pt; line-height: 23px;\">3.<span style=\"font-variant-numeric: normal; font-variant-east-asian: normal; font-stretch: normal; font-size: 7pt; line-height: normal; font-family: &quot;Times New Roman&quot;;\">&nbsp;&nbsp;&nbsp; </span></span><span lang=\"EN\" style=\"font-size: 11.5pt; line-height: 23px;\">Infringe upon any third-partys copyright, patent, trademark, trade secret or other proprietary or intellectual property rights or rights of publicity or privacy<o:p></o:p></span></p><p class=\"MsoListParagraphCxSpLast\" style=\"margin: 12pt 0in 15pt 0.5in; line-height: 22px; font-size: 11pt; font-family: Arial, sans-serif; text-indent: -0.25in; background-image: initial; background-position: initial; background-size: initial; background-repeat: initial; background-attachment: initial; background-origin: initial; background-clip: initial;\"><span lang=\"EN\" style=\"font-size: 11.5pt; line-height: 23px;\">4.<span style=\"font-variant-numeric: normal; font-variant-east-asian: normal; font-stretch: normal; font-size: 7pt; line-height: normal; font-family: &quot;Times New Roman&quot;;\">&nbsp;&nbsp;&nbsp; </span></span><span lang=\"EN\" style=\"font-size: 11.5pt; line-height: 23px;\">Violate this Agreement, any site policy, or any applicable law, ordinance or regulation (including, but not limited to, those governing export control, consumer protection, unfair competition, anti-discrimination or false advertising)<o:p></o:p></span></p><p class=\"MsoNormal\" style=\"margin: 12pt 0in 15pt; line-height: 22px; font-size: 11pt; font-family: Arial, sans-serif; background-image: initial; background-position: initial; background-size: initial; background-repeat: initial; background-attachment: initial; background-origin: initial; background-clip: initial;\"><span lang=\"EN\" style=\"font-size: 11.5pt; line-height: 23px;\">Furthermore, you may not list any item on ALAKBA (or consummate any transaction that was initiated using ALAKBAs service) that, by paying to ALAKBA the listing fee or the final value fee, could cause ALAKBA to violate any applicable law, statute, ordinance or regulation, or that violates the Terms of Use.<o:p></o:p></span></p><p class=\"MsoNormal\" style=\"margin: 12pt 0in 15pt; line-height: 22px; font-size: 11pt; font-family: Arial, sans-serif; background-image: initial; background-position: initial; background-size: initial; background-repeat: initial; background-attachment: initial; background-origin: initial; background-clip: initial;\"><b><span lang=\"EN\" style=\"font-size: 11.5pt; line-height: 23px;\">PRICING POLICY<o:p></o:p></span></b></p><p class=\"MsoNormal\" style=\"margin: 12pt 0in 15pt; line-height: 22px; font-size: 11pt; font-family: Arial, sans-serif; background-image: initial; background-position: initial; background-size: initial; background-repeat: initial; background-attachment: initial; background-origin: initial; background-clip: initial;\"><span lang=\"EN\" style=\"font-size: 11.5pt; line-height: 23px;\">Please note that faith is the most important aspect of trade between buyers and sellers in a business place and one of the key aspects of faith is fair pricing. For healthy transaction flow at Alakba.com, we ask you to price your items responsibly and reasonably.<o:p></o:p></span></p><p class=\"MsoNormal\" style=\"margin: 12pt 0in 15pt; line-height: 22px; font-size: 11pt; font-family: Arial, sans-serif; background-image: initial; background-position: initial; background-size: initial; background-repeat: initial; background-attachment: initial; background-origin: initial; background-clip: initial;\"><span lang=\"EN\" style=\"font-size: 11.5pt; line-height: 23px;\">Please note that we are constantly monitoring prices for each merchant at various channels and do not allow you to price your items at higher prices at Alakba vs. other channels such as your own retail store, your own Website (if any) or any other 3rd party retail stores or Websites. You should price your items sold at Alakba to be same as the lowest rate you are selling at elsewhere or even lower but it should not be more. Violation of our pricing policy will result into warning notices and can also result into account suspension and/or store suspension.<o:p></o:p></span></p><p class=\"MsoNormal\" style=\"margin: 12pt 0in 15pt; line-height: 22px; font-size: 11pt; font-family: Arial, sans-serif; background-image: initial; background-position: initial; background-size: initial; background-repeat: initial; background-attachment: initial; background-origin: initial; background-clip: initial;\"><b><span lang=\"EN\" style=\"font-size: 11.5pt; line-height: 23px;\">BUYER PROTECTION<o:p></o:p></span></b></p><p class=\"MsoNormal\" style=\"margin: 12pt 0in 15pt; line-height: 22px; font-size: 11pt; font-family: Arial, sans-serif; background-image: initial; background-position: initial; background-size: initial; background-repeat: initial; background-attachment: initial; background-origin: initial; background-clip: initial;\"><span lang=\"EN\" style=\"font-size: 11.5pt; line-height: 23px;\">As an online market place, Alakba runs a very supportive Buyer security program so that buyer is totally protected dealing with Alakba.com. At Alakba, trust is the biggest thing for each dealing. To extend this trust to buyers, we offer Buyer security, which is based on four trust pillars i.e.<o:p></o:p></span></p><p class=\"MsoNormal\" style=\"margin: 12pt 0in 15pt; line-height: 22px; font-size: 11pt; font-family: Arial, sans-serif; background-image: initial; background-position: initial; background-size: initial; background-repeat: initial; background-attachment: initial; background-origin: initial; background-clip: initial;\"><b><span lang=\"EN\" style=\"font-size: 11.5pt; line-height: 23px;\">Payment Security</span></b><span lang=\"EN\" style=\"font-size: 11.5pt; line-height: 23px;\"> - Your payment is not released to merchant unless you have received your item<o:p></o:p></span></p><p class=\"MsoNormal\" style=\"margin: 12pt 0in 15pt; line-height: 22px; font-size: 11pt; font-family: Arial, sans-serif; background-image: initial; background-position: initial; background-size: initial; background-repeat: initial; background-attachment: initial; background-origin: initial; background-clip: initial;\"><b><span lang=\"EN\" style=\"font-size: 11.5pt; line-height: 23px;\">Product Guarantee</span></b><span lang=\"EN\" style=\"font-size: 11.5pt; line-height: 23px;\"> - All products sold at Alakba are new, 100% genuine and manufacturer warranty wherever applicable<o:p></o:p></span></p><p class=\"MsoNormal\" style=\"margin: 12pt 0in 15pt; line-height: 22px; font-size: 11pt; font-family: Arial, sans-serif; background-image: initial; background-position: initial; background-size: initial; background-repeat: initial; background-attachment: initial; background-origin: initial; background-clip: initial;\"><b><span lang=\"EN\" style=\"font-size: 11.5pt; line-height: 23px;\">Easy Replacement</span></b><span lang=\"EN\" style=\"font-size: 11.5pt; line-height: 23px;\"> - For wrong size, color, quantity, style, manufacturing, defects, damaged or significantly different from product listing<o:p></o:p></span></p><p class=\"MsoNormal\" style=\"margin: 12pt 0in 15pt; line-height: 22px; font-size: 11pt; font-family: Arial, sans-serif; background-image: initial; background-position: initial; background-size: initial; background-repeat: initial; background-attachment: initial; background-origin: initial; background-clip: initial;\"><b><span lang=\"EN\" style=\"font-size: 11.5pt; line-height: 23px;\">Reliable Merchants</span></b><span lang=\"EN\" style=\"font-size: 11.5pt; line-height: 23px;\"> - All the merchants go through a rigorous verification process before having their online store at Alakba.com<o:p></o:p></span></p><p class=\"MsoNormal\" style=\"margin: 12pt 0in 15pt; line-height: 22px; font-size: 11pt; font-family: Arial, sans-serif; background-image: initial; background-position: initial; background-size: initial; background-repeat: initial; background-attachment: initial; background-origin: initial; background-clip: initial;\"><span lang=\"EN\" style=\"font-size: 11.5pt; line-height: 23px;\">All the merchants selling at Alakba.com are very well observed and then they are allowed to business on our site. We see to it that all the products you buy from our website are genuine, authentic, products being sold by well reputed and tested merchants at the best prices possible. Of course, we also offer all the warranties, guarantees as entailed by the product, all this at a great price and with the best customer service in the industry.<o:p></o:p></span></p><p class=\"MsoNormal\" style=\"margin: 12pt 0in 15pt; line-height: 22px; font-size: 11pt; font-family: Arial, sans-serif; background-image: initial; background-position: initial; background-size: initial; background-repeat: initial; background-attachment: initial; background-origin: initial; background-clip: initial;\"><span lang=\"EN\" style=\"font-size: 11.5pt; line-height: 23px;\">At Alakba.com, we believe that customer satisfaction is key- therefore we stand behind all merchandise bought at our site. We will replace any order within 7 days of delivery, with free return shipping if you receive a product which is not as per the specifications ordered by you:<o:p></o:p></span></p><p class=\"MsoListParagraphCxSpFirst\" style=\"margin: 12pt 0in 15pt 0.5in; line-height: 22px; font-size: 11pt; font-family: Arial, sans-serif; text-indent: -0.25in; background-image: initial; background-position: initial; background-size: initial; background-repeat: initial; background-attachment: initial; background-origin: initial; background-clip: initial;\"><span lang=\"EN\" style=\"font-size: 11.5pt; line-height: 23px; font-family: Symbol;\"><span style=\"font-variant-numeric: normal; font-variant-east-asian: normal; font-stretch: normal; font-size: 7pt; line-height: normal; font-family: &quot;Times New Roman&quot;;\">&nbsp;&nbsp;&nbsp;&nbsp;&nbsp;&nbsp; </span></span><span lang=\"EN\" style=\"font-size: 11.5pt; line-height: 23px;\">Wrong colour<o:p></o:p></span></p><p class=\"MsoListParagraphCxSpMiddle\" style=\"margin: 12pt 0in 15pt 0.5in; line-height: 22px; font-size: 11pt; font-family: Arial, sans-serif; text-indent: -0.25in; background-image: initial; background-position: initial; background-size: initial; background-repeat: initial; background-attachment: initial; background-origin: initial; background-clip: initial;\"><span lang=\"EN\" style=\"font-size: 11.5pt; line-height: 23px; font-family: Symbol;\"><span style=\"font-variant-numeric: normal; font-variant-east-asian: normal; font-stretch: normal; font-size: 7pt; line-height: normal; font-family: &quot;Times New Roman&quot;;\">&nbsp;&nbsp;&nbsp;&nbsp;&nbsp;&nbsp; </span></span><span lang=\"EN\" style=\"font-size: 11.5pt; line-height: 23px;\">Wrong size<o:p></o:p></span></p><p class=\"MsoListParagraphCxSpMiddle\" style=\"margin: 12pt 0in 15pt 0.5in; line-height: 22px; font-size: 11pt; font-family: Arial, sans-serif; text-indent: -0.25in; background-image: initial; background-position: initial; background-size: initial; background-repeat: initial; background-attachment: initial; background-origin: initial; background-clip: initial;\"><span lang=\"EN\" style=\"font-size: 11.5pt; line-height: 23px; font-family: Symbol;\"><span style=\"font-variant-numeric: normal; font-variant-east-asian: normal; font-stretch: normal; font-size: 7pt; line-height: normal; font-family: &quot;Times New Roman&quot;;\">&nbsp;&nbsp;&nbsp;&nbsp;&nbsp;&nbsp; </span></span><span lang=\"EN\" style=\"font-size: 11.5pt; line-height: 23px;\">Wrong style<o:p></o:p></span></p><p class=\"MsoListParagraphCxSpMiddle\" style=\"margin: 12pt 0in 15pt 0.5in; line-height: 22px; font-size: 11pt; font-family: Arial, sans-serif; text-indent: -0.25in; background-image: initial; background-position: initial; background-size: initial; background-repeat: initial; background-attachment: initial; background-origin: initial; background-clip: initial;\"><span lang=\"EN\" style=\"font-size: 11.5pt; line-height: 23px; font-family: Symbol;\"><span style=\"font-variant-numeric: normal; font-variant-east-asian: normal; font-stretch: normal; font-size: 7pt; line-height: normal; font-family: &quot;Times New Roman&quot;;\">&nbsp;&nbsp;&nbsp;&nbsp;&nbsp;&nbsp; </span></span><span lang=\"EN\" style=\"font-size: 11.5pt; line-height: 23px;\">Wrong quantity<o:p></o:p></span></p><p class=\"MsoListParagraphCxSpMiddle\" style=\"margin: 12pt 0in 15pt 0.5in; line-height: 22px; font-size: 11pt; font-family: Arial, sans-serif; text-indent: -0.25in; background-image: initial; background-position: initial; background-size: initial; background-repeat: initial; background-attachment: initial; background-origin: initial; background-clip: initial;\"><span lang=\"EN\" style=\"font-size: 11.5pt; line-height: 23px; font-family: Symbol;\"><span style=\"font-variant-numeric: normal; font-variant-east-asian: normal; font-stretch: normal; font-size: 7pt; line-height: normal; font-family: &quot;Times New Roman&quot;;\">&nbsp;&nbsp;&nbsp;&nbsp;&nbsp;&nbsp; </span></span><span lang=\"EN\" style=\"font-size: 11.5pt; line-height: 23px;\">Missing parts/accessories<o:p></o:p></span></p><p class=\"MsoListParagraphCxSpMiddle\" style=\"margin: 12pt 0in 15pt 0.5in; line-height: 22px; font-size: 11pt; font-family: Arial, sans-serif; text-indent: -0.25in; background-image: initial; background-position: initial; background-size: initial; background-repeat: initial; background-attachment: initial; background-origin: initial; background-clip: initial;\"><span lang=\"EN\" style=\"font-size: 11.5pt; line-height: 23px; font-family: Symbol;\"><span style=\"font-variant-numeric: normal; font-variant-east-asian: normal; font-stretch: normal; font-size: 7pt; line-height: normal; font-family: &quot;Times New Roman&quot;;\">&nbsp;&nbsp;&nbsp;&nbsp;&nbsp;&nbsp; </span></span><span lang=\"EN\" style=\"font-size: 11.5pt; line-height: 23px;\">Defective<o:p></o:p></span></p><p class=\"MsoListParagraphCxSpMiddle\" style=\"margin: 12pt 0in 15pt 0.5in; line-height: 22px; font-size: 11pt; font-family: Arial, sans-serif; text-indent: -0.25in; background-image: initial; background-position: initial; background-size: initial; background-repeat: initial; background-attachment: initial; background-origin: initial; background-clip: initial;\"><span lang=\"EN\" style=\"font-size: 11.5pt; line-height: 23px; font-family: Symbol;\"><span style=\"font-variant-numeric: normal; font-variant-east-asian: normal; font-stretch: normal; font-size: 7pt; line-height: normal; font-family: &quot;Times New Roman&quot;;\">&nbsp;&nbsp;&nbsp;&nbsp;&nbsp;&nbsp; </span></span><span lang=\"EN\" style=\"font-size: 11.5pt; line-height: 23px;\">Dead on arrival<o:p></o:p></span></p><p class=\"MsoListParagraphCxSpMiddle\" style=\"margin: 12pt 0in 15pt 0.5in; line-height: 22px; font-size: 11pt; font-family: Arial, sans-serif; text-indent: -0.25in; background-image: initial; background-position: initial; background-size: initial; background-repeat: initial; background-attachment: initial; background-origin: initial; background-clip: initial;\"><span lang=\"EN\" style=\"font-size: 11.5pt; line-height: 23px; font-family: Symbol;\"><span style=\"font-variant-numeric: normal; font-variant-east-asian: normal; font-stretch: normal; font-size: 7pt; line-height: normal; font-family: &quot;Times New Roman&quot;;\">&nbsp;&nbsp;&nbsp;&nbsp;&nbsp;&nbsp; </span></span><span lang=\"EN\" style=\"font-size: 11.5pt; line-height: 23px;\">Damaged<o:p></o:p></span></p><p class=\"MsoListParagraphCxSpLast\" style=\"margin: 12pt 0in 15pt 0.5in; line-height: 22px; font-size: 11pt; font-family: Arial, sans-serif; text-indent: -0.25in; background-image: initial; background-position: initial; background-size: initial; background-repeat: initial; background-attachment: initial; background-origin: initial; background-clip: initial;\"><span lang=\"EN\" style=\"font-size: 11.5pt; line-height: 23px; font-family: Symbol;\"><span style=\"font-variant-numeric: normal; font-variant-east-asian: normal; font-stretch: normal; font-size: 7pt; line-height: normal; font-family: &quot;Times New Roman&quot;;\">&nbsp;&nbsp;&nbsp;&nbsp;&nbsp;&nbsp; </span></span><span lang=\"EN\" style=\"font-size: 11.5pt; line-height: 23px;\">Significantly different from the description given by the merchant<o:p></o:p></span></p><p class=\"MsoNormal\" style=\"margin: 12pt 0in 15pt; line-height: 22px; font-size: 11pt; font-family: Arial, sans-serif; background-image: initial; background-position: initial; background-size: initial; background-repeat: initial; background-attachment: initial; background-origin: initial; background-clip: initial;\"><span lang=\"EN\" style=\"font-size: 11.5pt; line-height: 23px;\">However, do make sure that the product has not been used/worn or altered/tampered with, as well as is accompanied by its original price tag and packing slip. Please contact our customer care team, so we can help facilitate your return.<o:p></o:p></span></p><p class=\"MsoNormal\" style=\"margin: 12pt 0in 15pt; line-height: 22px; font-size: 11pt; font-family: Arial, sans-serif; background-image: initial; background-position: initial; background-size: initial; background-repeat: initial; background-attachment: initial; background-origin: initial; background-clip: initial;\"><span lang=\"EN\" style=\"font-size: 11.5pt; line-height: 23px;\">In case of pre-shipment delays, Alakba also offers you choice to cancel an order prior to its shipment by contacting us at Customer care team. Our trust policies define who we are and we promise the best online shopping experience to our customers.<o:p></o:p></span></p><p class=\"MsoNormal\" style=\"margin: 12pt 0in 15pt; line-height: 22px; font-size: 11pt; font-family: Arial, sans-serif; background-image: initial; background-position: initial; background-size: initial; background-repeat: initial; background-attachment: initial; background-origin: initial; background-clip: initial;\"><b><span lang=\"EN\" style=\"font-size: 11.5pt; line-height: 23px;\">PROMO CODES AND OFFERS<o:p></o:p></span></b></p><p class=\"MsoNormal\" style=\"margin: 12pt 0in 15pt; line-height: 22px; font-size: 11pt; font-family: Arial, sans-serif; background-image: initial; background-position: initial; background-size: initial; background-repeat: initial; background-attachment: initial; background-origin: initial; background-clip: initial;\"><span lang=\"EN\" style=\"font-size: 11.5pt; line-height: 23px;\">Promo Codes and Offers are made at our sole discretion and are subject to time validity, a valid Promotional Code should be entered during the checkout process for a product to be valid. Attempting to add a promo code after purchase or after the expiration of the code will not be acknowledged.<o:p></o:p></span></p><p class=\"MsoNormal\" style=\"margin: 12pt 0in 15pt; line-height: 22px; font-size: 11pt; font-family: Arial, sans-serif; background-image: initial; background-position: initial; background-size: initial; background-repeat: initial; background-attachment: initial; background-origin: initial; background-clip: initial;\"><b><span lang=\"EN\" style=\"font-size: 11.5pt; line-height: 23px;\">AGE OF CONSENT<o:p></o:p></span></b></p><p class=\"MsoNormal\" style=\"margin: 12pt 0in 15pt; line-height: 22px; font-size: 11pt; font-family: Arial, sans-serif; background-image: initial; background-position: initial; background-size: initial; background-repeat: initial; background-attachment: initial; background-origin: initial; background-clip: initial;\"><span lang=\"EN\" style=\"font-size: 11.5pt; line-height: 23px;\">By agreeing to these Terms of Use, you represent that you are at least the age of majority in your state or province of residence, or that you are the age of majority in your state or province of residence. You may not use/access our products for any illegal or unauthorized purpose nor may you, in the use of the Service or online store, violate any laws in your jurisdiction (including but not limited to copyright laws). A breach or violation of any of the Terms will result in an immediate termination of your access to our products or services.<o:p></o:p></span></p><p class=\"MsoNormal\" style=\"margin: 12pt 0in 15pt; line-height: 22px; font-size: 11pt; font-family: Arial, sans-serif; background-image: initial; background-position: initial; background-size: initial; background-repeat: initial; background-attachment: initial; background-origin: initial; background-clip: initial;\"><b><span lang=\"EN\" style=\"font-size: 11.5pt; line-height: 23px;\">SERVICE TERMS<o:p></o:p></span></b></p><p class=\"MsoNormal\" style=\"margin: 12pt 0in 8pt 51pt; line-height: 22px; font-size: 11pt; font-family: Arial, sans-serif; text-indent: -0.25in; background-image: initial; background-position: initial; background-size: initial; background-repeat: initial; background-attachment: initial; background-origin: initial; background-clip: initial;\"><span lang=\"EN\" style=\"font-size: 11.5pt; line-height: 23px;\">1.</span><span lang=\"EN\" style=\"font-size: 7pt; line-height: 14px; font-family: &quot;Times New Roman&quot;, serif;\">&nbsp;&nbsp;&nbsp; </span><b><span lang=\"EN\" style=\"font-size: 11.5pt; line-height: 23px;\">eMakity Inc</span></b><span lang=\"EN\" style=\"font-size: 11.5pt; line-height: 23px;\"> at this moment grants the User a non-exclusive, non-transferable, limited right to access and use the Service, under the conditions of these Terms &amp; Conditions and for the duration of the Agreement.<o:p></o:p></span></p><p class=\"MsoNormal\" style=\"margin: 12pt 0in 0.0001pt 51pt; line-height: 22px; font-size: 11pt; font-family: Arial, sans-serif; text-indent: -0.25in; background-image: initial; background-position: initial; background-size: initial; background-repeat: initial; background-attachment: initial; background-origin: initial; background-clip: initial;\"><span lang=\"EN\" style=\"font-size: 11.5pt; line-height: 23px;\">2.</span><span lang=\"EN\" style=\"font-size: 7pt; line-height: 14px; font-family: &quot;Times New Roman&quot;, serif;\">&nbsp;&nbsp;&nbsp; </span><span lang=\"EN\" style=\"font-size: 11.5pt; line-height: 23px;\">The use of the Service is at the User\'s own expense and risk. The User is responsible for meeting the technical and functional requirements and using the electronic communication facilities that are necessary to be able to access and use the Service. The User will at all times bear the risk of loss, theft or damage to any of its data.<o:p></o:p></span></p><p class=\"MsoNormal\" style=\"margin: 12pt 0in 0.0001pt 51pt; line-height: 22px; font-size: 11pt; font-family: Arial, sans-serif; text-indent: -0.25in; background-image: initial; background-position: initial; background-size: initial; background-repeat: initial; background-attachment: initial; background-origin: initial; background-clip: initial;\"><span lang=\"EN\" style=\"font-size: 11.5pt; line-height: 23px;\">3.</span><span lang=\"EN\" style=\"font-size: 7pt; line-height: 14px; font-family: &quot;Times New Roman&quot;, serif;\">&nbsp;&nbsp;&nbsp; </span><b><span lang=\"EN\" style=\"font-size: 11.5pt; line-height: 23px;\">eMakity Inc</span></b><span lang=\"EN\" style=\"font-size: 11.5pt; line-height: 23px;\"> will have the right (but not the obligation), at its sole discretion, to review, edit, limit, refuse or remove Content, products or to limit or refuse the User access to the Service. More specifically in the event the use of the Service, according to us, violates these Terms of Use.<o:p></o:p></span></p><p class=\"MsoNormal\" style=\"margin: 12pt 0in 0.0001pt 51pt; line-height: 22px; font-size: 11pt; font-family: Arial, sans-serif; text-indent: -0.25in; background-image: initial; background-position: initial; background-size: initial; background-repeat: initial; background-attachment: initial; background-origin: initial; background-clip: initial;\"><span lang=\"EN\" style=\"font-size: 11.5pt; line-height: 23px;\">4.</span><span lang=\"EN\" style=\"font-size: 7pt; line-height: 14px; font-family: &quot;Times New Roman&quot;, serif;\">&nbsp;&nbsp;&nbsp; </span><span lang=\"EN\" style=\"font-size: 11.5pt; line-height: 23px;\">We may disclose the User\'s Personal Data or Content, or other data relating to the use of the Service, to third parties where it believes, in good faith, that it is necessary to comply with a court order, ongoing judicial proceeding, criminal or civil subpoena, or other legal process or request by law enforcement authorities, or to exercise its constitutional rights of defense against legal claims.<o:p></o:p></span></p><p class=\"MsoNormal\" style=\"margin: 12pt 0in 15pt; line-height: 22px; font-size: 11pt; font-family: Arial, sans-serif; background-image: initial; background-position: initial; background-size: initial; background-repeat: initial; background-attachment: initial; background-origin: initial; background-clip: initial;\"><span lang=\"EN\" style=\"font-size: 11.5pt; line-height: 23px;\">&nbsp;<o:p></o:p></span></p><p class=\"MsoNormal\" style=\"margin: 12pt 0in 15pt; line-height: 22px; font-size: 11pt; font-family: Arial, sans-serif; background-image: initial; background-position: initial; background-size: initial; background-repeat: initial; background-attachment: initial; background-origin: initial; background-clip: initial;\"><b><span lang=\"EN\" style=\"font-size: 11.5pt; line-height: 23px;\">THIRD-PARTY LINKS<o:p></o:p></span></b></p><p class=\"MsoNormal\" style=\"margin: 12pt 0in 15pt; line-height: 22px; font-size: 11pt; font-family: Arial, sans-serif; background-image: initial; background-position: initial; background-size: initial; background-repeat: initial; background-attachment: initial; background-origin: initial; background-clip: initial;\"><span lang=\"EN\" style=\"font-size: 11.5pt; line-height: 23px;\">Certain content and services available via our website may include materials from third-parties. Third-party links on this site may direct you to third-party websites or applications that are not affiliated with us. <b>eMakity Inc</b> is not responsible for examining or evaluating the content or accuracy of such website or application and we do not warrant and will not have any liability or responsibility for any third-party materials or websites, or for any other materials, products, or services of third-parties. We are not liable for any harm or damages related to the purchase or use of goods, services, resources, content, or any other transactions made in connection with any third-party websites.<o:p></o:p></span></p><p class=\"MsoNormal\" style=\"margin: 12pt 0in 15pt; line-height: 22px; font-size: 11pt; font-family: Arial, sans-serif; background-image: initial; background-position: initial; background-size: initial; background-repeat: initial; background-attachment: initial; background-origin: initial; background-clip: initial;\"><span lang=\"EN\" style=\"font-size: 11.5pt; line-height: 23px;\">Youre obliged to review carefully the third-party\'s policies and practices and make sure you understand them before you engage in any transaction. Complaints, claims, concerns, or questions regarding third-party products should be directed to the third-party.<o:p></o:p></span></p><p class=\"MsoNormal\" style=\"margin: 12pt 0in 15pt; line-height: 22px; font-size: 11pt; font-family: Arial, sans-serif; background-image: initial; background-position: initial; background-size: initial; background-repeat: initial; background-attachment: initial; background-origin: initial; background-clip: initial;\"><b><span lang=\"EN\" style=\"font-size: 11.5pt; line-height: 23px;\">PERSONAL INFORMATION<o:p></o:p></span></b></p><p class=\"MsoNormal\" style=\"margin: 12pt 0in 15pt; line-height: 22px; font-size: 11pt; font-family: Arial, sans-serif; background-image: initial; background-position: initial; background-size: initial; background-repeat: initial; background-attachment: initial; background-origin: initial; background-clip: initial;\"><span lang=\"EN\" style=\"font-size: 11.5pt; line-height: 23px;\">Your submission of personal information through the store is regulated by our Privacy Policy. You are to view our <u>Privacy Policy</u>.<o:p></o:p></span></p><p class=\"MsoNormal\" style=\"margin: 12pt 0in 15pt; line-height: 22px; font-size: 11pt; font-family: Arial, sans-serif; background-image: initial; background-position: initial; background-size: initial; background-repeat: initial; background-attachment: initial; background-origin: initial; background-clip: initial;\"><b><span lang=\"EN\" style=\"font-size: 11.5pt; line-height: 23px;\">USER CONTENT<o:p></o:p></span></b></p><p class=\"MsoNormal\" style=\"margin: 12pt 0in 15pt; line-height: 22px; font-size: 11pt; font-family: Arial, sans-serif; background-image: initial; background-position: initial; background-size: initial; background-repeat: initial; background-attachment: initial; background-origin: initial; background-clip: initial;\"><span lang=\"EN\" style=\"font-size: 11.5pt; line-height: 23px;\">Our website may contain user-generated content, for example, social media applications. we do not claim any ownership of such contents (images, photos, and videos, etc.) and take no legal responsibility for it. In case you suspect a violation of copyright or any other right, or otherwise is offended by such content, please contact our customer support.<o:p></o:p></span></p><p class=\"MsoNormal\" style=\"margin: 12pt 0in 15pt; line-height: 22px; font-size: 11pt; font-family: Arial, sans-serif; background-image: initial; background-position: initial; background-size: initial; background-repeat: initial; background-attachment: initial; background-origin: initial; background-clip: initial;\"><b><span lang=\"EN\" style=\"font-size: 11.5pt; line-height: 23px;\">DISCLAIMER OF WARRANTIES; LIMITATION OF LIABILITY<o:p></o:p></span></b></p><p class=\"MsoNormal\" style=\"margin: 12pt 0in 15pt; line-height: 22px; font-size: 11pt; font-family: Arial, sans-serif; background-image: initial; background-position: initial; background-size: initial; background-repeat: initial; background-attachment: initial; background-origin: initial; background-clip: initial;\"><span lang=\"EN\" style=\"font-size: 11.5pt; line-height: 23px;\">We, therefore, underwrite in no pledge or represent or warrant that your use of our service will be uninterrupted, timely, assured, secure or error-free. We do not warrant that the results that may be obtained from the use of the service will be accurate or reliable.<o:p></o:p></span></p><p class=\"MsoNormal\" style=\"margin: 12pt 0in 15pt; line-height: 22px; font-size: 11pt; font-family: Arial, sans-serif; background-image: initial; background-position: initial; background-size: initial; background-repeat: initial; background-attachment: initial; background-origin: initial; background-clip: initial;\"><span lang=\"EN\" style=\"font-size: 11.5pt; line-height: 23px;\">You agree that from time to time we may remove the service for indefinite periods of time or cancel the service at any time, without notice to you. You expressly agree that your use of, or inability to use, the service is at your volition and sole risk. The service and all products and services delivered to you through the service are (except as expressly stated by us) provided \'as is\' and \'as available\' for your use, without any representation, warranties or conditions of any kind, either express or implied, including all implied warranties or conditions of merchantability, merchantable quality, fitness for a particular purpose, durability, title, and non-infringement.<o:p></o:p></span></p><p class=\"MsoNormal\" style=\"margin: 12pt 0in 15pt; line-height: 22px; font-size: 11pt; font-family: Arial, sans-serif; background-image: initial; background-position: initial; background-size: initial; background-repeat: initial; background-attachment: initial; background-origin: initial; background-clip: initial;\"><span lang=\"EN\" style=\"font-size: 11.5pt; line-height: 23px;\">In no case shall eMakity Inc<b>, </b>our directors, officers, employees, affiliates, agents, contractors, interns, suppliers, manufacturers, service providers or licensors be responsible or liable for any injury, loss, claim, or any direct, indirect, incidental, punitive, special, or consequential damages of any kind, including, without limitation lost profits, lost revenue, lost savings, loss of data, replacement costs, or any similar damages, whether based in contract, tort (including negligence), strict liability or otherwise, arising from your use of any of the service or any products procured using the service, or for any other claim related in any way to your use of the service or any product, including, but not limited to, any errors or omissions in any content, or any loss or damage of any kind incurred as a result of the use of the service or any content (or product) posted, transmitted, or otherwise made available via the service, even if advised of their possibility.<o:p></o:p></span></p><p class=\"MsoNormal\" style=\"margin: 12pt 0in 15pt; line-height: 22px; font-size: 11pt; font-family: Arial, sans-serif; background-image: initial; background-position: initial; background-size: initial; background-repeat: initial; background-attachment: initial; background-origin: initial; background-clip: initial;\"><span lang=\"EN\" style=\"font-size: 11.5pt; line-height: 23px;\">Because some states or jurisdictions do not allow the exclusion or the limitation of liability for consequential or incidental damages, in such states or jurisdictions, our liability shall be limited to the maximum extent permitted by law.<o:p></o:p></span></p><p class=\"MsoNormal\" style=\"margin: 12pt 0in 15pt; line-height: 22px; font-size: 11pt; font-family: Arial, sans-serif; background-image: initial; background-position: initial; background-size: initial; background-repeat: initial; background-attachment: initial; background-origin: initial; background-clip: initial;\"><b><span lang=\"EN\" style=\"font-size: 11.5pt; line-height: 23px;\">INDEMNIFICATION<o:p></o:p></span></b></p><p class=\"MsoNormal\" style=\"margin: 12pt 0in 15pt; line-height: 22px; font-size: 11pt; font-family: Arial, sans-serif; background-image: initial; background-position: initial; background-size: initial; background-repeat: initial; background-attachment: initial; background-origin: initial; background-clip: initial;\"><span lang=\"EN\" style=\"font-size: 11.5pt; line-height: 23px;\">You agree to indemnify, protect and hold harmless to <b>eMakity Inc</b>, subsidiaries, affiliates, partners, officers, directors, agents, contractors, license, service providers, subcontractors, suppliers, interns and employees, harmless from any claim or demand, including reasonable attorneys fees, made by any third party due to or arising out of your breach of these Terms and conditions or the documents they incorporate by reference or your infringement of any law or the rights of a third-party.<o:p></o:p></span></p><p class=\"MsoNormal\" style=\"margin: 12pt 0in 15pt; line-height: 22px; font-size: 11pt; font-family: Arial, sans-serif; background-image: initial; background-position: initial; background-size: initial; background-repeat: initial; background-attachment: initial; background-origin: initial; background-clip: initial;\"><b><span lang=\"EN\" style=\"font-size: 11.5pt; line-height: 23px;\">SEVERABILITY<o:p></o:p></span></b></p><p class=\"MsoNormal\" style=\"margin: 12pt 0in 15pt; line-height: 22px; font-size: 11pt; font-family: Arial, sans-serif; background-image: initial; background-position: initial; background-size: initial; background-repeat: initial; background-attachment: initial; background-origin: initial; background-clip: initial;\"><span lang=\"EN\" style=\"font-size: 11.5pt; line-height: 23px;\">In the event that any provision of these Terms and conditions is discovered to be unlawful, null or unenforceable, such provision shall notwithstanding be enforceable to the fullest extent permitted by applicable law, and the unenforceable portion shall be viewed to be cut off from these Terms of Use, such determination shall not affect the credibility and enforceability of any other remaining provisions.<o:p></o:p></span></p><p class=\"MsoNormal\" style=\"margin: 12pt 0in 15pt; line-height: 22px; font-size: 11pt; font-family: Arial, sans-serif; background-image: initial; background-position: initial; background-size: initial; background-repeat: initial; background-attachment: initial; background-origin: initial; background-clip: initial;\"><b><span lang=\"EN\" style=\"font-size: 11.5pt; line-height: 23px;\">TERMINATION<o:p></o:p></span></b></p><p class=\"MsoNormal\" style=\"margin: 12pt 0in 15pt; line-height: 22px; font-size: 11pt; font-family: Arial, sans-serif; background-image: initial; background-position: initial; background-size: initial; background-repeat: initial; background-attachment: initial; background-origin: initial; background-clip: initial;\"><span lang=\"EN\" style=\"font-size: 11.5pt; line-height: 23px;\">The obligations and liabilities of the parties obtained prior to the termination date shall survive the termination of this agreement for all purposes.<o:p></o:p></span></p><p class=\"MsoNormal\" style=\"margin: 12pt 0in 15pt; line-height: 22px; font-size: 11pt; font-family: Arial, sans-serif; background-image: initial; background-position: initial; background-size: initial; background-repeat: initial; background-attachment: initial; background-origin: initial; background-clip: initial;\"><span lang=\"EN\" style=\"font-size: 11.5pt; line-height: 23px;\">These Terms and conditions are effective except and until terminated by either you or us. You may terminate these Terms of Service at any time by informing us that you no longer wish to use our Services, or when you cease using our site.<o:p></o:p></span></p><p class=\"MsoNormal\" style=\"margin: 12pt 0in 15pt; line-height: 22px; font-size: 11pt; font-family: Arial, sans-serif; background-image: initial; background-position: initial; background-size: initial; background-repeat: initial; background-attachment: initial; background-origin: initial; background-clip: initial;\"><span lang=\"EN\" style=\"font-size: 11.5pt; line-height: 23px;\">If in our sole judgment you fail, or we suspect that you have failed, to abide by any term or provision of these Terms of Use, we also may terminate this agreement at any time without notice and you will remain liable for all amounts due up to and including the date of termination; or accordingly may withhold you of access to our Services (or any part thereof).<o:p></o:p></span></p><p class=\"MsoNormal\" style=\"margin: 12pt 0in 15pt; line-height: 22px; font-size: 11pt; font-family: Arial, sans-serif; background-image: initial; background-position: initial; background-size: initial; background-repeat: initial; background-attachment: initial; background-origin: initial; background-clip: initial;\"><b><span lang=\"EN\" style=\"font-size: 11.5pt; line-height: 23px;\">ENTIRE AGREEMENT<o:p></o:p></span></b></p><p class=\"MsoNormal\" style=\"margin: 12pt 0in 15pt; line-height: 22px; font-size: 11pt; font-family: Arial, sans-serif; background-image: initial; background-position: initial; background-size: initial; background-repeat: initial; background-attachment: initial; background-origin: initial; background-clip: initial;\"><span lang=\"EN\" style=\"font-size: 11.5pt; line-height: 23px;\">Our inability to exercise or enforce any right or provision of these Terms of Service shall not constitute a discharge of such right or provision.<o:p></o:p></span></p><p class=\"MsoNormal\" style=\"margin: 12pt 0in 15pt; line-height: 22px; font-size: 11pt; font-family: Arial, sans-serif; background-image: initial; background-position: initial; background-size: initial; background-repeat: initial; background-attachment: initial; background-origin: initial; background-clip: initial;\"><span lang=\"EN\" style=\"font-size: 11.5pt; line-height: 23px;\">These Terms of Use and any policies or operating rules posted by us on this website or in respect to the Service constitutes the entire agreement and understanding between you and us and govern your use of the Service, pre-empt any prior or synchronous agreements, communications and proposals, whether oral or written, between you and us.<o:p></o:p></span></p><p class=\"MsoNormal\" style=\"margin: 12pt 0in 15pt; line-height: 22px; font-size: 11pt; font-family: Arial, sans-serif; background-image: initial; background-position: initial; background-size: initial; background-repeat: initial; background-attachment: initial; background-origin: initial; background-clip: initial;\"><span lang=\"EN\" style=\"font-size: 11.5pt; line-height: 23px;\">Any ambiguities in the interpretation of these Terms of Use shall not be construed against the drafting party.<o:p></o:p></span></p><p class=\"MsoNormal\" style=\"margin: 12pt 0in 15pt; line-height: 22px; font-size: 11pt; font-family: Arial, sans-serif; background-image: initial; background-position: initial; background-size: initial; background-repeat: initial; background-attachment: initial; background-origin: initial; background-clip: initial;\"><b><span lang=\"EN\" style=\"font-size: 11.5pt; line-height: 23px;\">CONTACT INFORMATION<o:p></o:p></span></b></p><p class=\"MsoNormal\" style=\"margin: 12pt 0in 15pt; line-height: 22px; font-size: 11pt; font-family: Arial, sans-serif; background-image: initial; background-position: initial; background-size: initial; background-repeat: initial; background-attachment: initial; background-origin: initial; background-clip: initial;\"><span lang=\"EN\" style=\"font-size: 11.5pt; line-height: 23px;\">If you would like to: access, correct, register a complaint, or simply want more information please contact us directly Via:<o:p></o:p></span></p><p class=\"MsoNormal\" style=\"margin: 12pt 0in 15pt; line-height: 22px; font-size: 11pt; font-family: Arial, sans-serif; background-image: initial; background-position: initial; background-size: initial; background-repeat: initial; background-attachment: initial; background-origin: initial; background-clip: initial;\"><span lang=\"EN\" style=\"font-size: 11.5pt; line-height: 23px;\">Email: help</span><span lang=\"EN\" style=\"font-size: 10.5pt; line-height: 21px;\">@alakba.com</span><b><span lang=\"EN\" style=\"font-size: 20pt; line-height: 40px;\"><o:p></o:p></span></b></p><p class=\"MsoNormal\" style=\"margin: 0in 0in 0.0001pt; line-height: 16.8667px; font-size: 11pt; font-family: Arial, sans-serif;\"><span lang=\"EN\">&nbsp;</span></p>','2020-10-01 19:25:58',1,'copyright_area',NULL,'2020-10-01 19:25:58','2020-10-03 14:49:48'),(5,1,'Terms and condition for merchant','terms-of-use-merchant','<p class=\"MsoNormal\" style=\"margin: 12pt 0in 15pt; line-height: 22px; font-size: 11pt; font-family: Arial, sans-serif; background-image: initial; background-position: initial; background-size: initial; background-repeat: initial; background-attachment: initial; background-origin: initial; background-clip: initial;\"><b><span lang=\"EN\" style=\"font-size: 16pt; line-height: 32px;\">TERMS OF CONDITIONS<o:p></o:p></span></b></p><p class=\"MsoNormal\" style=\"margin: 12pt 0in 15pt; line-height: 22px; font-size: 11pt; font-family: Arial, sans-serif; background-image: initial; background-position: initial; background-size: initial; background-repeat: initial; background-attachment: initial; background-origin: initial; background-clip: initial;\"><span lang=\"EN\" style=\"font-size: 11.5pt; line-height: 23px;\">Please read these terms and conditions carefully before using https://alakba.com. This website is operated and managed by <b>eMakity Inc</b> in the whole extent of this website, every point the terms we, us or our is used, it refers to <b>eMakity Inc.<o:p></o:p></b></span></p><p class=\"MsoNormal\" style=\"margin: 12pt 0in 15pt; line-height: 22px; font-size: 11pt; font-family: Arial, sans-serif; background-image: initial; background-position: initial; background-size: initial; background-repeat: initial; background-attachment: initial; background-origin: initial; background-clip: initial;\"><span lang=\"EN\" style=\"font-size: 11.5pt; line-height: 23px;\">By purchasing goods from us, you involve in our Service and agree to be bound by the following terms and conditions stated, including the policies referenced herein and/or available by hyperlink. These Terms and Conditions are applicable to all users of the site, including without limitation every user who is browsers, customers and merchants. If you disagree with all or any of the terms of use in this agreement, then you may consider not to access the website or use any of the services.<o:p></o:p></span></p><p class=\"MsoNormal\" style=\"margin: 12pt 0in 15pt; line-height: 22px; font-size: 11pt; font-family: Arial, sans-serif; background-image: initial; background-position: initial; background-size: initial; background-repeat: initial; background-attachment: initial; background-origin: initial; background-clip: initial;\"><b><span lang=\"EN\" style=\"font-size: 11.5pt; line-height: 23px;\">CHANGES TO TERMS<o:p></o:p></span></b></p><p class=\"MsoNormal\" style=\"margin: 12pt 0in 15pt; line-height: 22px; font-size: 11pt; font-family: Arial, sans-serif; background-image: initial; background-position: initial; background-size: initial; background-repeat: initial; background-attachment: initial; background-origin: initial; background-clip: initial;\"><span lang=\"EN\" style=\"font-size: 11.5pt; line-height: 23px;\">We are committed to ensuring that our online store is as useful and efficient as possible. For that reason, we reserve the right to make changes to the services, at any time. We will never charge you for any service without making it very clear to you precisely what you\'re paying for.<o:p></o:p></span></p><p class=\"MsoNormal\" style=\"margin: 12pt 0in 15pt; line-height: 22px; font-size: 11pt; font-family: Arial, sans-serif; background-image: initial; background-position: initial; background-size: initial; background-repeat: initial; background-attachment: initial; background-origin: initial; background-clip: initial;\"><span lang=\"EN\" style=\"font-size: 11.5pt; line-height: 23px;\">Any new features or product(s) which are added to the current store shall also be subject to this Terms and condition. You can always review the most current version of the Terms and conditions at any time on this page. We reserve the right to update, change or retrieve any part of these Terms and conditions by posting updates and/or changes to our website. It is your responsibility to check this page periodically for changes. Your continued use of or access to the website following the posting of any changes constitutes acceptance of those changes.<o:p></o:p></span></p><p class=\"MsoNormal\" style=\"margin: 12pt 0in 15pt; line-height: 22px; font-size: 11pt; font-family: Arial, sans-serif; background-image: initial; background-position: initial; background-size: initial; background-repeat: initial; background-attachment: initial; background-origin: initial; background-clip: initial;\"><b><span lang=\"EN\" style=\"font-size: 11.5pt; line-height: 23px;\">PLACING AN ORDER<o:p></o:p></span></b></p><p class=\"MsoNormal\" style=\"margin: 12pt 0in 15pt; line-height: 22px; font-size: 11pt; font-family: Arial, sans-serif; background-image: initial; background-position: initial; background-size: initial; background-repeat: initial; background-attachment: initial; background-origin: initial; background-clip: initial;\"><span lang=\"EN\" style=\"font-size: 11.5pt; line-height: 23px;\">When you place an order through the Website, we will send an email to confirm that we have received the order. All orders are subject to these terms and conditions. Orders placed through the Website represent an offer to purchase a product. It is accepted for each product when we send you an email to confirm that the order has been received. We reserve the right to reject any order for any reason.<o:p></o:p></span></p><p class=\"MsoNormal\" style=\"margin: 12pt 0in 15pt; line-height: 22px; font-size: 11pt; font-family: Arial, sans-serif; background-image: initial; background-position: initial; background-size: initial; background-repeat: initial; background-attachment: initial; background-origin: initial; background-clip: initial;\"><span lang=\"EN\" style=\"font-size: 11.5pt; line-height: 23px;\">It is important that you enter the correct e-mail address when placing your order. We also recommend that you save your order confirmation email to facilitate any contact with customer service or for future references. The order confirmation (receipt) also serves as a guarantee of proof of purchase.<o:p></o:p></span></p><p class=\"MsoNormal\" style=\"margin: 12pt 0in 15pt; line-height: 22px; font-size: 11pt; font-family: Arial, sans-serif; background-image: initial; background-position: initial; background-size: initial; background-repeat: initial; background-attachment: initial; background-origin: initial; background-clip: initial;\"><b><span lang=\"EN\" style=\"font-size: 11.5pt; line-height: 23px;\">PRICES, TAXES, AND PAYMENT TERMS<o:p></o:p></span></b></p><p class=\"MsoNormal\" style=\"margin: 12pt 0in 15pt; line-height: 22px; font-size: 11pt; font-family: Arial, sans-serif; background-image: initial; background-position: initial; background-size: initial; background-repeat: initial; background-attachment: initial; background-origin: initial; background-clip: initial;\"><span lang=\"EN\" style=\"font-size: 11.5pt; line-height: 23px;\">Prices and payment details of products are specified on the website. Payment can be made by credit card, Debit card, and/or as further described in the store. Prices are shown exclusive of VAT, import duties and other government-imposed taxes, duties, and levies. You will be responsible for the payment of such import duties and taxes. It should be noted that eMakity Inc has no control over these charges.<o:p></o:p></span></p><p class=\"MsoNormal\" style=\"margin: 12pt 0in 15pt; line-height: 22px; font-size: 11pt; font-family: Arial, sans-serif; background-image: initial; background-position: initial; background-size: initial; background-repeat: initial; background-attachment: initial; background-origin: initial; background-clip: initial;\"><span lang=\"EN\" style=\"font-size: 11.5pt; line-height: 23px;\">The User guarantees that the information submitted when using the Service, including without limitation, its payment details, shall be complete, correct, truthful and up to date.<o:p></o:p></span></p><p class=\"MsoNormal\" style=\"margin: 12pt 0in 15pt; line-height: 22px; font-size: 11pt; font-family: Arial, sans-serif; background-image: initial; background-position: initial; background-size: initial; background-repeat: initial; background-attachment: initial; background-origin: initial; background-clip: initial;\"><span lang=\"EN\" style=\"font-size: 11.5pt; line-height: 23px;\">The User must inform <b>eMakity Inc</b> immediately about any inaccuracies in the offer provided, including the price. Our banking services and payment gateways manage all of our banking transactions. We dont store any credit card numbers. Your payment is handled by the payment gateways with secure encryption and under strict banking standards. Your card details are sent directly to them and cannot be read or accessed by anyone.<o:p></o:p></span></p><p class=\"MsoNormal\" style=\"margin: 12pt 0in 15pt; line-height: 22px; font-size: 11pt; font-family: Arial, sans-serif; background-image: initial; background-position: initial; background-size: initial; background-repeat: initial; background-attachment: initial; background-origin: initial; background-clip: initial;\"><span lang=\"EN\" style=\"font-size: 11.5pt; line-height: 23px;\">During the period of validity indicated in the offer for the product, the prices of the product will not be increased, except for price changes in VAT-tariffs. After such a period, we are entitled to adjust the price for any product(s). In such cases, <b>eMakity Inc</b> shall notify the User in advance. Such notice may be provided at any time by posting the changes to the Website or via the product itself.<o:p></o:p></span></p><p class=\"MsoNormal\" style=\"margin: 12pt 0in 15pt; line-height: 22px; font-size: 11pt; font-family: Arial, sans-serif; background-image: initial; background-position: initial; background-size: initial; background-repeat: initial; background-attachment: initial; background-origin: initial; background-clip: initial;\"><b><span lang=\"EN\" style=\"font-size: 11.5pt; line-height: 23px;\">OUR RIGHTS TO CANCEL/REJECT ORDERS<o:p></o:p></span></b></p><p class=\"MsoNormal\" style=\"margin: 12pt 0in 15pt; line-height: 22px; font-size: 11pt; font-family: Arial, sans-serif; background-image: initial; background-position: initial; background-size: initial; background-repeat: initial; background-attachment: initial; background-origin: initial; background-clip: initial;\"><span lang=\"EN\" style=\"font-size: 11.5pt; line-height: 23px;\">We reserve the right to decline any order you place with us. We may, in our exclusive discretion, limit or cancel quantities purchased per person, per household or per order. These restrictions may include orders placed by or under the same customer account, the same credit card, or orders that use the same billing and/or shipping address. If we make a change to or cancel an order, we may attempt to notify you by contacting the email and billing address/phone number provided at the time the order was made. We reserve the right to limit or prohibit orders that, in our sole judgment, appear to be placed by dealers, resellers or distributors. You agree to provide current, complete and accurate purchase and account information for all purchases made at our store.<o:p></o:p></span></p><p class=\"MsoNormal\" style=\"margin: 12pt 0in 15pt; line-height: 22px; font-size: 11pt; font-family: Arial, sans-serif; background-image: initial; background-position: initial; background-size: initial; background-repeat: initial; background-attachment: initial; background-origin: initial; background-clip: initial;\"><b><span lang=\"EN\" style=\"font-size: 11.5pt; line-height: 23px;\">PRODUCT AVAILABILITY, ERRORS, INACCURACIES AND OMISSIONS</span></b><span lang=\"EN\" style=\"font-size: 11.5pt; line-height: 23px;\"><o:p></o:p></span></p><p class=\"MsoNormal\" style=\"margin: 12pt 0in 15pt; line-height: 22px; font-size: 11pt; font-family: Arial, sans-serif; background-image: initial; background-position: initial; background-size: initial; background-repeat: initial; background-attachment: initial; background-origin: initial; background-clip: initial;\"><span lang=\"EN\" style=\"font-size: 11.5pt; line-height: 23px;\">Products on our online store through https://alakba.com are subject to change without notice. Errors will be corrected when discovered. Our Site contains a large number of products and it is always possible that, despite our best efforts, some of the products listed on our Site may be incorrectly priced, the quantity or availability of a product may have changed just prior to you placing your order or other errors may be displayed on the product page. We will normally verify prices, availability and confirm there are no errors on the product page as part of our dispatch procedures.<o:p></o:p></span></p><p class=\"MsoNormal\" style=\"margin: 12pt 0in 15pt; line-height: 22px; font-size: 11pt; font-family: Arial, sans-serif; background-image: initial; background-position: initial; background-size: initial; background-repeat: initial; background-attachment: initial; background-origin: initial; background-clip: initial;\"><span lang=\"EN\" style=\"font-size: 11.5pt; line-height: 23px;\">Where a product\'s correct price is less than our stated price, we will charge the lower amount when dispatching the product to you. If a product\'s correct price is higher than the price stated on our Site, we will normally, at our discretion, either contact you for instructions before dispatching the Product, or reject your order and notify you of such rejection. We are under no obligation to provide the product to you at the incorrect (lower) price, even after we have sent you an Order Confirmation.<o:p></o:p></span></p><p class=\"MsoNormal\" style=\"margin: 12pt 0in 15pt; line-height: 22px; font-size: 11pt; font-family: Arial, sans-serif; background-image: initial; background-position: initial; background-size: initial; background-repeat: initial; background-attachment: initial; background-origin: initial; background-clip: initial;\"><span lang=\"EN\" style=\"font-size: 11.5pt; line-height: 23px;\">Also, there may be information on our site or in the Service that contains typographical errors, inaccuracies or omissions that may relate to product descriptions, promotions, offers, product shipping charges, transit times and availability. We reserve the right to correct any errors, inaccuracies or omissions on a product page. We reserve the right to rescind our acceptance and cancel your order without penalty in the event there is an obvious and unmistakable error on the product page, in our reasonable discretion.<o:p></o:p></span></p><p class=\"MsoNormal\" style=\"margin: 12pt 0in 15pt; line-height: 22px; font-size: 11pt; font-family: Arial, sans-serif; background-image: initial; background-position: initial; background-size: initial; background-repeat: initial; background-attachment: initial; background-origin: initial; background-clip: initial;\"><b><span lang=\"EN\" style=\"font-size: 11.5pt; line-height: 23px;\">VENDOR TERMS<o:p></o:p></span></b></p><p class=\"MsoNormal\" style=\"margin: 12pt 0in 15pt; line-height: 22px; font-size: 11pt; font-family: Arial, sans-serif; background-image: initial; background-position: initial; background-size: initial; background-repeat: initial; background-attachment: initial; background-origin: initial; background-clip: initial;\"><b><span lang=\"EN\" style=\"font-size: 11.5pt; line-height: 23px;\">Fees and Billing<o:p></o:p></span></b></p><p class=\"MsoNormal\" style=\"margin: 12pt 0in 15pt; line-height: 22px; font-size: 11pt; font-family: Arial, sans-serif; background-image: initial; background-position: initial; background-size: initial; background-repeat: initial; background-attachment: initial; background-origin: initial; background-clip: initial;\"><span lang=\"EN\" style=\"font-size: 11.5pt; line-height: 23px;\">Joining and listing of products on Alakba is free. Alakba charges a fee and a percentage of the sale price when the item sells. When you list an item, you have an opportunity to review and accept the fees that you will be charged. Alakbas Fees Policy, which is subject to change, is incorporated into this Agreement by reference. Changes to the Fees Policy and the fees for Alakba s services are effective after Alakba provides you with at least fourteen (14) days notice by posting the changes on the Site. However, Alakba may choose to temporarily change the Fees Policy and the fees for Alakba s services for promotional events. Such changes are effective when Alakba posts the temporary promotional event on the Site. Alakba may, at Alakba s sole discretion, change some or all of Alakba s services at any time. In the event Alakba introduces a new service, the fees for that service are effective at the launch of the service.<o:p></o:p></span></p><p class=\"MsoNormal\" style=\"margin: 12pt 0in 15pt; line-height: 22px; font-size: 11pt; font-family: Arial, sans-serif; background-image: initial; background-position: initial; background-size: initial; background-repeat: initial; background-attachment: initial; background-origin: initial; background-clip: initial;\"><b><span lang=\"EN\" style=\"font-size: 11.5pt; line-height: 23px;\">Fees and termination<o:p></o:p></span></b></p><p class=\"MsoNormal\" style=\"margin: 12pt 0in 15pt; line-height: 22px; font-size: 11pt; font-family: Arial, sans-serif; background-image: initial; background-position: initial; background-size: initial; background-repeat: initial; background-attachment: initial; background-origin: initial; background-clip: initial;\"><span lang=\"EN\" style=\"font-size: 11.5pt; line-height: 23px;\">If Alakba terminates a listing or your account, if you close your account, or if the payment of your Alakba fees cannot be completed for any reason, you remain obligated to pay Alakba for all unpaid fees plus any penalties, if applicable. If the sellers account is not paid in full and becomes past due, the seller risks penalties such as the suspension of privileges and/or termination of the account and other collection mechanisms (including retaining collection agencies and legal counsel). If you have a question or wish to dispute a charge, contact Alakba.<o:p></o:p></span></p><p class=\"MsoNormal\" style=\"margin: 12pt 0in 15pt; line-height: 22px; font-size: 11pt; font-family: Arial, sans-serif; background-image: initial; background-position: initial; background-size: initial; background-repeat: initial; background-attachment: initial; background-origin: initial; background-clip: initial;\"><b><span lang=\"EN\" style=\"font-size: 11.5pt; line-height: 23px;\">Listing and selling<o:p></o:p></span></b></p><p class=\"MsoNormal\" style=\"margin: 12pt 0in 15pt; line-height: 22px; font-size: 11pt; font-family: Arial, sans-serif; background-image: initial; background-position: initial; background-size: initial; background-repeat: initial; background-attachment: initial; background-origin: initial; background-clip: initial;\"><span lang=\"EN\" style=\"font-size: 11.5pt; line-height: 23px;\">By listing an item on the website, you warrant that you and all aspects of the item comply with Alakbas published policies. You also warrant that you may legally sell the item. You must accurately describe your item and all terms of sale in your Alakba profile. Your listings may only include text descriptions, graphics, pictures and other content relevant to the sale of that item. All items must be listed in an appropriate category with appropriate tags. Each listing must accurately and completely describe the item/items for sale in that listing. If the in stock quantity is more than one, all items in that listing must be identical. Each unique item must have its own listing.<o:p></o:p></span></p><p class=\"MsoNormal\" style=\"margin: 12pt 0in 15pt; line-height: 22px; font-size: 11pt; font-family: Arial, sans-serif; background-image: initial; background-position: initial; background-size: initial; background-repeat: initial; background-attachment: initial; background-origin: initial; background-clip: initial;\"><b><span lang=\"EN\" style=\"font-size: 11.5pt; line-height: 23px;\">Restricted activities:&nbsp;<o:p></o:p></span></b></p><p class=\"MsoNormal\" style=\"margin: 12pt 0in 15pt; line-height: 22px; font-size: 11pt; font-family: Arial, sans-serif; background-image: initial; background-position: initial; background-size: initial; background-repeat: initial; background-attachment: initial; background-origin: initial; background-clip: initial;\"><span lang=\"EN\" style=\"font-size: 11.5pt; line-height: 23px;\">Your Content and your use of ALAKBA shall not:<o:p></o:p></span></p><p class=\"MsoListParagraphCxSpFirst\" style=\"margin: 12pt 0in 15pt 0.5in; line-height: 22px; font-size: 11pt; font-family: Arial, sans-serif; text-indent: -0.25in; background-image: initial; background-position: initial; background-size: initial; background-repeat: initial; background-attachment: initial; background-origin: initial; background-clip: initial;\"><span lang=\"EN\" style=\"font-size: 11.5pt; line-height: 23px;\">1.<span style=\"font-variant-numeric: normal; font-variant-east-asian: normal; font-stretch: normal; font-size: 7pt; line-height: normal; font-family: &quot;Times New Roman&quot;;\">&nbsp;&nbsp;&nbsp; </span></span><span lang=\"EN\" style=\"font-size: 11.5pt; line-height: 23px;\">Be false, inaccurate or misleading<o:p></o:p></span></p><p class=\"MsoListParagraphCxSpMiddle\" style=\"margin: 12pt 0in 15pt 0.5in; line-height: 22px; font-size: 11pt; font-family: Arial, sans-serif; text-indent: -0.25in; background-image: initial; background-position: initial; background-size: initial; background-repeat: initial; background-attachment: initial; background-origin: initial; background-clip: initial;\"><span lang=\"EN\" style=\"font-size: 11.5pt; line-height: 23px;\">2.<span style=\"font-variant-numeric: normal; font-variant-east-asian: normal; font-stretch: normal; font-size: 7pt; line-height: normal; font-family: &quot;Times New Roman&quot;;\">&nbsp;&nbsp;&nbsp; </span></span><span lang=\"EN\" style=\"font-size: 11.5pt; line-height: 23px;\">Be fraudulent or involve the sale of illegal, counterfeit or stolen items<o:p></o:p></span></p><p class=\"MsoListParagraphCxSpMiddle\" style=\"margin: 12pt 0in 15pt 0.5in; line-height: 22px; font-size: 11pt; font-family: Arial, sans-serif; text-indent: -0.25in; background-image: initial; background-position: initial; background-size: initial; background-repeat: initial; background-attachment: initial; background-origin: initial; background-clip: initial;\"><span lang=\"EN\" style=\"font-size: 11.5pt; line-height: 23px;\">3.<span style=\"font-variant-numeric: normal; font-variant-east-asian: normal; font-stretch: normal; font-size: 7pt; line-height: normal; font-family: &quot;Times New Roman&quot;;\">&nbsp;&nbsp;&nbsp; </span></span><span lang=\"EN\" style=\"font-size: 11.5pt; line-height: 23px;\">Infringe upon any third-partys copyright, patent, trademark, trade secret or other proprietary or intellectual property rights or rights of publicity or privacy<o:p></o:p></span></p><p class=\"MsoListParagraphCxSpLast\" style=\"margin: 12pt 0in 15pt 0.5in; line-height: 22px; font-size: 11pt; font-family: Arial, sans-serif; text-indent: -0.25in; background-image: initial; background-position: initial; background-size: initial; background-repeat: initial; background-attachment: initial; background-origin: initial; background-clip: initial;\"><span lang=\"EN\" style=\"font-size: 11.5pt; line-height: 23px;\">4.<span style=\"font-variant-numeric: normal; font-variant-east-asian: normal; font-stretch: normal; font-size: 7pt; line-height: normal; font-family: &quot;Times New Roman&quot;;\">&nbsp;&nbsp;&nbsp; </span></span><span lang=\"EN\" style=\"font-size: 11.5pt; line-height: 23px;\">Violate this Agreement, any site policy, or any applicable law, ordinance or regulation (including, but not limited to, those governing export control, consumer protection, unfair competition, anti-discrimination or false advertising)<o:p></o:p></span></p><p class=\"MsoNormal\" style=\"margin: 12pt 0in 15pt; line-height: 22px; font-size: 11pt; font-family: Arial, sans-serif; background-image: initial; background-position: initial; background-size: initial; background-repeat: initial; background-attachment: initial; background-origin: initial; background-clip: initial;\"><span lang=\"EN\" style=\"font-size: 11.5pt; line-height: 23px;\">Furthermore, you may not list any item on ALAKBA (or consummate any transaction that was initiated using ALAKBAs service) that, by paying to ALAKBA the listing fee or the final value fee, could cause ALAKBA to violate any applicable law, statute, ordinance or regulation, or that violates the Terms of Use.<o:p></o:p></span></p><p class=\"MsoNormal\" style=\"margin: 12pt 0in 15pt; line-height: 22px; font-size: 11pt; font-family: Arial, sans-serif; background-image: initial; background-position: initial; background-size: initial; background-repeat: initial; background-attachment: initial; background-origin: initial; background-clip: initial;\"><b><span lang=\"EN\" style=\"font-size: 11.5pt; line-height: 23px;\">PRICING POLICY<o:p></o:p></span></b></p><p class=\"MsoNormal\" style=\"margin: 12pt 0in 15pt; line-height: 22px; font-size: 11pt; font-family: Arial, sans-serif; background-image: initial; background-position: initial; background-size: initial; background-repeat: initial; background-attachment: initial; background-origin: initial; background-clip: initial;\"><span lang=\"EN\" style=\"font-size: 11.5pt; line-height: 23px;\">Please note that faith is the most important aspect of trade between buyers and sellers in a business place and one of the key aspects of faith is fair pricing. For healthy transaction flow at Alakba.com, we ask you to price your items responsibly and reasonably.<o:p></o:p></span></p><p class=\"MsoNormal\" style=\"margin: 12pt 0in 15pt; line-height: 22px; font-size: 11pt; font-family: Arial, sans-serif; background-image: initial; background-position: initial; background-size: initial; background-repeat: initial; background-attachment: initial; background-origin: initial; background-clip: initial;\"><span lang=\"EN\" style=\"font-size: 11.5pt; line-height: 23px;\">Please note that we are constantly monitoring prices for each merchant at various channels and do not allow you to price your items at higher prices at Alakba vs. other channels such as your own retail store, your own Website (if any) or any other 3rd party retail stores or Websites. You should price your items sold at Alakba to be same as the lowest rate you are selling at elsewhere or even lower but it should not be more. Violation of our pricing policy will result into warning notices and can also result into account suspension and/or store suspension.<o:p></o:p></span></p><p class=\"MsoNormal\" style=\"margin: 12pt 0in 15pt; line-height: 22px; font-size: 11pt; font-family: Arial, sans-serif; background-image: initial; background-position: initial; background-size: initial; background-repeat: initial; background-attachment: initial; background-origin: initial; background-clip: initial;\"><b><span lang=\"EN\" style=\"font-size: 11.5pt; line-height: 23px;\">BUYER PROTECTION<o:p></o:p></span></b></p><p class=\"MsoNormal\" style=\"margin: 12pt 0in 15pt; line-height: 22px; font-size: 11pt; font-family: Arial, sans-serif; background-image: initial; background-position: initial; background-size: initial; background-repeat: initial; background-attachment: initial; background-origin: initial; background-clip: initial;\"><span lang=\"EN\" style=\"font-size: 11.5pt; line-height: 23px;\">As an online market place, Alakba runs a very supportive Buyer security program so that buyer is totally protected dealing with Alakba.com. At Alakba, trust is the biggest thing for each dealing. To extend this trust to buyers, we offer Buyer security, which is based on four trust pillars i.e.<o:p></o:p></span></p><p class=\"MsoNormal\" style=\"margin: 12pt 0in 15pt; line-height: 22px; font-size: 11pt; font-family: Arial, sans-serif; background-image: initial; background-position: initial; background-size: initial; background-repeat: initial; background-attachment: initial; background-origin: initial; background-clip: initial;\"><b><span lang=\"EN\" style=\"font-size: 11.5pt; line-height: 23px;\">Payment Security</span></b><span lang=\"EN\" style=\"font-size: 11.5pt; line-height: 23px;\"> - Your payment is not released to merchant unless you have received your item<o:p></o:p></span></p><p class=\"MsoNormal\" style=\"margin: 12pt 0in 15pt; line-height: 22px; font-size: 11pt; font-family: Arial, sans-serif; background-image: initial; background-position: initial; background-size: initial; background-repeat: initial; background-attachment: initial; background-origin: initial; background-clip: initial;\"><b><span lang=\"EN\" style=\"font-size: 11.5pt; line-height: 23px;\">Product Guarantee</span></b><span lang=\"EN\" style=\"font-size: 11.5pt; line-height: 23px;\"> - All products sold at Alakba are new, 100% genuine and manufacturer warranty wherever applicable<o:p></o:p></span></p><p class=\"MsoNormal\" style=\"margin: 12pt 0in 15pt; line-height: 22px; font-size: 11pt; font-family: Arial, sans-serif; background-image: initial; background-position: initial; background-size: initial; background-repeat: initial; background-attachment: initial; background-origin: initial; background-clip: initial;\"><b><span lang=\"EN\" style=\"font-size: 11.5pt; line-height: 23px;\">Easy Replacement</span></b><span lang=\"EN\" style=\"font-size: 11.5pt; line-height: 23px;\"> - For wrong size, color, quantity, style, manufacturing, defects, damaged or significantly different from product listing<o:p></o:p></span></p><p class=\"MsoNormal\" style=\"margin: 12pt 0in 15pt; line-height: 22px; font-size: 11pt; font-family: Arial, sans-serif; background-image: initial; background-position: initial; background-size: initial; background-repeat: initial; background-attachment: initial; background-origin: initial; background-clip: initial;\"><b><span lang=\"EN\" style=\"font-size: 11.5pt; line-height: 23px;\">Reliable Merchants</span></b><span lang=\"EN\" style=\"font-size: 11.5pt; line-height: 23px;\"> - All the merchants go through a rigorous verification process before having their online store at Alakba.com<o:p></o:p></span></p><p class=\"MsoNormal\" style=\"margin: 12pt 0in 15pt; line-height: 22px; font-size: 11pt; font-family: Arial, sans-serif; background-image: initial; background-position: initial; background-size: initial; background-repeat: initial; background-attachment: initial; background-origin: initial; background-clip: initial;\"><span lang=\"EN\" style=\"font-size: 11.5pt; line-height: 23px;\">All the merchants selling at Alakba.com are very well observed and then they are allowed to business on our site. We see to it that all the products you buy from our website are genuine, authentic, products being sold by well reputed and tested merchants at the best prices possible. Of course, we also offer all the warranties, guarantees as entailed by the product, all this at a great price and with the best customer service in the industry.<o:p></o:p></span></p><p class=\"MsoNormal\" style=\"margin: 12pt 0in 15pt; line-height: 22px; font-size: 11pt; font-family: Arial, sans-serif; background-image: initial; background-position: initial; background-size: initial; background-repeat: initial; background-attachment: initial; background-origin: initial; background-clip: initial;\"><span lang=\"EN\" style=\"font-size: 11.5pt; line-height: 23px;\">At Alakba.com, we believe that customer satisfaction is key- therefore we stand behind all merchandise bought at our site. We will replace any order within 7 days of delivery, with free return shipping if you receive a product which is not as per the specifications ordered by you:<o:p></o:p></span></p><p class=\"MsoListParagraphCxSpFirst\" style=\"margin: 12pt 0in 15pt 0.5in; line-height: 22px; font-size: 11pt; font-family: Arial, sans-serif; text-indent: -0.25in; background-image: initial; background-position: initial; background-size: initial; background-repeat: initial; background-attachment: initial; background-origin: initial; background-clip: initial;\"><span lang=\"EN\" style=\"font-size: 11.5pt; line-height: 23px; font-family: Symbol;\"><span style=\"font-variant-numeric: normal; font-variant-east-asian: normal; font-stretch: normal; font-size: 7pt; line-height: normal; font-family: &quot;Times New Roman&quot;;\">&nbsp;&nbsp;&nbsp;&nbsp;&nbsp;&nbsp; </span></span><span lang=\"EN\" style=\"font-size: 11.5pt; line-height: 23px;\">Wrong colour<o:p></o:p></span></p><p class=\"MsoListParagraphCxSpMiddle\" style=\"margin: 12pt 0in 15pt 0.5in; line-height: 22px; font-size: 11pt; font-family: Arial, sans-serif; text-indent: -0.25in; background-image: initial; background-position: initial; background-size: initial; background-repeat: initial; background-attachment: initial; background-origin: initial; background-clip: initial;\"><span lang=\"EN\" style=\"font-size: 11.5pt; line-height: 23px; font-family: Symbol;\"><span style=\"font-variant-numeric: normal; font-variant-east-asian: normal; font-stretch: normal; font-size: 7pt; line-height: normal; font-family: &quot;Times New Roman&quot;;\">&nbsp;&nbsp;&nbsp;&nbsp;&nbsp;&nbsp; </span></span><span lang=\"EN\" style=\"font-size: 11.5pt; line-height: 23px;\">Wrong size<o:p></o:p></span></p><p class=\"MsoListParagraphCxSpMiddle\" style=\"margin: 12pt 0in 15pt 0.5in; line-height: 22px; font-size: 11pt; font-family: Arial, sans-serif; text-indent: -0.25in; background-image: initial; background-position: initial; background-size: initial; background-repeat: initial; background-attachment: initial; background-origin: initial; background-clip: initial;\"><span lang=\"EN\" style=\"font-size: 11.5pt; line-height: 23px; font-family: Symbol;\"><span style=\"font-variant-numeric: normal; font-variant-east-asian: normal; font-stretch: normal; font-size: 7pt; line-height: normal; font-family: &quot;Times New Roman&quot;;\">&nbsp;&nbsp;&nbsp;&nbsp;&nbsp;&nbsp; </span></span><span lang=\"EN\" style=\"font-size: 11.5pt; line-height: 23px;\">Wrong style<o:p></o:p></span></p><p class=\"MsoListParagraphCxSpMiddle\" style=\"margin: 12pt 0in 15pt 0.5in; line-height: 22px; font-size: 11pt; font-family: Arial, sans-serif; text-indent: -0.25in; background-image: initial; background-position: initial; background-size: initial; background-repeat: initial; background-attachment: initial; background-origin: initial; background-clip: initial;\"><span lang=\"EN\" style=\"font-size: 11.5pt; line-height: 23px; font-family: Symbol;\"><span style=\"font-variant-numeric: normal; font-variant-east-asian: normal; font-stretch: normal; font-size: 7pt; line-height: normal; font-family: &quot;Times New Roman&quot;;\">&nbsp;&nbsp;&nbsp;&nbsp;&nbsp;&nbsp; </span></span><span lang=\"EN\" style=\"font-size: 11.5pt; line-height: 23px;\">Wrong quantity<o:p></o:p></span></p><p class=\"MsoListParagraphCxSpMiddle\" style=\"margin: 12pt 0in 15pt 0.5in; line-height: 22px; font-size: 11pt; font-family: Arial, sans-serif; text-indent: -0.25in; background-image: initial; background-position: initial; background-size: initial; background-repeat: initial; background-attachment: initial; background-origin: initial; background-clip: initial;\"><span lang=\"EN\" style=\"font-size: 11.5pt; line-height: 23px; font-family: Symbol;\"><span style=\"font-variant-numeric: normal; font-variant-east-asian: normal; font-stretch: normal; font-size: 7pt; line-height: normal; font-family: &quot;Times New Roman&quot;;\">&nbsp;&nbsp;&nbsp;&nbsp;&nbsp;&nbsp; </span></span><span lang=\"EN\" style=\"font-size: 11.5pt; line-height: 23px;\">Missing parts/accessories<o:p></o:p></span></p><p class=\"MsoListParagraphCxSpMiddle\" style=\"margin: 12pt 0in 15pt 0.5in; line-height: 22px; font-size: 11pt; font-family: Arial, sans-serif; text-indent: -0.25in; background-image: initial; background-position: initial; background-size: initial; background-repeat: initial; background-attachment: initial; background-origin: initial; background-clip: initial;\"><span lang=\"EN\" style=\"font-size: 11.5pt; line-height: 23px; font-family: Symbol;\"><span style=\"font-variant-numeric: normal; font-variant-east-asian: normal; font-stretch: normal; font-size: 7pt; line-height: normal; font-family: &quot;Times New Roman&quot;;\">&nbsp;&nbsp;&nbsp;&nbsp;&nbsp;&nbsp; </span></span><span lang=\"EN\" style=\"font-size: 11.5pt; line-height: 23px;\">Defective<o:p></o:p></span></p><p class=\"MsoListParagraphCxSpMiddle\" style=\"margin: 12pt 0in 15pt 0.5in; line-height: 22px; font-size: 11pt; font-family: Arial, sans-serif; text-indent: -0.25in; background-image: initial; background-position: initial; background-size: initial; background-repeat: initial; background-attachment: initial; background-origin: initial; background-clip: initial;\"><span lang=\"EN\" style=\"font-size: 11.5pt; line-height: 23px; font-family: Symbol;\"><span style=\"font-variant-numeric: normal; font-variant-east-asian: normal; font-stretch: normal; font-size: 7pt; line-height: normal; font-family: &quot;Times New Roman&quot;;\">&nbsp;&nbsp;&nbsp;&nbsp;&nbsp;&nbsp; </span></span><span lang=\"EN\" style=\"font-size: 11.5pt; line-height: 23px;\">Dead on arrival<o:p></o:p></span></p><p class=\"MsoListParagraphCxSpMiddle\" style=\"margin: 12pt 0in 15pt 0.5in; line-height: 22px; font-size: 11pt; font-family: Arial, sans-serif; text-indent: -0.25in; background-image: initial; background-position: initial; background-size: initial; background-repeat: initial; background-attachment: initial; background-origin: initial; background-clip: initial;\"><span lang=\"EN\" style=\"font-size: 11.5pt; line-height: 23px; font-family: Symbol;\"><span style=\"font-variant-numeric: normal; font-variant-east-asian: normal; font-stretch: normal; font-size: 7pt; line-height: normal; font-family: &quot;Times New Roman&quot;;\">&nbsp;&nbsp;&nbsp;&nbsp;&nbsp;&nbsp; </span></span><span lang=\"EN\" style=\"font-size: 11.5pt; line-height: 23px;\">Damaged<o:p></o:p></span></p><p class=\"MsoListParagraphCxSpLast\" style=\"margin: 12pt 0in 15pt 0.5in; line-height: 22px; font-size: 11pt; font-family: Arial, sans-serif; text-indent: -0.25in; background-image: initial; background-position: initial; background-size: initial; background-repeat: initial; background-attachment: initial; background-origin: initial; background-clip: initial;\"><span lang=\"EN\" style=\"font-size: 11.5pt; line-height: 23px; font-family: Symbol;\"><span style=\"font-variant-numeric: normal; font-variant-east-asian: normal; font-stretch: normal; font-size: 7pt; line-height: normal; font-family: &quot;Times New Roman&quot;;\">&nbsp;&nbsp;&nbsp;&nbsp;&nbsp;&nbsp; </span></span><span lang=\"EN\" style=\"font-size: 11.5pt; line-height: 23px;\">Significantly different from the description given by the merchant<o:p></o:p></span></p><p class=\"MsoNormal\" style=\"margin: 12pt 0in 15pt; line-height: 22px; font-size: 11pt; font-family: Arial, sans-serif; background-image: initial; background-position: initial; background-size: initial; background-repeat: initial; background-attachment: initial; background-origin: initial; background-clip: initial;\"><span lang=\"EN\" style=\"font-size: 11.5pt; line-height: 23px;\">However, do make sure that the product has not been used/worn or altered/tampered with, as well as is accompanied by its original price tag and packing slip. Please contact our customer care team, so we can help facilitate your return.<o:p></o:p></span></p><p class=\"MsoNormal\" style=\"margin: 12pt 0in 15pt; line-height: 22px; font-size: 11pt; font-family: Arial, sans-serif; background-image: initial; background-position: initial; background-size: initial; background-repeat: initial; background-attachment: initial; background-origin: initial; background-clip: initial;\"><span lang=\"EN\" style=\"font-size: 11.5pt; line-height: 23px;\">In case of pre-shipment delays, Alakba also offers you choice to cancel an order prior to its shipment by contacting us at Customer care team. Our trust policies define who we are and we promise the best online shopping experience to our customers.<o:p></o:p></span></p><p class=\"MsoNormal\" style=\"margin: 12pt 0in 15pt; line-height: 22px; font-size: 11pt; font-family: Arial, sans-serif; background-image: initial; background-position: initial; background-size: initial; background-repeat: initial; background-attachment: initial; background-origin: initial; background-clip: initial;\"><b><span lang=\"EN\" style=\"font-size: 11.5pt; line-height: 23px;\">PROMO CODES AND OFFERS<o:p></o:p></span></b></p><p class=\"MsoNormal\" style=\"margin: 12pt 0in 15pt; line-height: 22px; font-size: 11pt; font-family: Arial, sans-serif; background-image: initial; background-position: initial; background-size: initial; background-repeat: initial; background-attachment: initial; background-origin: initial; background-clip: initial;\"><span lang=\"EN\" style=\"font-size: 11.5pt; line-height: 23px;\">Promo Codes and Offers are made at our sole discretion and are subject to time validity, a valid Promotional Code should be entered during the checkout process for a product to be valid. Attempting to add a promo code after purchase or after the expiration of the code will not be acknowledged.<o:p></o:p></span></p><p class=\"MsoNormal\" style=\"margin: 12pt 0in 15pt; line-height: 22px; font-size: 11pt; font-family: Arial, sans-serif; background-image: initial; background-position: initial; background-size: initial; background-repeat: initial; background-attachment: initial; background-origin: initial; background-clip: initial;\"><b><span lang=\"EN\" style=\"font-size: 11.5pt; line-height: 23px;\">AGE OF CONSENT<o:p></o:p></span></b></p><p class=\"MsoNormal\" style=\"margin: 12pt 0in 15pt; line-height: 22px; font-size: 11pt; font-family: Arial, sans-serif; background-image: initial; background-position: initial; background-size: initial; background-repeat: initial; background-attachment: initial; background-origin: initial; background-clip: initial;\"><span lang=\"EN\" style=\"font-size: 11.5pt; line-height: 23px;\">By agreeing to these Terms of Use, you represent that you are at least the age of majority in your state or province of residence, or that you are the age of majority in your state or province of residence. You may not use/access our products for any illegal or unauthorized purpose nor may you, in the use of the Service or online store, violate any laws in your jurisdiction (including but not limited to copyright laws). A breach or violation of any of the Terms will result in an immediate termination of your access to our products or services.<o:p></o:p></span></p><p class=\"MsoNormal\" style=\"margin: 12pt 0in 15pt; line-height: 22px; font-size: 11pt; font-family: Arial, sans-serif; background-image: initial; background-position: initial; background-size: initial; background-repeat: initial; background-attachment: initial; background-origin: initial; background-clip: initial;\"><b><span lang=\"EN\" style=\"font-size: 11.5pt; line-height: 23px;\">SERVICE TERMS<o:p></o:p></span></b></p><p class=\"MsoNormal\" style=\"margin: 12pt 0in 8pt 51pt; line-height: 22px; font-size: 11pt; font-family: Arial, sans-serif; text-indent: -0.25in; background-image: initial; background-position: initial; background-size: initial; background-repeat: initial; background-attachment: initial; background-origin: initial; background-clip: initial;\"><span lang=\"EN\" style=\"font-size: 11.5pt; line-height: 23px;\">1.</span><span lang=\"EN\" style=\"font-size: 7pt; line-height: 14px; font-family: &quot;Times New Roman&quot;, serif;\">&nbsp;&nbsp;&nbsp; </span><b><span lang=\"EN\" style=\"font-size: 11.5pt; line-height: 23px;\">eMakity Inc</span></b><span lang=\"EN\" style=\"font-size: 11.5pt; line-height: 23px;\"> at this moment grants the User a non-exclusive, non-transferable, limited right to access and use the Service, under the conditions of these Terms &amp; Conditions and for the duration of the Agreement.<o:p></o:p></span></p><p class=\"MsoNormal\" style=\"margin: 12pt 0in 0.0001pt 51pt; line-height: 22px; font-size: 11pt; font-family: Arial, sans-serif; text-indent: -0.25in; background-image: initial; background-position: initial; background-size: initial; background-repeat: initial; background-attachment: initial; background-origin: initial; background-clip: initial;\"><span lang=\"EN\" style=\"font-size: 11.5pt; line-height: 23px;\">2.</span><span lang=\"EN\" style=\"font-size: 7pt; line-height: 14px; font-family: &quot;Times New Roman&quot;, serif;\">&nbsp;&nbsp;&nbsp; </span><span lang=\"EN\" style=\"font-size: 11.5pt; line-height: 23px;\">The use of the Service is at the User\'s own expense and risk. The User is responsible for meeting the technical and functional requirements and using the electronic communication facilities that are necessary to be able to access and use the Service. The User will at all times bear the risk of loss, theft or damage to any of its data.<o:p></o:p></span></p><p class=\"MsoNormal\" style=\"margin: 12pt 0in 0.0001pt 51pt; line-height: 22px; font-size: 11pt; font-family: Arial, sans-serif; text-indent: -0.25in; background-image: initial; background-position: initial; background-size: initial; background-repeat: initial; background-attachment: initial; background-origin: initial; background-clip: initial;\"><span lang=\"EN\" style=\"font-size: 11.5pt; line-height: 23px;\">3.</span><span lang=\"EN\" style=\"font-size: 7pt; line-height: 14px; font-family: &quot;Times New Roman&quot;, serif;\">&nbsp;&nbsp;&nbsp; </span><b><span lang=\"EN\" style=\"font-size: 11.5pt; line-height: 23px;\">eMakity Inc</span></b><span lang=\"EN\" style=\"font-size: 11.5pt; line-height: 23px;\"> will have the right (but not the obligation), at its sole discretion, to review, edit, limit, refuse or remove Content, products or to limit or refuse the User access to the Service. More specifically in the event the use of the Service, according to us, violates these Terms of Use.<o:p></o:p></span></p><p class=\"MsoNormal\" style=\"margin: 12pt 0in 0.0001pt 51pt; line-height: 22px; font-size: 11pt; font-family: Arial, sans-serif; text-indent: -0.25in; background-image: initial; background-position: initial; background-size: initial; background-repeat: initial; background-attachment: initial; background-origin: initial; background-clip: initial;\"><span lang=\"EN\" style=\"font-size: 11.5pt; line-height: 23px;\">4.</span><span lang=\"EN\" style=\"font-size: 7pt; line-height: 14px; font-family: &quot;Times New Roman&quot;, serif;\">&nbsp;&nbsp;&nbsp; </span><span lang=\"EN\" style=\"font-size: 11.5pt; line-height: 23px;\">We may disclose the User\'s Personal Data or Content, or other data relating to the use of the Service, to third parties where it believes, in good faith, that it is necessary to comply with a court order, ongoing judicial proceeding, criminal or civil subpoena, or other legal process or request by law enforcement authorities, or to exercise its constitutional rights of defense against legal claims.<o:p></o:p></span></p><p class=\"MsoNormal\" style=\"margin: 12pt 0in 15pt; line-height: 22px; font-size: 11pt; font-family: Arial, sans-serif; background-image: initial; background-position: initial; background-size: initial; background-repeat: initial; background-attachment: initial; background-origin: initial; background-clip: initial;\"><span lang=\"EN\" style=\"font-size: 11.5pt; line-height: 23px;\">&nbsp;<o:p></o:p></span></p><p class=\"MsoNormal\" style=\"margin: 12pt 0in 15pt; line-height: 22px; font-size: 11pt; font-family: Arial, sans-serif; background-image: initial; background-position: initial; background-size: initial; background-repeat: initial; background-attachment: initial; background-origin: initial; background-clip: initial;\"><b><span lang=\"EN\" style=\"font-size: 11.5pt; line-height: 23px;\">THIRD-PARTY LINKS<o:p></o:p></span></b></p><p class=\"MsoNormal\" style=\"margin: 12pt 0in 15pt; line-height: 22px; font-size: 11pt; font-family: Arial, sans-serif; background-image: initial; background-position: initial; background-size: initial; background-repeat: initial; background-attachment: initial; background-origin: initial; background-clip: initial;\"><span lang=\"EN\" style=\"font-size: 11.5pt; line-height: 23px;\">Certain content and services available via our website may include materials from third-parties. Third-party links on this site may direct you to third-party websites or applications that are not affiliated with us. <b>eMakity Inc</b> is not responsible for examining or evaluating the content or accuracy of such website or application and we do not warrant and will not have any liability or responsibility for any third-party materials or websites, or for any other materials, products, or services of third-parties. We are not liable for any harm or damages related to the purchase or use of goods, services, resources, content, or any other transactions made in connection with any third-party websites.<o:p></o:p></span></p><p class=\"MsoNormal\" style=\"margin: 12pt 0in 15pt; line-height: 22px; font-size: 11pt; font-family: Arial, sans-serif; background-image: initial; background-position: initial; background-size: initial; background-repeat: initial; background-attachment: initial; background-origin: initial; background-clip: initial;\"><span lang=\"EN\" style=\"font-size: 11.5pt; line-height: 23px;\">Youre obliged to review carefully the third-party\'s policies and practices and make sure you understand them before you engage in any transaction. Complaints, claims, concerns, or questions regarding third-party products should be directed to the third-party.<o:p></o:p></span></p><p class=\"MsoNormal\" style=\"margin: 12pt 0in 15pt; line-height: 22px; font-size: 11pt; font-family: Arial, sans-serif; background-image: initial; background-position: initial; background-size: initial; background-repeat: initial; background-attachment: initial; background-origin: initial; background-clip: initial;\"><b><span lang=\"EN\" style=\"font-size: 11.5pt; line-height: 23px;\">PERSONAL INFORMATION<o:p></o:p></span></b></p><p class=\"MsoNormal\" style=\"margin: 12pt 0in 15pt; line-height: 22px; font-size: 11pt; font-family: Arial, sans-serif; background-image: initial; background-position: initial; background-size: initial; background-repeat: initial; background-attachment: initial; background-origin: initial; background-clip: initial;\"><span lang=\"EN\" style=\"font-size: 11.5pt; line-height: 23px;\">Your submission of personal information through the store is regulated by our Privacy Policy. You are to view our <u>Privacy Policy</u>.<o:p></o:p></span></p><p class=\"MsoNormal\" style=\"margin: 12pt 0in 15pt; line-height: 22px; font-size: 11pt; font-family: Arial, sans-serif; background-image: initial; background-position: initial; background-size: initial; background-repeat: initial; background-attachment: initial; background-origin: initial; background-clip: initial;\"><b><span lang=\"EN\" style=\"font-size: 11.5pt; line-height: 23px;\">USER CONTENT<o:p></o:p></span></b></p><p class=\"MsoNormal\" style=\"margin: 12pt 0in 15pt; line-height: 22px; font-size: 11pt; font-family: Arial, sans-serif; background-image: initial; background-position: initial; background-size: initial; background-repeat: initial; background-attachment: initial; background-origin: initial; background-clip: initial;\"><span lang=\"EN\" style=\"font-size: 11.5pt; line-height: 23px;\">Our website may contain user-generated content, for example, social media applications. we do not claim any ownership of such contents (images, photos, and videos, etc.) and take no legal responsibility for it. In case you suspect a violation of copyright or any other right, or otherwise is offended by such content, please contact our customer support.<o:p></o:p></span></p><p class=\"MsoNormal\" style=\"margin: 12pt 0in 15pt; line-height: 22px; font-size: 11pt; font-family: Arial, sans-serif; background-image: initial; background-position: initial; background-size: initial; background-repeat: initial; background-attachment: initial; background-origin: initial; background-clip: initial;\"><b><span lang=\"EN\" style=\"font-size: 11.5pt; line-height: 23px;\">DISCLAIMER OF WARRANTIES; LIMITATION OF LIABILITY<o:p></o:p></span></b></p><p class=\"MsoNormal\" style=\"margin: 12pt 0in 15pt; line-height: 22px; font-size: 11pt; font-family: Arial, sans-serif; background-image: initial; background-position: initial; background-size: initial; background-repeat: initial; background-attachment: initial; background-origin: initial; background-clip: initial;\"><span lang=\"EN\" style=\"font-size: 11.5pt; line-height: 23px;\">We, therefore, underwrite in no pledge or represent or warrant that your use of our service will be uninterrupted, timely, assured, secure or error-free. We do not warrant that the results that may be obtained from the use of the service will be accurate or reliable.<o:p></o:p></span></p><p class=\"MsoNormal\" style=\"margin: 12pt 0in 15pt; line-height: 22px; font-size: 11pt; font-family: Arial, sans-serif; background-image: initial; background-position: initial; background-size: initial; background-repeat: initial; background-attachment: initial; background-origin: initial; background-clip: initial;\"><span lang=\"EN\" style=\"font-size: 11.5pt; line-height: 23px;\">You agree that from time to time we may remove the service for indefinite periods of time or cancel the service at any time, without notice to you. You expressly agree that your use of, or inability to use, the service is at your volition and sole risk. The service and all products and services delivered to you through the service are (except as expressly stated by us) provided \'as is\' and \'as available\' for your use, without any representation, warranties or conditions of any kind, either express or implied, including all implied warranties or conditions of merchantability, merchantable quality, fitness for a particular purpose, durability, title, and non-infringement.<o:p></o:p></span></p><p class=\"MsoNormal\" style=\"margin: 12pt 0in 15pt; line-height: 22px; font-size: 11pt; font-family: Arial, sans-serif; background-image: initial; background-position: initial; background-size: initial; background-repeat: initial; background-attachment: initial; background-origin: initial; background-clip: initial;\"><span lang=\"EN\" style=\"font-size: 11.5pt; line-height: 23px;\">In no case shall eMakity Inc<b>, </b>our directors, officers, employees, affiliates, agents, contractors, interns, suppliers, manufacturers, service providers or licensors be responsible or liable for any injury, loss, claim, or any direct, indirect, incidental, punitive, special, or consequential damages of any kind, including, without limitation lost profits, lost revenue, lost savings, loss of data, replacement costs, or any similar damages, whether based in contract, tort (including negligence), strict liability or otherwise, arising from your use of any of the service or any products procured using the service, or for any other claim related in any way to your use of the service or any product, including, but not limited to, any errors or omissions in any content, or any loss or damage of any kind incurred as a result of the use of the service or any content (or product) posted, transmitted, or otherwise made available via the service, even if advised of their possibility.<o:p></o:p></span></p><p class=\"MsoNormal\" style=\"margin: 12pt 0in 15pt; line-height: 22px; font-size: 11pt; font-family: Arial, sans-serif; background-image: initial; background-position: initial; background-size: initial; background-repeat: initial; background-attachment: initial; background-origin: initial; background-clip: initial;\"><span lang=\"EN\" style=\"font-size: 11.5pt; line-height: 23px;\">Because some states or jurisdictions do not allow the exclusion or the limitation of liability for consequential or incidental damages, in such states or jurisdictions, our liability shall be limited to the maximum extent permitted by law.<o:p></o:p></span></p><p class=\"MsoNormal\" style=\"margin: 12pt 0in 15pt; line-height: 22px; font-size: 11pt; font-family: Arial, sans-serif; background-image: initial; background-position: initial; background-size: initial; background-repeat: initial; background-attachment: initial; background-origin: initial; background-clip: initial;\"><b><span lang=\"EN\" style=\"font-size: 11.5pt; line-height: 23px;\">INDEMNIFICATION<o:p></o:p></span></b></p><p class=\"MsoNormal\" style=\"margin: 12pt 0in 15pt; line-height: 22px; font-size: 11pt; font-family: Arial, sans-serif; background-image: initial; background-position: initial; background-size: initial; background-repeat: initial; background-attachment: initial; background-origin: initial; background-clip: initial;\"><span lang=\"EN\" style=\"font-size: 11.5pt; line-height: 23px;\">You agree to indemnify, protect and hold harmless to <b>eMakity Inc</b>, subsidiaries, affiliates, partners, officers, directors, agents, contractors, license, service providers, subcontractors, suppliers, interns and employees, harmless from any claim or demand, including reasonable attorneys fees, made by any third party due to or arising out of your breach of these Terms and conditions or the documents they incorporate by reference or your infringement of any law or the rights of a third-party.<o:p></o:p></span></p><p class=\"MsoNormal\" style=\"margin: 12pt 0in 15pt; line-height: 22px; font-size: 11pt; font-family: Arial, sans-serif; background-image: initial; background-position: initial; background-size: initial; background-repeat: initial; background-attachment: initial; background-origin: initial; background-clip: initial;\"><b><span lang=\"EN\" style=\"font-size: 11.5pt; line-height: 23px;\">SEVERABILITY<o:p></o:p></span></b></p><p class=\"MsoNormal\" style=\"margin: 12pt 0in 15pt; line-height: 22px; font-size: 11pt; font-family: Arial, sans-serif; background-image: initial; background-position: initial; background-size: initial; background-repeat: initial; background-attachment: initial; background-origin: initial; background-clip: initial;\"><span lang=\"EN\" style=\"font-size: 11.5pt; line-height: 23px;\">In the event that any provision of these Terms and conditions is discovered to be unlawful, null or unenforceable, such provision shall notwithstanding be enforceable to the fullest extent permitted by applicable law, and the unenforceable portion shall be viewed to be cut off from these Terms of Use, such determination shall not affect the credibility and enforceability of any other remaining provisions.<o:p></o:p></span></p><p class=\"MsoNormal\" style=\"margin: 12pt 0in 15pt; line-height: 22px; font-size: 11pt; font-family: Arial, sans-serif; background-image: initial; background-position: initial; background-size: initial; background-repeat: initial; background-attachment: initial; background-origin: initial; background-clip: initial;\"><b><span lang=\"EN\" style=\"font-size: 11.5pt; line-height: 23px;\">TERMINATION<o:p></o:p></span></b></p><p class=\"MsoNormal\" style=\"margin: 12pt 0in 15pt; line-height: 22px; font-size: 11pt; font-family: Arial, sans-serif; background-image: initial; background-position: initial; background-size: initial; background-repeat: initial; background-attachment: initial; background-origin: initial; background-clip: initial;\"><span lang=\"EN\" style=\"font-size: 11.5pt; line-height: 23px;\">The obligations and liabilities of the parties obtained prior to the termination date shall survive the termination of this agreement for all purposes.<o:p></o:p></span></p><p class=\"MsoNormal\" style=\"margin: 12pt 0in 15pt; line-height: 22px; font-size: 11pt; font-family: Arial, sans-serif; background-image: initial; background-position: initial; background-size: initial; background-repeat: initial; background-attachment: initial; background-origin: initial; background-clip: initial;\"><span lang=\"EN\" style=\"font-size: 11.5pt; line-height: 23px;\">These Terms and conditions are effective except and until terminated by either you or us. You may terminate these Terms of Service at any time by informing us that you no longer wish to use our Services, or when you cease using our site.<o:p></o:p></span></p><p class=\"MsoNormal\" style=\"margin: 12pt 0in 15pt; line-height: 22px; font-size: 11pt; font-family: Arial, sans-serif; background-image: initial; background-position: initial; background-size: initial; background-repeat: initial; background-attachment: initial; background-origin: initial; background-clip: initial;\"><span lang=\"EN\" style=\"font-size: 11.5pt; line-height: 23px;\">If in our sole judgment you fail, or we suspect that you have failed, to abide by any term or provision of these Terms of Use, we also may terminate this agreement at any time without notice and you will remain liable for all amounts due up to and including the date of termination; or accordingly may withhold you of access to our Services (or any part thereof).<o:p></o:p></span></p><p class=\"MsoNormal\" style=\"margin: 12pt 0in 15pt; line-height: 22px; font-size: 11pt; font-family: Arial, sans-serif; background-image: initial; background-position: initial; background-size: initial; background-repeat: initial; background-attachment: initial; background-origin: initial; background-clip: initial;\"><b><span lang=\"EN\" style=\"font-size: 11.5pt; line-height: 23px;\">ENTIRE AGREEMENT<o:p></o:p></span></b></p><p class=\"MsoNormal\" style=\"margin: 12pt 0in 15pt; line-height: 22px; font-size: 11pt; font-family: Arial, sans-serif; background-image: initial; background-position: initial; background-size: initial; background-repeat: initial; background-attachment: initial; background-origin: initial; background-clip: initial;\"><span lang=\"EN\" style=\"font-size: 11.5pt; line-height: 23px;\">Our inability to exercise or enforce any right or provision of these Terms of Service shall not constitute a discharge of such right or provision.<o:p></o:p></span></p><p class=\"MsoNormal\" style=\"margin: 12pt 0in 15pt; line-height: 22px; font-size: 11pt; font-family: Arial, sans-serif; background-image: initial; background-position: initial; background-size: initial; background-repeat: initial; background-attachment: initial; background-origin: initial; background-clip: initial;\"><span lang=\"EN\" style=\"font-size: 11.5pt; line-height: 23px;\">These Terms of Use and any policies or operating rules posted by us on this website or in respect to the Service constitutes the entire agreement and understanding between you and us and govern your use of the Service, pre-empt any prior or synchronous agreements, communications and proposals, whether oral or written, between you and us.<o:p></o:p></span></p><p class=\"MsoNormal\" style=\"margin: 12pt 0in 15pt; line-height: 22px; font-size: 11pt; font-family: Arial, sans-serif; background-image: initial; background-position: initial; background-size: initial; background-repeat: initial; background-attachment: initial; background-origin: initial; background-clip: initial;\"><span lang=\"EN\" style=\"font-size: 11.5pt; line-height: 23px;\">Any ambiguities in the interpretation of these Terms of Use shall not be construed against the drafting party.<o:p></o:p></span></p><p class=\"MsoNormal\" style=\"margin: 12pt 0in 15pt; line-height: 22px; font-size: 11pt; font-family: Arial, sans-serif; background-image: initial; background-position: initial; background-size: initial; background-repeat: initial; background-attachment: initial; background-origin: initial; background-clip: initial;\"><b><span lang=\"EN\" style=\"font-size: 11.5pt; line-height: 23px;\">CONTACT INFORMATION<o:p></o:p></span></b></p><p class=\"MsoNormal\" style=\"margin: 12pt 0in 15pt; line-height: 22px; font-size: 11pt; font-family: Arial, sans-serif; background-image: initial; background-position: initial; background-size: initial; background-repeat: initial; background-attachment: initial; background-origin: initial; background-clip: initial;\"><span lang=\"EN\" style=\"font-size: 11.5pt; line-height: 23px;\">If you would like to: access, correct, register a complaint, or simply want more information please contact us directly Via:<o:p></o:p></span></p><p class=\"MsoNormal\" style=\"margin: 12pt 0in 15pt; line-height: 22px; font-size: 11pt; font-family: Arial, sans-serif; background-image: initial; background-position: initial; background-size: initial; background-repeat: initial; background-attachment: initial; background-origin: initial; background-clip: initial;\"><span lang=\"EN\" style=\"font-size: 11.5pt; line-height: 23px;\">Email: </span><span lang=\"EN\" style=\"font-size: 10.5pt; line-height: 21px;\">business@alakba.com</span><b><span lang=\"EN\" style=\"font-size: 20pt; line-height: 40px;\"><o:p></o:p></span></b></p><p class=\"MsoNormal\" style=\"margin: 0in 0in 0.0001pt; line-height: 16.8667px; font-size: 11pt; font-family: Arial, sans-serif;\"><span lang=\"EN\">&nbsp;</span></p>','2020-10-01 19:25:58',2,'copyright_area',NULL,'2020-10-01 19:25:58','2020-10-03 14:48:56'),(6,1,'Return and refund policy','return-and-refund-policy','<p class=\"MsoNormal\" align=\"center\" style=\"margin: 7.5pt 0in 11.25pt; line-height: 22.5pt; font-size: 11pt; font-family: Calibri, sans-serif; text-align: center; background-image: initial; background-position: initial; background-size: initial; background-repeat: initial; background-attachment: initial; background-origin: initial; background-clip: initial;\"><b><span lang=\"EN-IN\" style=\"font-size: 19pt; font-family: Arial, sans-serif; text-transform: uppercase;\">RETURN &amp; REFUND POLICY<o:p></o:p></span></b></p><p class=\"MsoNormal\" style=\"margin: 0in 0in 0.0001pt; line-height: normal; font-size: 11pt; font-family: Calibri, sans-serif; background-image: initial; background-position: initial; background-size: initial; background-repeat: initial; background-attachment: initial; background-origin: initial; background-clip: initial;\"><span lang=\"EN-IN\" style=\"font-size: 11.5pt; font-family: Arial, sans-serif; background-image: initial; background-position: initial; background-size: initial; background-repeat: initial; background-attachment: initial; background-origin: initial; background-clip: initial;\">Thanks for purchasing our product from our website Alakba.com.<o:p></o:p></span></p><p class=\"MsoNormal\" style=\"margin: 0in 0in 0.0001pt; line-height: normal; font-size: 11pt; font-family: Calibri, sans-serif; background-image: initial; background-position: initial; background-size: initial; background-repeat: initial; background-attachment: initial; background-origin: initial; background-clip: initial;\"><span lang=\"EN-IN\" style=\"font-size: 11.5pt; font-family: Arial, sans-serif; background-image: initial; background-position: initial; background-size: initial; background-repeat: initial; background-attachment: initial; background-origin: initial; background-clip: initial;\"><o:p>&nbsp;</o:p></span></p><p class=\"MsoNormal\" style=\"margin: 0in 0in 0.0001pt; line-height: normal; font-size: 11pt; font-family: Calibri, sans-serif; background-image: initial; background-position: initial; background-size: initial; background-repeat: initial; background-attachment: initial; background-origin: initial; background-clip: initial;\"><span lang=\"EN-IN\" style=\"font-size: 11.5pt; font-family: Arial, sans-serif; background-image: initial; background-position: initial; background-size: initial; background-repeat: initial; background-attachment: initial; background-origin: initial; background-clip: initial;\">Our returns policy commonly lasts 7 days. But it depends upon the nature of product and merchant offers. If 7 days have gone by since your purchase, unfortunately we cant offer you a refund or exchange.</span><span lang=\"EN-IN\" style=\"font-size: 11.5pt; font-family: Arial, sans-serif; background-image: initial; background-position: initial; background-size: initial; background-repeat: initial; background-attachment: initial; background-origin: initial; background-clip: initial;\"><o:p></o:p></span></p><p class=\"MsoNormal\" style=\"margin: 0in 0in 0.0001pt; line-height: normal; font-size: 11pt; font-family: Calibri, sans-serif; background-image: initial; background-position: initial; background-size: initial; background-repeat: initial; background-attachment: initial; background-origin: initial; background-clip: initial;\"><span lang=\"EN-IN\" style=\"font-size: 11.5pt; font-family: Arial, sans-serif; background-image: initial; background-position: initial; background-size: initial; background-repeat: initial; background-attachment: initial; background-origin: initial; background-clip: initial;\"><o:p>&nbsp;</o:p></span></p><p class=\"MsoNormal\" style=\"margin: 0in 0in 0.0001pt; line-height: normal; font-size: 11pt; font-family: Calibri, sans-serif; background-image: initial; background-position: initial; background-size: initial; background-repeat: initial; background-attachment: initial; background-origin: initial; background-clip: initial;\"><span lang=\"EN-IN\" style=\"font-size: 11.5pt; font-family: Arial, sans-serif; background-image: initial; background-position: initial; background-size: initial; background-repeat: initial; background-attachment: initial; background-origin: initial; background-clip: initial;\">If you receive a product which is not as per the details given ordered by you, you will be eligible for a refund. Refund is applicable in the following cases:<o:p></o:p></span></p><p class=\"MsoNormal\" style=\"margin: 0in 0in 0.0001pt; line-height: normal; font-size: 11pt; font-family: Calibri, sans-serif; background-image: initial; background-position: initial; background-size: initial; background-repeat: initial; background-attachment: initial; background-origin: initial; background-clip: initial;\"><span lang=\"EN-IN\" style=\"font-size: 11.5pt; font-family: Arial, sans-serif; background-image: initial; background-position: initial; background-size: initial; background-repeat: initial; background-attachment: initial; background-origin: initial; background-clip: initial;\"><o:p>&nbsp;</o:p></span></p><p class=\"MsoListParagraphCxSpFirst\" style=\"margin: 0in 0in 0.0001pt 0.5in; line-height: normal; font-size: 11pt; font-family: Calibri, sans-serif; text-indent: -0.25in; background-image: initial; background-position: initial; background-size: initial; background-repeat: initial; background-attachment: initial; background-origin: initial; background-clip: initial;\"><span lang=\"EN-IN\" style=\"font-size: 11.5pt; font-family: Symbol;\"><span style=\"font-variant-numeric: normal; font-variant-east-asian: normal; font-stretch: normal; font-size: 7pt; line-height: normal; font-family: &quot;Times New Roman&quot;;\">&nbsp;&nbsp;&nbsp;&nbsp;&nbsp;&nbsp; </span></span><span lang=\"EN-IN\" style=\"font-size: 11.5pt; font-family: Arial, sans-serif; background-image: initial; background-position: initial; background-size: initial; background-repeat: initial; background-attachment: initial; background-origin: initial; background-clip: initial;\">Wrong colour<o:p></o:p></span></p><p class=\"MsoListParagraphCxSpMiddle\" style=\"margin: 0in 0in 0.0001pt 0.5in; line-height: normal; font-size: 11pt; font-family: Calibri, sans-serif; text-indent: -0.25in; background-image: initial; background-position: initial; background-size: initial; background-repeat: initial; background-attachment: initial; background-origin: initial; background-clip: initial;\"><span lang=\"EN-IN\" style=\"font-size: 11.5pt; font-family: Symbol;\"><span style=\"font-variant-numeric: normal; font-variant-east-asian: normal; font-stretch: normal; font-size: 7pt; line-height: normal; font-family: &quot;Times New Roman&quot;;\">&nbsp;&nbsp;&nbsp;&nbsp;&nbsp;&nbsp; </span></span><span lang=\"EN-IN\" style=\"font-size: 11.5pt; font-family: Arial, sans-serif; background-image: initial; background-position: initial; background-size: initial; background-repeat: initial; background-attachment: initial; background-origin: initial; background-clip: initial;\">Wrong size<o:p></o:p></span></p><p class=\"MsoListParagraphCxSpMiddle\" style=\"margin: 0in 0in 0.0001pt 0.5in; line-height: normal; font-size: 11pt; font-family: Calibri, sans-serif; text-indent: -0.25in; background-image: initial; background-position: initial; background-size: initial; background-repeat: initial; background-attachment: initial; background-origin: initial; background-clip: initial;\"><span lang=\"EN-IN\" style=\"font-size: 11.5pt; font-family: Symbol;\"><span style=\"font-variant-numeric: normal; font-variant-east-asian: normal; font-stretch: normal; font-size: 7pt; line-height: normal; font-family: &quot;Times New Roman&quot;;\">&nbsp;&nbsp;&nbsp;&nbsp;&nbsp;&nbsp; </span></span><span lang=\"EN-IN\" style=\"font-size: 11.5pt; font-family: Arial, sans-serif; background-image: initial; background-position: initial; background-size: initial; background-repeat: initial; background-attachment: initial; background-origin: initial; background-clip: initial;\">Wrong quantity<o:p></o:p></span></p><p class=\"MsoListParagraphCxSpMiddle\" style=\"margin: 0in 0in 0.0001pt 0.5in; line-height: normal; font-size: 11pt; font-family: Calibri, sans-serif; text-indent: -0.25in; background-image: initial; background-position: initial; background-size: initial; background-repeat: initial; background-attachment: initial; background-origin: initial; background-clip: initial;\"><span lang=\"EN-IN\" style=\"font-size: 11.5pt; font-family: Symbol;\"><span style=\"font-variant-numeric: normal; font-variant-east-asian: normal; font-stretch: normal; font-size: 7pt; line-height: normal; font-family: &quot;Times New Roman&quot;;\">&nbsp;&nbsp;&nbsp;&nbsp;&nbsp;&nbsp; </span></span><span lang=\"EN-IN\" style=\"font-size: 11.5pt; font-family: Arial, sans-serif; background-image: initial; background-position: initial; background-size: initial; background-repeat: initial; background-attachment: initial; background-origin: initial; background-clip: initial;\">Defective<o:p></o:p></span></p><p class=\"MsoListParagraphCxSpMiddle\" style=\"margin: 0in 0in 0.0001pt 0.5in; line-height: normal; font-size: 11pt; font-family: Calibri, sans-serif; text-indent: -0.25in; background-image: initial; background-position: initial; background-size: initial; background-repeat: initial; background-attachment: initial; background-origin: initial; background-clip: initial;\"><span lang=\"EN-IN\" style=\"font-size: 11.5pt; font-family: Symbol;\"><span style=\"font-variant-numeric: normal; font-variant-east-asian: normal; font-stretch: normal; font-size: 7pt; line-height: normal; font-family: &quot;Times New Roman&quot;;\">&nbsp;&nbsp;&nbsp;&nbsp;&nbsp;&nbsp; </span></span><span lang=\"EN-IN\" style=\"font-size: 11.5pt; font-family: Arial, sans-serif; background-image: initial; background-position: initial; background-size: initial; background-repeat: initial; background-attachment: initial; background-origin: initial; background-clip: initial;\">Damaged<o:p></o:p></span></p><p class=\"MsoListParagraphCxSpLast\" style=\"margin: 0in 0in 0.0001pt 0.5in; line-height: normal; font-size: 11pt; font-family: Calibri, sans-serif; text-indent: -0.25in; background-image: initial; background-position: initial; background-size: initial; background-repeat: initial; background-attachment: initial; background-origin: initial; background-clip: initial;\"><span lang=\"EN-IN\" style=\"font-size: 11.5pt; font-family: Symbol;\"><span style=\"font-variant-numeric: normal; font-variant-east-asian: normal; font-stretch: normal; font-size: 7pt; line-height: normal; font-family: &quot;Times New Roman&quot;;\">&nbsp;&nbsp;&nbsp;&nbsp;&nbsp;&nbsp; </span></span><span lang=\"EN-IN\" style=\"font-size: 11.5pt; font-family: Arial, sans-serif; background-image: initial; background-position: initial; background-size: initial; background-repeat: initial; background-attachment: initial; background-origin: initial; background-clip: initial;\">Significantly different from the description given by the merchant<o:p></o:p></span></p><p class=\"MsoNormal\" style=\"margin: 0in 0in 0.0001pt; line-height: normal; font-size: 11pt; font-family: Calibri, sans-serif; background-image: initial; background-position: initial; background-size: initial; background-repeat: initial; background-attachment: initial; background-origin: initial; background-clip: initial;\"><span lang=\"EN-IN\" style=\"font-size: 11.5pt; font-family: Arial, sans-serif; background-image: initial; background-position: initial; background-size: initial; background-repeat: initial; background-attachment: initial; background-origin: initial; background-clip: initial;\"><o:p>&nbsp;</o:p></span></p><p class=\"MsoNormal\" style=\"margin: 0in 0in 0.0001pt; line-height: normal; font-size: 11pt; font-family: Calibri, sans-serif; background-image: initial; background-position: initial; background-size: initial; background-repeat: initial; background-attachment: initial; background-origin: initial; background-clip: initial;\"><span lang=\"EN-IN\" style=\"font-size: 11.5pt; font-family: Arial, sans-serif; background-image: initial; background-position: initial; background-size: initial; background-repeat: initial; background-attachment: initial; background-origin: initial; background-clip: initial;\">You are completely secured. Alakba offers 7 days return guarantee for all such items.<o:p></o:p></span></p><p class=\"MsoNormal\" style=\"margin: 0in 0in 0.0001pt; line-height: 18pt; font-size: 11pt; font-family: Calibri, sans-serif; background-image: initial; background-position: initial; background-size: initial; background-repeat: initial; background-attachment: initial; background-origin: initial; background-clip: initial;\"><span lang=\"EN-IN\" style=\"font-size: 11.5pt; font-family: Arial, sans-serif;\"><o:p>&nbsp;</o:p></span></p><p class=\"MsoNormal\" style=\"margin: 0in 0in 0.0001pt; line-height: normal; font-size: 11pt; font-family: Calibri, sans-serif; background-image: initial; background-position: initial; background-size: initial; background-repeat: initial; background-attachment: initial; background-origin: initial; background-clip: initial;\"><span lang=\"EN-IN\" style=\"font-size: 11.5pt; font-family: Arial, sans-serif;\">To complete your return, we require a receipt or proof of purchase.<br><br><br></span><b><span lang=\"EN-IN\" style=\"font-size: 12pt; font-family: Arial, sans-serif;\">There are certain situations in which refunds couldnt be granted (if applicable)<o:p></o:p></span></b></p><p class=\"MsoNormal\" style=\"margin: 0in 0in 0.0001pt; line-height: normal; font-size: 11pt; font-family: Calibri, sans-serif; background-image: initial; background-position: initial; background-size: initial; background-repeat: initial; background-attachment: initial; background-origin: initial; background-clip: initial;\"><b><span lang=\"EN-IN\" style=\"font-size: 11.5pt; font-family: Arial, sans-serif;\"><o:p>&nbsp;</o:p></span></b></p><p class=\"MsoListParagraphCxSpFirst\" style=\"margin: 0in 0in 0.0001pt 0.5in; line-height: normal; font-size: 11pt; font-family: Calibri, sans-serif; text-indent: -0.25in; background-image: initial; background-position: initial; background-size: initial; background-repeat: initial; background-attachment: initial; background-origin: initial; background-clip: initial;\"><span lang=\"EN-IN\" style=\"font-size: 11.5pt; font-family: Symbol;\"><span style=\"font-variant-numeric: normal; font-variant-east-asian: normal; font-stretch: normal; font-size: 7pt; line-height: normal; font-family: &quot;Times New Roman&quot;;\">&nbsp;&nbsp;&nbsp;&nbsp;&nbsp;&nbsp; </span></span><span lang=\"EN-IN\" style=\"font-size: 11.5pt; font-family: Arial, sans-serif;\">Any item not in its original condition, is damaged or missing parts for reasons not </span><span lang=\"EN-IN\" style=\"font-size: 11.5pt; font-family: Arial, sans-serif;\">due to our error.<o:p></o:p></span></p><p class=\"MsoListParagraphCxSpMiddle\" style=\"margin: 0in 0in 0.0001pt 0.5in; line-height: normal; font-size: 11pt; font-family: Calibri, sans-serif; text-indent: -0.25in; background-image: initial; background-position: initial; background-size: initial; background-repeat: initial; background-attachment: initial; background-origin: initial; background-clip: initial;\"><span lang=\"EN-IN\" style=\"font-size: 11.5pt; font-family: Symbol;\"><span style=\"font-variant-numeric: normal; font-variant-east-asian: normal; font-stretch: normal; font-size: 7pt; line-height: normal; font-family: &quot;Times New Roman&quot;;\">&nbsp;&nbsp;&nbsp;&nbsp;&nbsp;&nbsp; </span></span><span lang=\"EN-IN\" style=\"font-size: 11.5pt; font-family: Arial, sans-serif;\">For some products, the sale is a final sale and the merchant does not accept any return. Some healthcare products, customized products, undergarments, swimsuits, socks etc and perishables including flowers, edible products cannot be returned due to health &amp; hygiene reasons.<o:p></o:p></span></p><p class=\"MsoListParagraphCxSpMiddle\" style=\"margin: 0in 0in 0.0001pt 0.5in; line-height: normal; font-size: 11pt; font-family: Calibri, sans-serif; text-indent: -0.25in; background-image: initial; background-position: initial; background-size: initial; background-repeat: initial; background-attachment: initial; background-origin: initial; background-clip: initial;\"><span lang=\"EN-IN\" style=\"font-size: 11.5pt; font-family: Symbol;\"><span style=\"font-variant-numeric: normal; font-variant-east-asian: normal; font-stretch: normal; font-size: 7pt; line-height: normal; font-family: &quot;Times New Roman&quot;;\">&nbsp;&nbsp;&nbsp;&nbsp;&nbsp;&nbsp; </span></span><span lang=\"EN-IN\" style=\"font-size: 11.5pt; font-family: Arial, sans-serif;\">Any item that is returned more than 7 days after delivery.</span><b><span lang=\"EN-IN\" style=\"font-size: 11.5pt; font-family: Arial, sans-serif;\"><o:p></o:p></span></b></p><p class=\"MsoListParagraphCxSpLast\" style=\"margin: 0in 0in 0.0001pt 0.5in; line-height: normal; font-size: 11pt; font-family: Calibri, sans-serif; text-indent: -0.25in; background-image: initial; background-position: initial; background-size: initial; background-repeat: initial; background-attachment: initial; background-origin: initial; background-clip: initial;\"><span lang=\"EN-IN\" style=\"font-size: 11.5pt; font-family: Symbol;\"><span style=\"font-variant-numeric: normal; font-variant-east-asian: normal; font-stretch: normal; font-size: 7pt; line-height: normal; font-family: &quot;Times New Roman&quot;;\">&nbsp;&nbsp;&nbsp;&nbsp;&nbsp;&nbsp; </span></span><span lang=\"EN-IN\" style=\"font-size: 11.5pt; font-family: Arial, sans-serif;\">Serial Number is tampered<br><br><b><o:p></o:p></b></span></p><p class=\"MsoNormal\" style=\"margin: 0in 0in 0.0001pt; line-height: normal; font-size: 11pt; font-family: Calibri, sans-serif; background-image: initial; background-position: initial; background-size: initial; background-repeat: initial; background-attachment: initial; background-origin: initial; background-clip: initial;\"><b><span lang=\"EN-IN\" style=\"font-size: 12pt; font-family: Arial, sans-serif;\">Refunds (if applicable)</span></b><b><span lang=\"EN-IN\" style=\"font-size: 11.5pt; font-family: Arial, sans-serif;\"><o:p></o:p></span></b></p><p class=\"MsoNormal\" style=\"margin: 0in 0in 0.0001pt; line-height: normal; font-size: 11pt; font-family: Calibri, sans-serif; background-image: initial; background-position: initial; background-size: initial; background-repeat: initial; background-attachment: initial; background-origin: initial; background-clip: initial;\"><span lang=\"EN-IN\" style=\"font-size: 11.5pt; font-family: Arial, sans-serif;\"><br>Once your return is received and inspected, we will send you an email to notify you that we have received your returned item. We will also notify you of the approval or rejection of your refund.<o:p></o:p></span></p><p class=\"MsoNormal\" style=\"margin: 0in 0in 0.0001pt; line-height: normal; font-size: 11pt; font-family: Calibri, sans-serif; background-image: initial; background-position: initial; background-size: initial; background-repeat: initial; background-attachment: initial; background-origin: initial; background-clip: initial;\"><span lang=\"EN-IN\" style=\"font-size: 11.5pt; font-family: Arial, sans-serif;\"><br>If you are approved, then your refund will be processed, and a credit will automatically be applied to your credit card or original method of payment, within a certain amount of days (approx. 1 week).<o:p></o:p></span></p><p class=\"MsoNormal\" style=\"margin: 0in 0in 0.0001pt; line-height: normal; font-size: 11pt; font-family: Calibri, sans-serif; background-image: initial; background-position: initial; background-size: initial; background-repeat: initial; background-attachment: initial; background-origin: initial; background-clip: initial;\"><span lang=\"EN-IN\" style=\"font-size: 11.5pt; font-family: Arial, sans-serif;\"><br><br></span><b><span lang=\"EN-IN\" style=\"font-size: 12pt; font-family: Arial, sans-serif;\">Late or missing refunds (if applicable)</span></b><span lang=\"EN-IN\" style=\"font-size: 11.5pt; font-family: Arial, sans-serif;\"><o:p></o:p></span></p><p class=\"MsoNormal\" style=\"margin: 0in 0in 0.0001pt; line-height: normal; font-size: 11pt; font-family: Calibri, sans-serif; background-image: initial; background-position: initial; background-size: initial; background-repeat: initial; background-attachment: initial; background-origin: initial; background-clip: initial;\"><span lang=\"EN-IN\" style=\"font-size: 11.5pt; font-family: Arial, sans-serif;\"><br>If you havent received a refund yet, first check your bank account again. Then contact your credit card company, it may take some time before your refund is officially posted.<o:p></o:p></span></p><p class=\"MsoNormal\" style=\"margin: 0in 0in 0.0001pt; line-height: normal; font-size: 11pt; font-family: Calibri, sans-serif; background-image: initial; background-position: initial; background-size: initial; background-repeat: initial; background-attachment: initial; background-origin: initial; background-clip: initial;\"><span lang=\"EN-IN\" style=\"font-size: 11.5pt; font-family: Arial, sans-serif;\"><br>Next contact your bank. There is often some processing time before a refund is posted.<br>If youve done all of this and you still have not received your refund yet, please contact us at</span><span lang=\"EN-IN\" style=\"font-size: 11.5pt; font-family: Arial, sans-serif;\"> <span style=\"background-image: initial; background-position: initial; background-size: initial; background-repeat: initial; background-attachment: initial; background-origin: initial; background-clip: initial;\">help@alakba.com</span>.<span style=\"background-image: initial; background-position: initial; background-size: initial; background-repeat: initial; background-attachment: initial; background-origin: initial; background-clip: initial;\"><o:p></o:p></span></span></p><p class=\"MsoNormal\" style=\"margin: 0in 0in 0.0001pt; line-height: normal; font-size: 11pt; font-family: Calibri, sans-serif; background-image: initial; background-position: initial; background-size: initial; background-repeat: initial; background-attachment: initial; background-origin: initial; background-clip: initial;\"><span lang=\"EN-IN\" style=\"font-size: 12pt; font-family: Arial, sans-serif;\"><br><b>Exchanges (if applicable)<o:p></o:p></b></span></p><p class=\"MsoNormal\" style=\"margin: 0in 0in 0.0001pt; line-height: normal; font-size: 11pt; font-family: Calibri, sans-serif; background-image: initial; background-position: initial; background-size: initial; background-repeat: initial; background-attachment: initial; background-origin: initial; background-clip: initial;\"><span lang=\"EN-IN\" style=\"font-size: 11.5pt; font-family: Arial, sans-serif;\"><br>We only replace items if they are defective or damaged. If you need to exchange it for the same item, send us an email at </span><span lang=\"EN-IN\" style=\"font-size: 11.5pt; font-family: Arial, sans-serif; background-image: initial; background-position: initial; background-size: initial; background-repeat: initial; background-attachment: initial; background-origin: initial; background-clip: initial;\">help@alakba.com</span><span lang=\"EN-IN\" style=\"font-size: 11.5pt; font-family: Arial, sans-serif;\"><o:p></o:p></span></p><p class=\"MsoNormal\" style=\"margin: 0in 0in 0.0001pt; line-height: normal; font-size: 11pt; font-family: Calibri, sans-serif; background-image: initial; background-position: initial; background-size: initial; background-repeat: initial; background-attachment: initial; background-origin: initial; background-clip: initial;\"><span lang=\"EN-IN\" style=\"font-size: 11.5pt; font-family: Arial, sans-serif;\"><br><br></span><b><span lang=\"EN-IN\" style=\"font-size: 12pt; font-family: Arial, sans-serif;\">Shipping</span></b><span lang=\"EN-IN\" style=\"font-size: 11.5pt; font-family: Arial, sans-serif;\"><br><br>You will be responsible for paying for your own shipping costs for returning your item. Shipping costs are non-refundable. If you receive a refund, the cost of return shipping will be deducted from your refund.<br><br>Depending on where you live, the time it may take for your exchanged product to reach you, may vary.<br><br><o:p></o:p></span></p><p class=\"MsoNormal\" style=\"margin: 0in 0in 10pt; line-height: 16.8667px; font-size: 11pt; font-family: Calibri, sans-serif;\"><span lang=\"EN-IN\">&nbsp;</span></p>','2020-10-01 19:25:58',1,'footer_1st_column',NULL,'2020-10-01 19:25:58','2020-10-03 14:51:55'),(7,1,'Shipping','shipping','<p class=\"MsoNormal\" style=\"margin: 11.65pt 0in 0.0001pt; font-size: 11pt; font-family: Arial, sans-serif;\"><b><span style=\"font-size: 20pt;\">Shipping Policy<o:p></o:p></span></b></p><p class=\"MsoBodyText\" style=\"margin: 0.55pt 0in 0.0001pt; font-size: 11pt; font-family: Arial, sans-serif;\"><b><span style=\"font-size: 22pt;\"><o:p>&nbsp;</o:p></span></b></p><p class=\"MsoBodyText\" style=\"margin: 0in 0in 0.0001pt; font-size: 11pt; font-family: Arial, sans-serif; line-height: 17.16px;\">Thank you for visiting and shopping at <span style=\"font-size: 11.5pt; line-height: 17.94px;\">https://www.alakba.com</span>. Following are the terms and conditions that constitute our Shipping Policy.<o:p></o:p></p><p class=\"MsoBodyText\" style=\"margin: 0in 0in 0.0001pt; font-size: 11pt; font-family: Arial, sans-serif; line-height: 17.16px;\"><o:p>&nbsp;</o:p></p><p class=\"MsoBodyText\" style=\"margin: 0in 0in 0.0001pt; font-size: 11pt; font-family: Arial, sans-serif; line-height: 17.16px;\"><b>What can you expect from our shipping and delivery processes?<o:p></o:p></b></p><p class=\"MsoBodyText\" style=\"margin: 0in 0in 0.0001pt 0.5in; font-size: 11pt; font-family: Arial, sans-serif; text-indent: -0.25in; line-height: 17.16px;\"><span style=\"font-family: Symbol;\"><span style=\"font-variant-numeric: normal; font-variant-east-asian: normal; font-stretch: normal; font-size: 7pt; line-height: normal; font-family: &quot;Times New Roman&quot;;\">&nbsp;&nbsp;&nbsp;&nbsp;&nbsp;&nbsp; </span></span>Great Packaging<o:p></o:p></p><p class=\"MsoBodyText\" style=\"margin: 0in 0in 0.0001pt 0.5in; font-size: 11pt; font-family: Arial, sans-serif; text-indent: -0.25in; line-height: 17.16px;\"><span style=\"font-family: Symbol;\"><span style=\"font-variant-numeric: normal; font-variant-east-asian: normal; font-stretch: normal; font-size: 7pt; line-height: normal; font-family: &quot;Times New Roman&quot;;\">&nbsp;&nbsp;&nbsp;&nbsp;&nbsp;&nbsp; </span></span>Genuine Logistics Partners<o:p></o:p></p><p class=\"MsoBodyText\" style=\"margin: 0in 0in 0.0001pt 0.5in; font-size: 11pt; font-family: Arial, sans-serif; text-indent: -0.25in; line-height: 17.16px;\"><span style=\"font-family: Symbol;\"><span style=\"font-variant-numeric: normal; font-variant-east-asian: normal; font-stretch: normal; font-size: 7pt; line-height: normal; font-family: &quot;Times New Roman&quot;;\">&nbsp;&nbsp;&nbsp;&nbsp;&nbsp;&nbsp; </span></span>Realtime tracking<o:p></o:p></p><p class=\"MsoBodyText\" style=\"margin: 0in 0in 0.0001pt 0.5in; font-size: 11pt; font-family: Arial, sans-serif; text-indent: -0.25in; line-height: 17.16px;\"><span style=\"font-family: Symbol;\"><span style=\"font-variant-numeric: normal; font-variant-east-asian: normal; font-stretch: normal; font-size: 7pt; line-height: normal; font-family: &quot;Times New Roman&quot;;\">&nbsp;&nbsp;&nbsp;&nbsp;&nbsp;&nbsp; </span></span>Worry-free Shipping<o:p></o:p></p><p class=\"MsoBodyText\" style=\"margin: 0in 0in 0.0001pt; font-size: 11pt; font-family: Arial, sans-serif; line-height: 17.16px;\"><o:p>&nbsp;</o:p></p><p class=\"MsoBodyText\" style=\"margin: 0in 0in 0.0001pt; font-size: 11pt; font-family: Arial, sans-serif; line-height: 17.16px;\">At Alakba.com, we provide world class shipping to all our customers that includes inspection, fast &amp; timely delivery, quality packaging, insurance for the package, and timely updates at each stage of shipping.<o:p></o:p></p><p class=\"MsoBodyText\" style=\"margin: 0in 0in 0.0001pt; font-size: 11pt; font-family: Arial, sans-serif; line-height: 17.16px;\"><o:p>&nbsp;</o:p></p><p class=\"MsoBodyText\" style=\"margin: 0in 0in 0.0001pt; font-size: 11pt; font-family: Arial, sans-serif; line-height: 17.16px;\">We know that when you buy anything online you are worried till it is not in your hand. So, we offer worry free shopping. This means that, once you have bought a product at our site, we take care of everything so you should not worry at all.<o:p></o:p></p><p class=\"MsoBodyText\" style=\"margin: 0in 0in 0.0001pt; font-size: 11pt; font-family: Arial, sans-serif; line-height: 17.16px;\"><o:p>&nbsp;</o:p></p><p class=\"MsoBodyText\" style=\"margin: 0in 0in 0.0001pt; font-size: 11pt; font-family: Arial, sans-serif; line-height: 17.16px;\">Each order we receive will be processed within 48 hours, and you will be updated time to time of course, if you have any query you can speak to our customer care team and we will resolve your issues as soon as possible.<o:p></o:p></p><p class=\"MsoBodyText\" style=\"margin: 0in 0in 0.0001pt; font-size: 11pt; font-family: Arial, sans-serif; line-height: 17.16px;\"><o:p>&nbsp;</o:p></p><p class=\"MsoBodyText\" style=\"margin: 0in 0in 0.0001pt; font-size: 11pt; font-family: Arial, sans-serif; line-height: 17.16px;\">To assure that you receive your order on time and safely with full courtesy and attention, we have partnered with most of the top courier and logistics partners.<o:p></o:p></p><p class=\"MsoBodyText\" style=\"margin: 0in 0in 0.0001pt; font-size: 11pt; font-family: Arial, sans-serif; line-height: 17.16px;\"><o:p>&nbsp;</o:p></p><p class=\"MsoBodyText\" style=\"margin: 0.05pt 6.05pt 0.0001pt 0in; font-size: 11pt; font-family: Arial, sans-serif; line-height: 17.16px;\"><b><span style=\"font-size: 12pt; line-height: 18.72px;\">My tracking says no information available at the moment.<o:p></o:p></span></b></p><p class=\"MsoBodyText\" style=\"margin: 0.05pt 6.05pt 0.0001pt 0in; font-size: 11pt; font-family: Arial, sans-serif; line-height: 17.16px;\"><b><span style=\"font-size: 11.5pt; line-height: 17.94px;\"><o:p>&nbsp;</o:p></span></b></p><p class=\"MsoBodyText\" style=\"margin: 0.05pt 6.05pt 0.0001pt 0in; font-size: 11pt; font-family: Arial, sans-serif; line-height: 17.16px;\"><span style=\"font-size: 11.5pt; line-height: 17.94px;\">Its not uncommon for NO tracking information to show until your package has been scanned in by the respected carriers. It might remain blank for up to a week after you receive your tracking link. But If your order was placed more than a week and there is still no information on your tracking number, please contact us.<o:p></o:p></span></p><p class=\"MsoBodyText\" style=\"margin: 0.05pt 6.05pt 0.0001pt 0in; font-size: 11pt; font-family: Arial, sans-serif; line-height: 17.16px;\"><span style=\"font-size: 11.5pt; line-height: 17.94px;\"><o:p>&nbsp;</o:p></span></p><p class=\"MsoBodyText\" style=\"margin: 0.05pt 6.05pt 0.0001pt 0in; font-size: 11pt; font-family: Arial, sans-serif; line-height: 17.16px;\"><b><span style=\"font-size: 12pt; line-height: 18.72px;\">Will my items be sent in one package?<o:p></o:p></span></b></p><p class=\"MsoBodyText\" style=\"margin: 0.05pt 6.05pt 0.0001pt 0in; font-size: 11pt; font-family: Arial, sans-serif; line-height: 17.16px;\"><b><span style=\"font-size: 12pt; line-height: 18.72px;\"><o:p>&nbsp;</o:p></span></b></p><p class=\"MsoBodyText\" style=\"margin: 0.05pt 6.05pt 0.0001pt 0in; font-size: 11pt; font-family: Arial, sans-serif; line-height: 17.16px;\"><span style=\"font-size: 11.5pt; line-height: 17.94px;\">For logistical reasons, items in the same purchase will sometimes be sent in separate packages, even if youve specified combined shipping.&nbsp; Please keep this in mind when receiving deliveries.<o:p></o:p></span></p><h2 style=\"margin-right: 0in; margin-left: 0in; font-size: 18pt; font-family: &quot;Times New Roman&quot;, serif; color: rgb(0, 0, 0);\"><span style=\"font-size: 12pt; font-family: Arial, sans-serif;\">Customs, Duties and Taxes<o:p></o:p></span></h2><p class=\"MsoBodyText\" style=\"margin: 0in 6.05pt 0.0001pt 0in; font-size: 11pt; font-family: Arial, sans-serif; line-height: 17.16px;\"><span style=\"font-size: 11.5pt; line-height: 17.94px; background-image: initial; background-position: initial; background-size: initial; background-repeat: initial; background-attachment: initial; background-origin: initial; background-clip: initial;\">eMakity Inc </span><span style=\"font-size: 11.5pt; line-height: 17.94px;\">is not responsible for any customs and taxes applied to your order. All fees imposed during or after shipping are the responsibility of the customer (tariffs, taxes, etc.).</span><span style=\"font-size: 11.5pt; line-height: 17.94px;\"> Import taxes, duties and related customs fees may be charged once your order arrives to its final destination, which are determined by your local customs office. Payment of these charges and taxes are your responsibility and will not be covered by us. We are not responsible for delays caused by the customs department in your country. For further details of charges, please contact your local customs office.<o:p></o:p></span></p><h2 style=\"margin-right: 0in; margin-left: 0in; font-size: 18pt; font-family: &quot;Times New Roman&quot;, serif; color: rgb(0, 0, 0);\"><span style=\"font-size: 12pt; font-family: Arial, sans-serif;\">Damages<o:p></o:p></span></h2><p class=\"MsoBodyText\" style=\"margin: 0in 0in 0.0001pt; font-size: 11pt; font-family: Arial, sans-serif; line-height: 17.16px;\"><span style=\"font-size: 11.5pt; line-height: 17.94px; background-image: initial; background-position: initial; background-size: initial; background-repeat: initial; background-attachment: initial; background-origin: initial; background-clip: initial;\">Alakba </span><span style=\"font-size: 11.5pt; line-height: 17.94px;\">is not liable for any products damaged or lost during shipping. If you received your order damaged, please contact the shipment carrier to file a claim.<o:p></o:p></span></p><p class=\"MsoBodyText\" style=\"margin: 0.1pt 0in 0.0001pt; font-size: 11pt; font-family: Arial, sans-serif;\"><span style=\"font-size: 11.5pt;\"><o:p>&nbsp;</o:p></span></p><p class=\"MsoBodyText\" style=\"margin: 0in 0in 0.0001pt; font-size: 11pt; font-family: Arial, sans-serif;\"><span style=\"font-size: 11.5pt;\">Please save all packaging materials and damaged goods before filing a claim.<o:p></o:p></span></p><h1 style=\"margin: 24pt 0in 0.0001pt; break-after: avoid; font-size: 14pt; font-family: Cambria, serif; color: rgb(54, 95, 145);\"><span style=\"font-size: 12pt; font-family: Arial, sans-serif; color: windowtext;\">International Shipping Policy<o:p></o:p></span></h1><p class=\"MsoNormal\" style=\"margin: 0in 0in 0.0001pt; font-size: 11pt; font-family: Arial, sans-serif;\"><span style=\"font-size: 11.5pt;\"><o:p>&nbsp;</o:p></span></p><p class=\"MsoBodyText\" style=\"margin: 0in 0in 0.0001pt; font-size: 11pt; font-family: Arial, sans-serif;\"><span style=\"font-size: 11.5pt;\">Yes, we ship our products to over 200+ countries around the world. However, there is some location we are unable to ship to. If you happen to be located in one of those countries, we will contact you.<o:p></o:p></span></p><p class=\"MsoBodyText\" style=\"margin: 0in 0in 0.0001pt; font-size: 11pt; font-family: Arial, sans-serif; line-height: 17.16px;\"><o:p>&nbsp;</o:p></p><p class=\"MsoBodyText\" style=\"margin: 0in 0in 0.0001pt; font-size: 11pt; font-family: Arial, sans-serif; line-height: 17.16px;\"><b>PLEASE NOTE<o:p></o:p></b></p><p class=\"MsoBodyText\" style=\"margin: 0in 0in 0.0001pt; font-size: 11pt; font-family: Arial, sans-serif; line-height: 17.16px;\">The delivery timeframe mentioned on product details is estimated by seller. Actual delivery time depends on many factors such as availability of the product at the merchant, address where the order needs to be delivered and courier issues and other circumstances that might affect delivery. You can rest assured that you are completely protected as a shopper at Alakba.com. You always have a choice to cancel your order due to shipment delay by contacting our customer care team.<o:p></o:p></p>','2020-10-01 19:25:00',1,'footer_1st_column',NULL,'2020-10-01 19:25:58','2020-10-03 14:52:35'),(8,1,'Career','career','You can modify this page from ADMIN PANEL >> UTILITIES >> PAGES section.','2020-10-01 19:25:58',1,'footer_2nd_column',NULL,'2020-10-01 19:25:58','2020-10-01 19:25:58'),(9,1,'Copyright Policy','copyright-policy','<p style=\"margin: 0in 0in 18.75pt; font-size: 12pt; font-family: \"Times New Roman\", serif; background-image: initial; background-position: initial; background-size: initial; background-repeat: initial; background-attachment: initial; background-origin: initial; background-clip: initial;\"><b><span lang=\"EN-IN\" style=\"font-size: 18pt; font-family: Arial, sans-serif;\">Copyright Policy<o:p></o:p></span></b></p><p style=\"margin: 0in 0in 18.75pt; font-size: 12pt; font-family: \"Times New Roman\", serif; background-image: initial; background-position: initial; background-size: initial; background-repeat: initial; background-attachment: initial; background-origin: initial; background-clip: initial;\"><span lang=\"EN-IN\" style=\"font-size: 11.5pt; font-family: Arial, sans-serif;\">Copyright  <span style=\"background-image: initial; background-position: initial; background-size: initial; background-repeat: initial; background-attachment: initial; background-origin: initial; background-clip: initial;\">eMakity Inc.</span></span><span lang=\"EN-IN\" style=\"font-size: 10.5pt; font-family: Helvetica; color: rgb(98, 100, 106); background-image: initial; background-position: initial; background-size: initial; background-repeat: initial; background-attachment: initial; background-origin: initial; background-clip: initial;\"> </span><span lang=\"EN-IN\" style=\"font-size: 11.5pt; font-family: Arial, sans-serif;\">All Rights Reserved.<o:p></o:p></span></p><p style=\"margin: 0in 0in 18.75pt; font-size: 12pt; font-family: \"Times New Roman\", serif; background-image: initial; background-position: initial; background-size: initial; background-repeat: initial; background-attachment: initial; background-origin: initial; background-clip: initial;\"><span lang=\"EN-IN\" style=\"font-size: 11.5pt; font-family: Arial, sans-serif;\">All files and information contained in this Website are copyright by <span style=\"background-image: initial; background-position: initial; background-size: initial; background-repeat: initial; background-attachment: initial; background-origin: initial; background-clip: initial;\">eMakity Inc.</span> and may not be duplicated, copied, modified or adapted, in any way without our written permission. Our Website may contain our service marks or trademarks as well as those of our affiliates or other companies, in the form of words, graphics, and logos.<o:p></o:p></span></p><p style=\"margin: 0in 0in 18.75pt; font-size: 12pt; font-family: \"Times New Roman\", serif; background-image: initial; background-position: initial; background-size: initial; background-repeat: initial; background-attachment: initial; background-origin: initial; background-clip: initial;\"><span lang=\"EN-IN\" style=\"font-size: 11.5pt; font-family: Arial, sans-serif;\">Your use of our Website, Blog or Services does not constitute any right or license for you to use our service marks or trademarks, without the prior written permission of <span style=\"background-image: initial; background-position: initial; background-size: initial; background-repeat: initial; background-attachment: initial; background-origin: initial; background-clip: initial;\">eMakity Inc.</span><o:p></o:p></span></p><p style=\"margin: 0in 0in 18.75pt; font-size: 12pt; font-family: \"Times New Roman\", serif; background-image: initial; background-position: initial; background-size: initial; background-repeat: initial; background-attachment: initial; background-origin: initial; background-clip: initial;\"><span lang=\"EN-IN\" style=\"font-size: 11.5pt; font-family: Arial, sans-serif;\">Our Content, as found within our Website, Blog and Services, is protected under copyrights. The copying, redistribution, use or publication by you of any such Content, is strictly prohibited. Your use of our Website and Services does not grant you any ownership rights to our Content.<o:p></o:p></span></p><p style=\"margin: 0in 0in 18.75pt; font-size: 12pt; font-family: \"Times New Roman\", serif; background-image: initial; background-position: initial; background-size: initial; background-repeat: initial; background-attachment: initial; background-origin: initial; background-clip: initial;\"><b><span lang=\"EN-IN\" style=\"font-size: 11.5pt; font-family: Arial, sans-serif;\">Acceptable use<o:p></o:p></span></b></p><p class=\"Level1Heading\" style=\"margin: 0in 0in 10pt; font-size: 10pt; font-family: Verdana, sans-serif; line-height: 15.3333px; font-weight: bold;\"><span style=\"font-size: 11.5pt; line-height: 17.6333px; font-family: Arial, sans-serif;\"> You must not:<o:p></o:p></span></p><p class=\"Level3Number\" style=\"margin: 0in 0in 10pt 60pt; font-size: 10pt; font-family: Verdana, sans-serif; text-indent: -30pt; line-height: 15.3333px;\"><span style=\"font-size: 11.5pt; line-height: 17.6333px; font-family: Arial, sans-serif;\">(a) use our website in any way or take any action that causes, or may cause, damage to the website or impairment of the performance, availability or accessibility of the website;<o:p></o:p></span></p><p class=\"Level3Number\" style=\"margin: 0in 0in 10pt 60pt; font-size: 10pt; font-family: Verdana, sans-serif; text-indent: -30pt; line-height: 15.3333px;\"><span style=\"font-size: 11.5pt; line-height: 17.6333px; font-family: Arial, sans-serif;\">(b) use our website in any way that is unlawful, illegal, fraudulent or harmful, or in connection with any unlawful, illegal, fraudulent or harmful purpose or activity;<o:p></o:p></span></p><p class=\"Level3Number\" style=\"margin: 0in 0in 10pt 60pt; font-size: 10pt; font-family: Verdana, sans-serif; text-indent: -30pt; line-height: 15.3333px;\"><span style=\"font-size: 11.5pt; line-height: 17.6333px; font-family: Arial, sans-serif;\">(c) use our website to copy, store, host, transmit, send, use, publish or distribute any material which consists of (or is linked to) any spyware, computer virus, Trojan horse, worm, keystroke logger, rootkit or other malicious computer software; or<o:p></o:p></span></p><p class=\"Level3Number\" style=\"margin: 0in 0in 10pt 60pt; font-size: 10pt; font-family: Verdana, sans-serif; text-indent: -30pt; line-height: 15.3333px;\"><span style=\"font-size: 11.5pt; line-height: 17.6333px; font-family: Arial, sans-serif;\">(d) conduct any systematic or automated data collection activities (including without limitation scraping, data mining, data extraction and data harvesting) on or in relation to our website without our express written consent.<o:p></o:p></span></p><p class=\"Level1Heading\" style=\"margin: 0in 0in 10pt; font-size: 10pt; font-family: Verdana, sans-serif; line-height: 15.3333px; font-weight: bold;\"><span style=\"font-size: 11.5pt; line-height: 17.6333px; font-family: Arial, sans-serif;\">Report abuse<o:p></o:p></span></p><p class=\"Level2Number\" style=\"margin: 0in 0in 10pt 30pt; font-size: 10pt; font-family: Verdana, sans-serif; text-indent: -30pt; line-height: 15.3333px;\"><span style=\"font-size: 11.5pt; line-height: 17.6333px; font-family: Arial, sans-serif;\"> If you found any unlawful material or activity on our website, or any material or activity that breaches this notice, please let us know.<o:p></o:p></span></p><p class=\"Level2Number\" style=\"margin: 0in 0in 10pt 30pt; font-size: 10pt; font-family: Verdana, sans-serif; text-indent: -30pt; line-height: 15.3333px;\"><span style=\"font-size: 11.5pt; line-height: 17.6333px; font-family: Arial, sans-serif;\"> You can let us know about any such material or activity by email us at <span style=\"background-image: initial; background-position: initial; background-size: initial; background-repeat: initial; background-attachment: initial; background-origin: initial; background-clip: initial;\">business@alakba.com</span>.<o:p></o:p></span></p><p class=\"Level1Heading\" style=\"margin: 0in 0in 10pt; font-size: 10pt; font-family: Verdana, sans-serif; line-height: 15.3333px; font-weight: bold;\"><span style=\"font-size: 11.5pt; line-height: 17.6333px; font-family: Arial, sans-serif;\">Enforcement of copyright<o:p></o:p></span></p><p class=\"Level2Number\" style=\"margin: 0in 0in 10pt 30pt; font-size: 10pt; font-family: Verdana, sans-serif; text-indent: -30pt; line-height: 15.3333px;\"><span style=\"font-size: 11.5pt; line-height: 17.6333px; font-family: Arial, sans-serif;\"> We take the protection of our copyright very seriously.<o:p></o:p></span></p><p class=\"Level2Number\" style=\"margin: 0in 0in 10pt 30pt; font-size: 10pt; font-family: Verdana, sans-serif; text-indent: -30pt; line-height: 15.3333px;\"><span style=\"font-size: 11.5pt; line-height: 17.6333px; font-family: Arial, sans-serif;\"> If we discover that you have used our copyright materials in contravention of the license set out in this notice, we may bring legal proceedings against you, seeking monetary damages and/or an injunction to stop you using those materials. You could also be ordered to pay legal costs.<o:p></o:p></span></p><p class=\"Level1Heading\" style=\"margin: 0in 0in 10pt; font-size: 10pt; font-family: Verdana, sans-serif; line-height: 15.3333px; font-weight: bold;\"><span style=\"font-size: 11.5pt; line-height: 17.6333px; font-family: Arial, sans-serif;\">Permissions<o:p></o:p></span></p><p class=\"Level2Number\" style=\"margin: 0in 0in 10pt 30pt; font-size: 10pt; font-family: Verdana, sans-serif; text-indent: -30pt; line-height: 15.3333px;\"><span style=\"font-size: 11.5pt; line-height: 17.6333px; font-family: Arial, sans-serif;\"> You may request permission to use the copyright materials on our website by email us at <span style=\"background-image: initial; background-position: initial; background-size: initial; background-repeat: initial; background-attachment: initial; background-origin: initial; background-clip: initial;\">business@alakba.com</span>.<o:p></o:p></span></p><p style=\"margin: 0in 0in 18.75pt; font-size: 12pt; font-family: \"Times New Roman\", serif; background-image: initial; background-position: initial; background-size: initial; background-repeat: initial; background-attachment: initial; background-origin: initial; background-clip: initial;\"><span lang=\"EN-IN\" style=\"font-size: 11.5pt; font-family: Arial, sans-serif;\"></span></p><p style=\"margin: 0in 0in 18.75pt; font-size: 12pt; font-family: \"Times New Roman\", serif; background-image: initial; background-position: initial; background-size: initial; background-repeat: initial; background-attachment: initial; background-origin: initial; background-clip: initial;\"><span lang=\"EN-IN\" style=\"font-size: 11.5pt; font-family: Arial, sans-serif;\"></span></p><p class=\"MsoNormal\" style=\"margin: 0in 0in 10pt; font-size: 11pt; font-family: Calibri, sans-serif; line-height: 16.8667px;\"><span lang=\"EN-IN\" style=\"font-size: 11.5pt; line-height: 17.6333px; font-family: Arial, sans-serif;\"><o:p></o:p></span></p>','2020-10-03 15:00:00',1,'copyright_area',NULL,'2020-10-03 14:55:33','2020-10-03 14:57:18');
/*!40000 ALTER TABLE `pages` ENABLE KEYS */;
UNLOCK TABLES;

--
-- Table structure for table `password_resets`
--

DROP TABLE IF EXISTS `password_resets`;
/*!40101 SET @saved_cs_client     = @@character_set_client */;
/*!40101 SET character_set_client = utf8 */;
CREATE TABLE `password_resets` (
  `email` varchar(255) COLLATE utf8_unicode_ci NOT NULL,
  `token` varchar(255) COLLATE utf8_unicode_ci NOT NULL,
  `created_at` timestamp NOT NULL DEFAULT current_timestamp() ON UPDATE current_timestamp(),
  KEY `password_resets_email_index` (`email`),
  KEY `password_resets_token_index` (`token`)
) ENGINE=InnoDB DEFAULT CHARSET=utf8 COLLATE=utf8_unicode_ci;
/*!40101 SET character_set_client = @saved_cs_client */;

--
-- Dumping data for table `password_resets`
--

LOCK TABLES `password_resets` WRITE;
/*!40000 ALTER TABLE `password_resets` DISABLE KEYS */;
/*!40000 ALTER TABLE `password_resets` ENABLE KEYS */;
UNLOCK TABLES;

--
-- Table structure for table `payment_methods`
--

DROP TABLE IF EXISTS `payment_methods`;
/*!40101 SET @saved_cs_client     = @@character_set_client */;
/*!40101 SET character_set_client = utf8 */;
CREATE TABLE `payment_methods` (
  `id` int(10) unsigned NOT NULL AUTO_INCREMENT,
  `code` varchar(255) COLLATE utf8_unicode_ci NOT NULL,
  `name` varchar(255) COLLATE utf8_unicode_ci NOT NULL,
  `type` int(11) NOT NULL,
  `company_name` varchar(255) COLLATE utf8_unicode_ci DEFAULT NULL,
  `website` text COLLATE utf8_unicode_ci DEFAULT NULL,
  `help_doc_link` text COLLATE utf8_unicode_ci DEFAULT NULL,
  `terms_conditions_link` text COLLATE utf8_unicode_ci DEFAULT NULL,
  `description` text COLLATE utf8_unicode_ci DEFAULT NULL,
  `instructions` text COLLATE utf8_unicode_ci DEFAULT NULL,
  `admin_description` text COLLATE utf8_unicode_ci DEFAULT NULL,
  `admin_help_doc_link` text COLLATE utf8_unicode_ci DEFAULT NULL,
  `enabled` tinyint(1) NOT NULL DEFAULT 1,
  `order` int(11) NOT NULL DEFAULT 99,
  `created_at` timestamp NULL DEFAULT NULL,
  `updated_at` timestamp NULL DEFAULT NULL,
  PRIMARY KEY (`id`)
) ENGINE=InnoDB AUTO_INCREMENT=9 DEFAULT CHARSET=utf8 COLLATE=utf8_unicode_ci;
/*!40101 SET character_set_client = @saved_cs_client */;

--
-- Dumping data for table `payment_methods`
--

LOCK TABLES `payment_methods` WRITE;
/*!40000 ALTER TABLE `payment_methods` DISABLE KEYS */;
INSERT INTO `payment_methods` VALUES (1,'paypal-express','PayPal Express Checkout',1,'PayPal Inc.','https://www.paypal.com/','https://www.paypal.com/us/webapps/mpp/express-checkout',NULL,'Add PayPal as a payment method to allow customers to checkout with PayPal. Express Checkout offers the ease of convenience and security of PayPal, can turn more shoppers into buyers. You must have a PayPal business account to activate this payment method. - You must have a PayPal business account.<br/><strong>To activate PayPal Express: </strong><br/>- You must have a PayPal business account to accept payments.<br/>- Create an app to receive API credentials for testing and live transactions.<br/>- Go to this link to create your app: <small>https://developer.paypal.com/webapps/developer/applications/myapps</small>',NULL,'Add PayPal as a payment method to any checkout with Express Checkout. Express Checkout offers the ease of convenience and security of PayPal, can be set up in minutes and can turn more shoppers into buyers.','https://developer.paypal.com/docs/integration/direct/express-checkout/integration-jsv4/',0,1,'2020-10-01 19:25:58','2020-10-05 20:06:46'),(2,'stripe','Stripe',2,'Stripe Inc.','https://stripe.com/','https://stripe.com/docs/checkout/tutorial',NULL,'Stripe is one of the best and safe option to charge credit and debit cards around the world. Stripe has a simple fee structure and no hidden costs. No other gateway or merchant account is required. <br/><strong>By using Stripe: </strong><br/>- You have to connect our platform to your Stripe account. <br/>- You agree to Stripe\'s <a href=\"https://stripe.com/us/privacy\" target=\"_blank\">Terms of Service</a>.',NULL,'Stripe is one of the best and safe option to charge credit and debit cards around the world. Stripe has a product for marketplace like this. To enable Stripe to your vendors, you must have to register your platform with Stripe.<br/><strong> Follow This Simple steps:</strong><br/>- Create an Stripe application using the bellow information. <a href=\"https://stripe.com/docs/connect/quickstart\" target=\"_blank\">Check their documentation for help.</a><br/>- Update the .env file on your server with Stripe API credentials.<br/><br/><strong>Remember </strong> when you register your platform use this information: <br/>- Name: \'alakba\'<br/>- Website URL: \'https://alakba.com\'<br/>- Redirect URL: \'https://alakba.com/admin/setting/stripe/redirect\'','https://stripe.com/docs/connect/quickstart',1,2,'2020-10-01 19:25:58','2020-10-05 22:58:59'),(3,'authorize-net','Authorize.Net',2,'Authorize.Net','https://www.authorize.net/','https://www.authorize.net/support/',NULL,'More solutions for your business. More support when you need it. More strength to stand on. <br/><strong>By using Authorize.Net: </strong><br/>- You have to have an Authorize.Net account. <br/>- You agree to Authorize.Net\'s <a href=\"https://www.authorize.net/about-us/terms/\" target=\"_blank\">Terms of Use</a>.',NULL,'Authorize.Net helps makes it simple to accept electronic and credit card payments.','https://www.authorize.net/about-us/',0,3,'2020-10-01 19:25:58','2020-10-05 20:06:52'),(4,'cybersource','CyberSource',2,'CyberSource','https://cybersource.com/','https://www.cybersource.com/',NULL,'CyberSource is an E-commerce credit card payment system management company. Customers process online payments, streamline online fraud management, and simplify payment security. <br/><strong>By using CyberSource: </strong><br/>- You have to have your CyberSource account. <br/>- You agree to CyberSource\'s <a href=\"https://usa.visa.com/legal/privacy-policy.html\" target=\"_blank\">Terms of Service</a>.',NULL,'CyberSource is one of the most popular and Multi-Channel Payment Gateway.','https://developer.cybersource.com/api/developer-guides/dita-gettingstarted/registration.html',0,4,'2020-10-01 19:25:58','2020-10-05 20:06:54'),(5,'instamojo','Instamojo',2,'Instamojo Technologies Pvt. Ltd.','https://instamojo.com/','https://instamojo.com/docs/checkout/tutorial',NULL,'Instamojo is one of the most popular and Multi-Channel Payment Gateway for India - Accept Credit/Debit Cards, Wallets, Net Banking, UPI & EMI. <br/><strong>By using Instamojo: </strong><br/>- You have to have your Instamojo business account. <br/>- You agree to Instamojo\'s <a href=\"https://www.instamojo.com/terms/\" target=\"_blank\">Terms of Service</a>.',NULL,'Instamojo is one of the most popular and Multi-Channel Payment Gateway for India - Accept Credit/Debit Cards, Wallets, Net Banking, UPI & EMI. Enable Instamojo to your vendors.','https://www.instamojo.com/',0,5,'2020-10-01 19:25:58','2020-10-05 20:06:56'),(6,'paystack','Paystack',4,'Paystack','https://paystack.com/','https://paystack.helpscoutdocs.com/',NULL,'Modern online and offline payments for Africa. Paystack helps businesses in Africa get paid by anyone, anywhere in the world. <br/><strong>By using Paystack: </strong><br/>- You agree to Paystack\'s <a href=\"https://paystack.com/terms\" target=\"_blank\">Terms of Service</a>.',NULL,'Modern online and offline payments for Africa. Paystack helps businesses in Africa get paid by anyone, anywhere in the world.','https://paystack.helpscoutdocs.com/',1,1,'2020-10-01 19:25:58','2020-10-01 19:25:58'),(7,'cod','Cash On Delivery',3,'Cash on Delivery',NULL,NULL,NULL,'Cash on delivery (COD), sometimes called collect on delivery, is the sale of goods by mail order where payment is made on delivery rather than in advance.',NULL,'Cash on delivery (COD), sometimes called collect on delivery, is the sale of goods by mail order where payment is made on delivery rather than in advance.','',1,5,'2020-10-01 19:25:58','2020-10-01 19:25:58'),(8,'wire','Bank Wire Transfer',3,'Pay by bank wire transfer',NULL,NULL,NULL,'Pay by bank wire transfer,  transfer the invoice amount via wire tranfer to the merchant account and confirm manually. After payment confirmation the goods will be shipped.',NULL,'Pay by bank wire transfer,  transfer the invoice amount via wire tranfer to the merchant account and confirm manually. After payment confirmation the goods will be shipped.','',1,6,'2020-10-01 19:25:58','2020-10-01 19:25:58');
/*!40000 ALTER TABLE `payment_methods` ENABLE KEYS */;
UNLOCK TABLES;

--
-- Table structure for table `performance_indicators`
--

DROP TABLE IF EXISTS `performance_indicators`;
/*!40101 SET @saved_cs_client     = @@character_set_client */;
/*!40101 SET character_set_client = utf8 */;
CREATE TABLE `performance_indicators` (
  `id` int(10) unsigned NOT NULL AUTO_INCREMENT,
  `monthly_recurring_revenue` decimal(8,2) DEFAULT NULL,
  `daily_volume` decimal(8,2) DEFAULT NULL,
  `new_merchants` int(11) NOT NULL,
  `new_customers` int(11) NOT NULL,
  `created_at` timestamp NULL DEFAULT NULL,
  `updated_at` timestamp NULL DEFAULT NULL,
  PRIMARY KEY (`id`),
  KEY `performance_indicators_created_at_index` (`created_at`)
) ENGINE=InnoDB DEFAULT CHARSET=utf8 COLLATE=utf8_unicode_ci;
/*!40101 SET character_set_client = @saved_cs_client */;

--
-- Dumping data for table `performance_indicators`
--

LOCK TABLES `performance_indicators` WRITE;
/*!40000 ALTER TABLE `performance_indicators` DISABLE KEYS */;
/*!40000 ALTER TABLE `performance_indicators` ENABLE KEYS */;
UNLOCK TABLES;

--
-- Table structure for table `permission_role`
--

DROP TABLE IF EXISTS `permission_role`;
/*!40101 SET @saved_cs_client     = @@character_set_client */;
/*!40101 SET character_set_client = utf8 */;
CREATE TABLE `permission_role` (
  `permission_id` int(10) unsigned NOT NULL,
  `role_id` int(10) unsigned NOT NULL,
  `created_at` timestamp NULL DEFAULT NULL,
  `updated_at` timestamp NULL DEFAULT NULL,
  PRIMARY KEY (`permission_id`,`role_id`),
  KEY `permission_role_permission_id_index` (`permission_id`),
  KEY `permission_role_role_id_index` (`role_id`),
  CONSTRAINT `permission_role_permission_id_foreign` FOREIGN KEY (`permission_id`) REFERENCES `permissions` (`id`) ON DELETE CASCADE,
  CONSTRAINT `permission_role_role_id_foreign` FOREIGN KEY (`role_id`) REFERENCES `roles` (`id`) ON DELETE CASCADE
) ENGINE=InnoDB DEFAULT CHARSET=utf8 COLLATE=utf8_unicode_ci;
/*!40101 SET character_set_client = @saved_cs_client */;

--
-- Dumping data for table `permission_role`
--

LOCK TABLES `permission_role` WRITE;
/*!40000 ALTER TABLE `permission_role` DISABLE KEYS */;
INSERT INTO `permission_role` VALUES (1,2,'2020-10-01 19:25:58','2020-10-01 19:25:58'),(2,2,'2020-10-01 19:25:58','2020-10-01 19:25:58'),(2,3,'2020-10-01 19:25:58','2020-10-01 19:25:58'),(3,2,'2020-10-01 19:25:58','2020-10-01 19:25:58'),(3,3,'2020-10-01 19:25:58','2020-10-01 19:25:58'),(4,2,'2020-10-01 19:25:58','2020-10-01 19:25:58'),(4,3,'2020-10-01 19:25:58','2020-10-01 19:25:58'),(5,2,'2020-10-01 19:25:58','2020-10-01 19:25:58'),(5,3,'2020-10-01 19:25:58','2020-10-01 19:25:58'),(6,3,'2020-10-01 19:25:58','2020-10-01 19:25:58'),(7,3,'2020-10-01 19:25:58','2020-10-01 19:25:58'),(8,3,'2020-10-01 19:25:58','2020-10-01 19:25:58'),(9,3,'2020-10-01 19:25:58','2020-10-01 19:25:58'),(10,2,'2020-10-01 19:25:58','2020-10-01 19:25:58'),(11,2,'2020-10-01 19:25:58','2020-10-01 19:25:58'),(12,2,'2020-10-01 19:25:58','2020-10-01 19:25:58'),(13,2,'2020-10-01 19:25:58','2020-10-01 19:25:58'),(14,2,'2020-10-01 19:25:58','2020-10-01 19:25:58'),(15,2,'2020-10-01 19:25:58','2020-10-01 19:25:58'),(16,2,'2020-10-01 19:25:58','2020-10-01 19:25:58'),(17,2,'2020-10-01 19:25:58','2020-10-01 19:25:58'),(18,2,'2020-10-01 19:25:58','2020-10-01 19:25:58'),(19,2,'2020-10-01 19:25:58','2020-10-01 19:25:58'),(20,2,'2020-10-01 19:25:58','2020-10-01 19:25:58'),(21,2,'2020-10-01 19:25:58','2020-10-01 19:25:58'),(22,3,'2020-10-01 19:25:58','2020-10-01 19:25:58'),(23,3,'2020-10-01 19:25:58','2020-10-01 19:25:58'),(24,3,'2020-10-01 19:25:58','2020-10-01 19:25:58'),(25,3,'2020-10-01 19:25:58','2020-10-01 19:25:58'),(26,3,'2020-10-01 19:25:58','2020-10-01 19:25:58'),(27,3,'2020-10-01 19:25:58','2020-10-01 19:25:58'),(28,3,'2020-10-01 19:25:58','2020-10-01 19:25:58'),(29,3,'2020-10-01 19:25:58','2020-10-01 19:25:58'),(30,3,'2020-10-01 19:25:58','2020-10-01 19:25:58'),(31,3,'2020-10-01 19:25:58','2020-10-01 19:25:58'),(32,3,'2020-10-01 19:25:58','2020-10-01 19:25:58'),(33,3,'2020-10-01 19:25:58','2020-10-01 19:25:58'),(34,3,'2020-10-01 19:25:58','2020-10-01 19:25:58'),(35,2,'2020-10-01 19:25:58','2020-10-01 19:25:58'),(36,2,'2020-10-01 19:25:58','2020-10-01 19:25:58'),(37,2,'2020-10-01 19:25:58','2020-10-01 19:25:58'),(38,2,'2020-10-01 19:25:58','2020-10-01 19:25:58'),(39,2,'2020-10-01 19:25:58','2020-10-01 19:25:58'),(39,3,'2020-10-01 19:25:58','2020-10-01 19:25:58'),(40,2,'2020-10-01 19:25:58','2020-10-01 19:25:58'),(40,3,'2020-10-01 19:25:58','2020-10-01 19:25:58'),(41,3,'2020-10-01 19:25:58','2020-10-01 19:25:58'),(42,3,'2020-10-01 19:25:58','2020-10-01 19:25:58'),(43,3,'2020-10-01 19:25:58','2020-10-01 19:25:58'),(44,3,'2020-10-01 19:25:58','2020-10-01 19:25:58'),(45,2,'2020-10-01 19:25:58','2020-10-01 19:25:58'),(45,3,'2020-10-01 19:25:58','2020-10-01 19:25:58'),(46,2,'2020-10-01 19:25:58','2020-10-01 19:25:58'),(46,3,'2020-10-01 19:25:58','2020-10-01 19:25:58'),(47,2,'2020-10-01 19:25:58','2020-10-01 19:25:58'),(47,3,'2020-10-01 19:25:58','2020-10-01 19:25:58'),(48,2,'2020-10-01 19:25:58','2020-10-01 19:25:58'),(48,3,'2020-10-01 19:25:58','2020-10-01 19:25:58'),(49,2,'2020-10-01 19:25:58','2020-10-01 19:25:58'),(49,3,'2020-10-01 19:25:58','2020-10-01 19:25:58'),(50,2,'2020-10-01 19:25:58','2020-10-01 19:25:58'),(50,3,'2020-10-01 19:25:58','2020-10-01 19:25:58'),(51,2,'2020-10-01 19:25:58','2020-10-01 19:25:58'),(51,3,'2020-10-01 19:25:58','2020-10-01 19:25:58'),(52,2,'2020-10-01 19:25:58','2020-10-01 19:25:58'),(52,3,'2020-10-01 19:25:58','2020-10-01 19:25:58'),(53,2,'2020-10-01 19:25:58','2020-10-01 19:25:58'),(53,3,'2020-10-01 19:25:58','2020-10-01 19:25:58'),(54,3,'2020-10-01 19:25:58','2020-10-01 19:25:58'),(55,3,'2020-10-01 19:25:58','2020-10-01 19:25:58'),(56,3,'2020-10-01 19:25:58','2020-10-01 19:25:58'),(57,3,'2020-10-01 19:25:58','2020-10-01 19:25:58'),(58,3,'2020-10-01 19:25:58','2020-10-01 19:25:58'),(59,3,'2020-10-01 19:25:58','2020-10-01 19:25:58'),(60,3,'2020-10-01 19:25:58','2020-10-01 19:25:58'),(61,3,'2020-10-01 19:25:58','2020-10-01 19:25:58'),(62,3,'2020-10-01 19:25:58','2020-10-01 19:25:58'),(63,2,'2020-10-01 19:25:58','2020-10-01 19:25:58'),(63,3,'2020-10-01 19:25:58','2020-10-01 19:25:58'),(64,2,'2020-10-01 19:25:58','2020-10-01 19:25:58'),(64,3,'2020-10-01 19:25:58','2020-10-01 19:25:58'),(65,2,'2020-10-01 19:25:58','2020-10-01 19:25:58'),(65,3,'2020-10-01 19:25:58','2020-10-01 19:25:58'),(66,2,'2020-10-01 19:25:58','2020-10-01 19:25:58'),(66,3,'2020-10-01 19:25:58','2020-10-01 19:25:58'),(67,3,'2020-10-01 19:25:58','2020-10-01 19:25:58'),(68,3,'2020-10-01 19:25:58','2020-10-01 19:25:58'),(69,3,'2020-10-01 19:25:58','2020-10-01 19:25:58'),(70,3,'2020-10-01 19:25:58','2020-10-01 19:25:58'),(71,2,'2020-10-01 19:25:58','2020-10-01 19:25:58'),(71,3,'2020-10-01 19:25:58','2020-10-01 19:25:58'),(72,2,'2020-10-01 19:25:58','2020-10-01 19:25:58'),(72,3,'2020-10-01 19:25:58','2020-10-01 19:25:58'),(73,2,'2020-10-01 19:25:58','2020-10-01 19:25:58'),(73,3,'2020-10-01 19:25:58','2020-10-01 19:25:58'),(74,2,'2020-10-01 19:25:58','2020-10-01 19:25:58'),(74,3,'2020-10-01 19:25:58','2020-10-01 19:25:58'),(75,3,'2020-10-01 19:25:58','2020-10-01 19:25:58'),(76,3,'2020-10-01 19:25:58','2020-10-01 19:25:58'),(77,3,'2020-10-01 19:25:58','2020-10-01 19:25:58'),(78,3,'2020-10-01 19:25:58','2020-10-01 19:25:58'),(79,3,'2020-10-01 19:25:58','2020-10-01 19:25:58'),(80,3,'2020-10-01 19:25:58','2020-10-01 19:25:58'),(81,3,'2020-10-01 19:25:58','2020-10-01 19:25:58'),(82,3,'2020-10-01 19:25:58','2020-10-01 19:25:58'),(83,3,'2020-10-01 19:25:58','2020-10-01 19:25:58'),(84,3,'2020-10-01 19:25:58','2020-10-01 19:25:58'),(85,3,'2020-10-01 19:25:58','2020-10-01 19:25:58'),(86,2,'2020-10-01 19:25:58','2020-10-01 19:25:58'),(87,2,'2020-10-01 19:25:58','2020-10-01 19:25:58'),(88,3,'2020-10-01 19:25:58','2020-10-01 19:25:58'),(89,3,'2020-10-01 19:25:58','2020-10-01 19:25:58'),(90,3,'2020-10-01 19:25:58','2020-10-01 19:25:58'),(91,3,'2020-10-01 19:25:58','2020-10-01 19:25:58'),(92,2,'2020-10-01 19:25:58','2020-10-01 19:25:58'),(93,2,'2020-10-01 19:25:58','2020-10-01 19:25:58'),(94,2,'2020-10-01 19:25:58','2020-10-01 19:25:58'),(95,2,'2020-10-01 19:25:58','2020-10-01 19:25:58'),(96,2,'2020-10-01 19:25:58','2020-10-01 19:25:58'),(97,2,'2020-10-01 19:25:58','2020-10-01 19:25:58'),(98,2,'2020-10-01 19:25:58','2020-10-01 19:25:58'),(99,2,'2020-10-01 19:25:58','2020-10-01 19:25:58'),(100,2,'2020-10-01 19:25:58','2020-10-01 19:25:58'),(101,3,'2020-10-01 19:25:58','2020-10-01 19:25:58'),(102,3,'2020-10-01 19:25:58','2020-10-01 19:25:58'),(103,3,'2020-10-01 19:25:58','2020-10-01 19:25:58'),(104,3,'2020-10-01 19:25:58','2020-10-01 19:25:58'),(105,2,'2020-10-01 19:25:58','2020-10-01 19:25:58'),(105,3,'2020-10-01 19:25:58','2020-10-01 19:25:58'),(106,2,'2020-10-01 19:25:58','2020-10-01 19:25:58'),(106,3,'2020-10-01 19:25:58','2020-10-01 19:25:58'),(107,2,'2020-10-01 19:25:58','2020-10-01 19:25:58'),(107,3,'2020-10-01 19:25:58','2020-10-01 19:25:58'),(108,2,'2020-10-01 19:25:58','2020-10-01 19:25:58'),(108,3,'2020-10-01 19:25:58','2020-10-01 19:25:58'),(109,2,'2020-10-01 19:25:58','2020-10-01 19:25:58'),(109,3,'2020-10-01 19:25:58','2020-10-01 19:25:58'),(110,2,'2020-10-01 19:25:58','2020-10-01 19:25:58'),(111,2,'2020-10-01 19:25:58','2020-10-01 19:25:58'),(112,2,'2020-10-01 19:25:58','2020-10-01 19:25:58'),(113,2,'2020-10-01 19:25:58','2020-10-01 19:25:58');
/*!40000 ALTER TABLE `permission_role` ENABLE KEYS */;
UNLOCK TABLES;

--
-- Table structure for table `permissions`
--

DROP TABLE IF EXISTS `permissions`;
/*!40101 SET @saved_cs_client     = @@character_set_client */;
/*!40101 SET character_set_client = utf8 */;
CREATE TABLE `permissions` (
  `id` int(10) unsigned NOT NULL AUTO_INCREMENT,
  `module_id` int(10) unsigned NOT NULL,
  `name` varchar(255) COLLATE utf8_unicode_ci NOT NULL,
  `slug` varchar(255) COLLATE utf8_unicode_ci NOT NULL,
  `created_at` timestamp NULL DEFAULT NULL,
  `updated_at` timestamp NULL DEFAULT NULL,
  PRIMARY KEY (`id`),
  UNIQUE KEY `permissions_slug_unique` (`slug`),
  KEY `permissions_module_id_index` (`module_id`),
  CONSTRAINT `permissions_module_id_foreign` FOREIGN KEY (`module_id`) REFERENCES `modules` (`id`) ON DELETE CASCADE
) ENGINE=InnoDB AUTO_INCREMENT=114 DEFAULT CHARSET=utf8 COLLATE=utf8_unicode_ci;
/*!40101 SET character_set_client = @saved_cs_client */;

--
-- Dumping data for table `permissions`
--

LOCK TABLES `permissions` WRITE;
/*!40000 ALTER TABLE `permissions` DISABLE KEYS */;
INSERT INTO `permissions` VALUES (1,1,'Customize','customize_appearance','2020-10-01 19:25:58','2020-10-01 19:25:58'),(2,2,'View','view_attribute','2020-10-01 19:25:58','2020-10-01 19:25:58'),(3,2,'Add','add_attribute','2020-10-01 19:25:58','2020-10-01 19:25:58'),(4,2,'Edit','edit_attribute','2020-10-01 19:25:58','2020-10-01 19:25:58'),(5,2,'Delete','delete_attribute','2020-10-01 19:25:58','2020-10-01 19:25:58'),(6,3,'View','view_carrier','2020-10-01 19:25:58','2020-10-01 19:25:58'),(7,3,'Add','add_carrier','2020-10-01 19:25:58','2020-10-01 19:25:58'),(8,3,'Edit','edit_carrier','2020-10-01 19:25:58','2020-10-01 19:25:58'),(9,3,'Delete','delete_carrier','2020-10-01 19:25:58','2020-10-01 19:25:58'),(10,4,'View','view_category','2020-10-01 19:25:58','2020-10-01 19:25:58'),(11,4,'Add','add_category','2020-10-01 19:25:58','2020-10-01 19:25:58'),(12,4,'Edit','edit_category','2020-10-01 19:25:58','2020-10-01 19:25:58'),(13,4,'Delete','delete_category','2020-10-01 19:25:58','2020-10-01 19:25:58'),(14,5,'View','view_category_group','2020-10-01 19:25:58','2020-10-01 19:25:58'),(15,5,'Add','add_category_group','2020-10-01 19:25:58','2020-10-01 19:25:58'),(16,5,'Edit','edit_category_group','2020-10-01 19:25:58','2020-10-01 19:25:58'),(17,5,'Delete','delete_category_group','2020-10-01 19:25:58','2020-10-01 19:25:58'),(18,6,'View','view_category_sub_group','2020-10-01 19:25:58','2020-10-01 19:25:58'),(19,6,'Add','add_category_sub_group','2020-10-01 19:25:58','2020-10-01 19:25:58'),(20,6,'Edit','edit_category_sub_group','2020-10-01 19:25:58','2020-10-01 19:25:58'),(21,6,'Delete','delete_category_sub_group','2020-10-01 19:25:58','2020-10-01 19:25:58'),(22,7,'View','view_chat_conversation','2020-10-01 19:25:58','2020-10-01 19:25:58'),(23,7,'Reply','reply_chat_conversation','2020-10-01 19:25:58','2020-10-01 19:25:58'),(24,7,'Delete','delete_chat_conversation','2020-10-01 19:25:58','2020-10-01 19:25:58'),(25,8,'View','view_config','2020-10-01 19:25:58','2020-10-01 19:25:58'),(26,8,'Edit','edit_config','2020-10-01 19:25:58','2020-10-01 19:25:58'),(27,9,'View','view_coupon','2020-10-01 19:25:58','2020-10-01 19:25:58'),(28,9,'Add','add_coupon','2020-10-01 19:25:58','2020-10-01 19:25:58'),(29,9,'Edit','edit_coupon','2020-10-01 19:25:58','2020-10-01 19:25:58'),(30,9,'Delete','delete_coupon','2020-10-01 19:25:58','2020-10-01 19:25:58'),(31,10,'View','view_cart','2020-10-01 19:25:58','2020-10-01 19:25:58'),(32,10,'Add','add_cart','2020-10-01 19:25:58','2020-10-01 19:25:58'),(33,10,'Edit','edit_cart','2020-10-01 19:25:58','2020-10-01 19:25:58'),(34,10,'Delete','delete_cart','2020-10-01 19:25:58','2020-10-01 19:25:58'),(35,11,'View','view_customer','2020-10-01 19:25:58','2020-10-01 19:25:58'),(36,11,'Add','add_customer','2020-10-01 19:25:58','2020-10-01 19:25:58'),(37,11,'Edit','edit_customer','2020-10-01 19:25:58','2020-10-01 19:25:58'),(38,11,'Delete','delete_customer','2020-10-01 19:25:58','2020-10-01 19:25:58'),(39,12,'View','view_dispute','2020-10-01 19:25:58','2020-10-01 19:25:58'),(40,12,'Response','response_dispute','2020-10-01 19:25:58','2020-10-01 19:25:58'),(41,13,'View','view_inventory','2020-10-01 19:25:58','2020-10-01 19:25:58'),(42,13,'Add','add_inventory','2020-10-01 19:25:58','2020-10-01 19:25:58'),(43,13,'Edit','edit_inventory','2020-10-01 19:25:58','2020-10-01 19:25:58'),(44,13,'Delete','delete_inventory','2020-10-01 19:25:58','2020-10-01 19:25:58'),(45,14,'View','view_manufacturer','2020-10-01 19:25:58','2020-10-01 19:25:58'),(46,14,'Add','add_manufacturer','2020-10-01 19:25:58','2020-10-01 19:25:58'),(47,14,'Edit','edit_manufacturer','2020-10-01 19:25:58','2020-10-01 19:25:58'),(48,14,'Delete','delete_manufacturer','2020-10-01 19:25:58','2020-10-01 19:25:58'),(49,15,'View','view_message','2020-10-01 19:25:58','2020-10-01 19:25:58'),(50,15,'Add','add_message','2020-10-01 19:25:58','2020-10-01 19:25:58'),(51,15,'Update','update_message','2020-10-01 19:25:58','2020-10-01 19:25:58'),(52,15,'Delete','delete_message','2020-10-01 19:25:58','2020-10-01 19:25:58'),(53,15,'Reply','reply_message','2020-10-01 19:25:58','2020-10-01 19:25:58'),(54,17,'View','view_order','2020-10-01 19:25:58','2020-10-01 19:25:58'),(55,17,'Add','add_order','2020-10-01 19:25:58','2020-10-01 19:25:58'),(56,17,'Fulfill','fulfill_order','2020-10-01 19:25:58','2020-10-01 19:25:58'),(57,17,'Cancel','cancel_order','2020-10-01 19:25:58','2020-10-01 19:25:58'),(58,17,'Archive','archive_order','2020-10-01 19:25:58','2020-10-01 19:25:58'),(59,18,'View','view_packaging','2020-10-01 19:25:58','2020-10-01 19:25:58'),(60,18,'Add','add_packaging','2020-10-01 19:25:58','2020-10-01 19:25:58'),(61,18,'Edit','edit_packaging','2020-10-01 19:25:58','2020-10-01 19:25:58'),(62,18,'Delete','delete_packaging','2020-10-01 19:25:58','2020-10-01 19:25:58'),(63,19,'View','view_product','2020-10-01 19:25:58','2020-10-01 19:25:58'),(64,19,'Add','add_product','2020-10-01 19:25:58','2020-10-01 19:25:58'),(65,19,'Edit','edit_product','2020-10-01 19:25:58','2020-10-01 19:25:58'),(66,19,'Delete','delete_product','2020-10-01 19:25:58','2020-10-01 19:25:58'),(67,20,'View','view_refund','2020-10-01 19:25:58','2020-10-01 19:25:58'),(68,20,'Initiate','initiate_refund','2020-10-01 19:25:58','2020-10-01 19:25:58'),(69,20,'Update','update_refund','2020-10-01 19:25:58','2020-10-01 19:25:58'),(70,20,'Approve','approve_refund','2020-10-01 19:25:58','2020-10-01 19:25:58'),(71,21,'View','view_role','2020-10-01 19:25:58','2020-10-01 19:25:58'),(72,21,'Add','add_role','2020-10-01 19:25:58','2020-10-01 19:25:58'),(73,21,'Edit','edit_role','2020-10-01 19:25:58','2020-10-01 19:25:58'),(74,21,'Delete','delete_role','2020-10-01 19:25:58','2020-10-01 19:25:58'),(75,22,'View','view_supplier','2020-10-01 19:25:58','2020-10-01 19:25:58'),(76,22,'Add','add_supplier','2020-10-01 19:25:58','2020-10-01 19:25:58'),(77,22,'Edit','edit_supplier','2020-10-01 19:25:58','2020-10-01 19:25:58'),(78,22,'Delete','delete_supplier','2020-10-01 19:25:58','2020-10-01 19:25:58'),(79,24,'View','view_shipping_zone','2020-10-01 19:25:58','2020-10-01 19:25:58'),(80,24,'Add','add_shipping_zone','2020-10-01 19:25:58','2020-10-01 19:25:58'),(81,24,'Edit','edit_shipping_zone','2020-10-01 19:25:58','2020-10-01 19:25:58'),(82,24,'Delete','delete_shipping_zone','2020-10-01 19:25:58','2020-10-01 19:25:58'),(83,25,'Add','add_shipping_rate','2020-10-01 19:25:58','2020-10-01 19:25:58'),(84,25,'Edit','edit_shipping_rate','2020-10-01 19:25:58','2020-10-01 19:25:58'),(85,25,'Delete','delete_shipping_rate','2020-10-01 19:25:58','2020-10-01 19:25:58'),(86,27,'View','view_system_config','2020-10-01 19:25:58','2020-10-01 19:25:58'),(87,27,'Edit','edit_system_config','2020-10-01 19:25:58','2020-10-01 19:25:58'),(88,28,'View','view_tax','2020-10-01 19:25:58','2020-10-01 19:25:58'),(89,28,'Add','add_tax','2020-10-01 19:25:58','2020-10-01 19:25:58'),(90,28,'Edit','edit_tax','2020-10-01 19:25:58','2020-10-01 19:25:58'),(91,28,'Delete','delete_tax','2020-10-01 19:25:58','2020-10-01 19:25:58'),(92,29,'View','view_ticket','2020-10-01 19:25:58','2020-10-01 19:25:58'),(93,29,'Update','update_ticket','2020-10-01 19:25:58','2020-10-01 19:25:58'),(94,29,'Reply','reply_ticket','2020-10-01 19:25:58','2020-10-01 19:25:58'),(95,29,'Assign','assign_ticket','2020-10-01 19:25:58','2020-10-01 19:25:58'),(96,30,'View','view_vendor','2020-10-01 19:25:58','2020-10-01 19:25:58'),(97,30,'Add','add_vendor','2020-10-01 19:25:58','2020-10-01 19:25:58'),(98,30,'Edit','edit_vendor','2020-10-01 19:25:58','2020-10-01 19:25:58'),(99,30,'Delete','delete_vendor','2020-10-01 19:25:58','2020-10-01 19:25:58'),(100,30,'Login','login_vendor','2020-10-01 19:25:58','2020-10-01 19:25:58'),(101,31,'View','view_warehouse','2020-10-01 19:25:58','2020-10-01 19:25:58'),(102,31,'Add','add_warehouse','2020-10-01 19:25:58','2020-10-01 19:25:58'),(103,31,'Edit','edit_warehouse','2020-10-01 19:25:58','2020-10-01 19:25:58'),(104,31,'Delete','delete_warehouse','2020-10-01 19:25:58','2020-10-01 19:25:58'),(105,32,'View','view_user','2020-10-01 19:25:58','2020-10-01 19:25:58'),(106,32,'Add','add_user','2020-10-01 19:25:58','2020-10-01 19:25:58'),(107,32,'Edit','edit_user','2020-10-01 19:25:58','2020-10-01 19:25:58'),(108,32,'Delete','delete_user','2020-10-01 19:25:58','2020-10-01 19:25:58'),(109,32,'Login','login_user','2020-10-01 19:25:58','2020-10-01 19:25:58'),(110,33,'View','view_utility','2020-10-01 19:25:58','2020-10-01 19:25:58'),(111,33,'Add','add_utility','2020-10-01 19:25:58','2020-10-01 19:25:58'),(112,33,'Edit','edit_utility','2020-10-01 19:25:58','2020-10-01 19:25:58'),(113,33,'Delete','delete_utility','2020-10-01 19:25:58','2020-10-01 19:25:58');
/*!40000 ALTER TABLE `permissions` ENABLE KEYS */;
UNLOCK TABLES;

--
-- Table structure for table `products`
--

DROP TABLE IF EXISTS `products`;
/*!40101 SET @saved_cs_client     = @@character_set_client */;
/*!40101 SET character_set_client = utf8 */;
CREATE TABLE `products` (
  `id` bigint(20) unsigned NOT NULL AUTO_INCREMENT,
  `shop_id` int(10) unsigned DEFAULT NULL,
  `manufacturer_id` int(10) unsigned DEFAULT NULL,
  `brand` varchar(255) COLLATE utf8_unicode_ci DEFAULT NULL,
  `name` varchar(255) COLLATE utf8_unicode_ci NOT NULL,
  `model_number` varchar(255) COLLATE utf8_unicode_ci DEFAULT NULL,
  `mpn` varchar(255) COLLATE utf8_unicode_ci DEFAULT NULL,
  `gtin` varchar(255) COLLATE utf8_unicode_ci DEFAULT NULL,
  `gtin_type` varchar(255) COLLATE utf8_unicode_ci DEFAULT NULL,
  `description` longtext COLLATE utf8_unicode_ci DEFAULT NULL,
  `min_price` decimal(20,6) DEFAULT 0.000000,
  `max_price` decimal(20,6) DEFAULT NULL,
  `origin_country` int(10) unsigned DEFAULT NULL,
  `has_variant` tinyint(1) DEFAULT NULL,
  `requires_shipping` tinyint(1) DEFAULT 1,
  `downloadable` tinyint(1) DEFAULT NULL,
  `slug` varchar(255) COLLATE utf8_unicode_ci NOT NULL,
  `sale_count` bigint(20) DEFAULT NULL,
  `active` tinyint(1) NOT NULL DEFAULT 1,
  `deleted_at` timestamp NULL DEFAULT NULL,
  `created_at` timestamp NULL DEFAULT NULL,
  `updated_at` timestamp NULL DEFAULT NULL,
  PRIMARY KEY (`id`),
  UNIQUE KEY `products_slug_unique` (`slug`)
) ENGINE=InnoDB AUTO_INCREMENT=31 DEFAULT CHARSET=utf8 COLLATE=utf8_unicode_ci;
/*!40101 SET character_set_client = @saved_cs_client */;

--
-- Dumping data for table `products`
--

LOCK TABLES `products` WRITE;
/*!40000 ALTER TABLE `products` DISABLE KEYS */;
INSERT INTO `products` VALUES (1,1,5,'delectus','Dolores minus dolores deserunt odio.','quis fi063','932362035','4026399480205','EAN','Velit facere deserunt aspernatur eius rerum suscipit. Non qui quo tenetur quis. Repellendus animi eligendi repellat quia. Aut voluptas est qui.<p><br/><iframe frameborder=\"0\" src=\"//www.youtube.com/embed/eEzD-Y97ges\" class=\"note-video-clip\" style=\"width: 100%; height: 475px; float: none;\"></iframe></p><br/>Vel dolor cumque quia voluptatem officia provident facilis deleniti. Aut voluptas molestias dicta. Perspiciatis sed inventore rem aut.<img src=\"https://picsum.photos/640/360.webp\" style=\"width: 50%; float: right;\">Et aliquid ut voluptate perferendis. Nemo qui aspernatur omnis ut veniam commodi quas. Eveniet ullam deserunt molestias beatae molestias reprehenderit occaecati. Dolorem et cupiditate quia commodi. Labore maxime quae qui reiciendis. Earum temporibus consequatur ratione omnis dolorum ipsa. Eos quo libero quidem est nisi. Odio id sapiente vitae enim ut architecto non harum. Ut est consequuntur odio nostrum tempora ratione. Officiis et ut sint inventore tempore aut ad. Ex nesciunt perspiciatis possimus. Autem dolor voluptates saepe pariatur recusandae ea porro. Asperiores temporibus fugiat hic ab laudantium enim harum unde. Possimus facere in debitis esse porro ut sit. Nihil laudantium omnis natus dicta nihil. Labore id praesentium deleniti quo sit non. Eius odit et voluptas impedit. Autem voluptatibus tenetur expedita est velit aperiam. Quis quod ipsum quidem.<p><br/><img src=\"http://placeimg.com/640/360/any\" style=\"width: 100%; float: none;\"></p><br/>Qui qui autem cum et. Voluptatem neque aut accusamus facere laborum nihil optio. Blanditiis libero voluptas nisi aut. Et quia rerum quo voluptas. Qui aut quo dignissimos.',0.000000,NULL,499,0,1,NULL,'ea-ea-rerum-soluta-placeat-sit-tempore-consequatur',2,1,NULL,'2020-09-16 19:26:29','2020-09-17 19:26:29'),(2,NULL,4,'aliquid','Recusandae ut minus aliquid quia quas.','tenetur ru516','995','8386613156382','JAN','Possimus pariatur blanditiis eum minus itaque dolorum nemo. Fuga quaerat fugit natus. Voluptate est cupiditate veritatis unde quam saepe. Ducimus nulla consequatur et soluta maxime est. Aut minima voluptatem non corporis officiis dicta. Soluta rerum quasi hic.<p><br/><iframe frameborder=\"0\" src=\"//www.youtube.com/embed/AVpcxtH8hWg\" class=\"note-video-clip\" style=\"width: 100%; height: 475px; float: none;\"></iframe></p><br/>Voluptatibus velit modi nobis iure temporibus impedit. Et in omnis omnis qui laborum dolorum saepe. Non recusandae dolorem modi nihil accusamus et. Possimus facere ut repellat qui. Dolore animi perferendis est. Dolor temporibus ut qui. Nemo incidunt voluptas qui dolorum qui.<img src=\"http://placeimg.com/640/360/any\" style=\"width: 50%; float: right;\">Est odio veritatis excepturi ut dolor aperiam porro. Dicta praesentium esse et sit nostrum. Doloremque ut maiores quia dicta est incidunt sunt. Quo optio qui eos tempore consequatur porro enim. Doloribus id accusamus placeat quisquam. Nam ducimus quos tenetur aut nostrum. Esse maiores sunt tempore earum doloribus possimus. Placeat debitis atque dolores. Quidem asperiores ab eos quo minus deleniti facere. Praesentium et qui eum quia et. Qui et quo consequatur nostrum. Eos qui veritatis ab voluptas et. Recusandae esse voluptatum voluptas assumenda ipsum quas optio. Facere excepturi ad eum odit sunt sed. Possimus rerum dolores porro reprehenderit qui quo. Ducimus voluptatem vero et perspiciatis sunt. Dolore dolorem sed sit dicta illo quas corrupti. Omnis aut accusantium voluptas magni ipsam deserunt veritatis. Sit ullam assumenda vitae nostrum nostrum vel et. Vitae voluptate sed enim corrupti dolores illum. Ipsam et recusandae facere. Enim accusantium vero voluptatem consectetur et eligendi. Soluta sunt excepturi architecto recusandae libero voluptatum. Molestiae dolores molestias autem rem error delectus minima sed. Consequatur quia ut quisquam et. Voluptatem soluta asperiores error impedit et suscipit. Enim ex asperiores nulla vel incidunt. Quam nisi recusandae corporis maiores reprehenderit necessitatibus. Ducimus illo aut et quia non quas rerum. Qui sit numquam repellendus placeat. Cupiditate ut dolores molestias iste nam. Ipsum modi veniam accusantium qui et perspiciatis. Esse voluptatum quibusdam dolor qui hic est debitis ut. Velit ipsum provident facilis sit. Et minima perspiciatis minima id aliquid.<p><br/><img src=\"http://placeimg.com/640/360/any\" style=\"width: 100%; float: none;\"></p><br/>Voluptatem id rerum nostrum. Aut nisi tempora nihil quidem. Enim nostrum consequatur nihil tempora soluta veniam voluptate. Modi dolor qui suscipit eos et beatae et.',0.000000,NULL,364,1,1,NULL,'totam-sed-velit-quis',6,1,NULL,'2020-09-16 19:26:29','2020-09-17 19:26:29'),(3,1,1,'quo','Aut ipsa rerum sint.','et en169','398','1546488851486','ITF','Reprehenderit sint et vel nesciunt qui. Voluptates quidem id ex deleniti totam labore. Recusandae magni sed dolorum quod. Est sunt numquam temporibus neque. Numquam et voluptatem nemo minus. Voluptas pariatur enim iusto quasi in. Est esse at commodi. Vitae est quisquam voluptatem dolor inventore.<p><br/><iframe frameborder=\"0\" src=\"//www.youtube.com/embed/AVpcxtH8hWg\" class=\"note-video-clip\" style=\"width: 100%; height: 475px; float: none;\"></iframe></p><br/>Eum reprehenderit sequi vero fuga hic. Vel odit maxime et vitae magnam quibusdam. Suscipit vitae soluta harum rerum et. Molestiae aperiam voluptatem quam.<img src=\"https://picsum.photos/640/360.webp\" style=\"width: 50%; float: right;\">Ipsum veniam qui eum odio voluptatem voluptatem provident enim. Saepe voluptatem voluptatem totam et aut inventore eos. Nemo quae vero autem voluptatibus nihil. Est vel non repellat voluptatem exercitationem itaque sit. Beatae vel veritatis corrupti sequi et exercitationem autem. Et dolores architecto amet animi error. Est velit maxime at animi et. Repellat et a voluptatem praesentium et itaque. Incidunt ut nihil placeat dolorum. Excepturi omnis ullam similique in. Nisi omnis et ut dignissimos quia. Consequuntur sint error occaecati culpa eveniet. In distinctio consequatur facere aut et cum ea officiis. Aspernatur neque tenetur et asperiores maiores. Doloribus et consequatur qui ex velit nesciunt doloribus ut. Enim voluptas animi quaerat aut nostrum nihil occaecati itaque. Ea doloribus eum qui qui inventore asperiores quo. Qui atque temporibus ipsam ullam adipisci reiciendis. Sit tempore eos eos quam aperiam fuga nihil. Voluptatem quisquam voluptas eius dolorem neque. Quis sequi dolore eius placeat asperiores natus reiciendis. Mollitia quod asperiores nostrum quia iste. Et sint dolore iste rerum voluptatem. Corrupti praesentium tempora necessitatibus soluta consectetur accusamus. Iure quo facere quos velit. Perferendis enim et repellendus officiis dicta dolorem doloribus. Quia placeat sed modi aut voluptatem iste neque.<p><br/><img src=\"https://loremflickr.com/640/360\" style=\"width: 100%; float: none;\"></p><br/>Animi illum explicabo odit in asperiores omnis. Doloremque at odio tempore. Odio fuga ipsa aliquam enim dignissimos repellat sed. Ea perspiciatis reiciendis perferendis nihil esse eum. Aut magni qui aut aut distinctio exercitationem dolorum quibusdam. Sed quis molestiae velit. Et numquam eum eum nisi iure eaque. Et autem ipsam unde beatae soluta.',0.000000,NULL,4,0,1,NULL,'repudiandae-expedita-minima-iste',0,1,NULL,'2020-09-17 19:26:29','2020-09-21 19:26:29'),(4,NULL,2,'exercitationem','Qui provident deserunt et.','quibusdam ho383','904460922','2155827679651','JAN','Quia molestiae quod deserunt necessitatibus corrupti voluptas sequi repudiandae. Autem sit quia vero optio et. Consequuntur ipsam earum ipsam tenetur.<p><br/><iframe frameborder=\"0\" src=\"//www.youtube.com/embed/7abGwVjXSY4\" class=\"note-video-clip\" style=\"width: 100%; height: 475px; float: none;\"></iframe></p><br/>Qui ullam veritatis quis culpa. Sit quia sunt cum consequatur officia. Et quas nam minus error.<img src=\"http://placeimg.com/640/360/any\" style=\"width: 50%; float: right;\">Earum quia vel omnis voluptatem nesciunt voluptatem. Numquam officia molestiae eos voluptas. Sunt porro animi laborum quos aut ut quo. Ipsa sed et et accusamus voluptates provident voluptatem aliquid. Reprehenderit dolor est maxime quibusdam. Ea maxime labore nobis. Quibusdam aliquam vel magnam fugit. Sint illo praesentium voluptatem velit et. Voluptatem est aut ad officia qui. Aspernatur rem repellat aperiam quia dignissimos ex enim soluta. Et deleniti et est blanditiis sunt nam. Porro et quos reprehenderit impedit qui laboriosam. Molestiae nam minima eum reiciendis rerum est. Sed aut repudiandae corrupti laborum aut sed rerum. Expedita fugit mollitia eveniet ullam. Sit incidunt non illum. Et dolor laborum nihil natus hic. Eos rerum qui itaque perspiciatis vel. Doloribus incidunt ducimus soluta aut. Ipsam laborum quam in placeat vel ut nam. Aspernatur velit reiciendis aut voluptatem ducimus voluptas maiores laborum.<p><br/><img src=\"https://loremflickr.com/640/360\" style=\"width: 100%; float: none;\"></p><br/>Ut quidem omnis fuga quos sequi. Laudantium nesciunt non quae. Sed laudantium asperiores dolore ut aliquam. Minima fugiat sit occaecati id ea dolor ex.',0.000000,NULL,705,0,1,NULL,'non-est-voluptatum-dicta-doloribus-officia-architecto',6,1,NULL,'2020-09-25 19:26:29','2020-09-20 19:26:29'),(5,1,2,'sunt','Labore minima voluptatem impedit omnis at.','eaque lh593','7353068','8924842544572','ISBN','Consequuntur dolorem ut sed odio. Vitae voluptatem tempora ut dolores. Illum ad qui nam ut est. Excepturi necessitatibus aliquid est. Et recusandae natus voluptas sed. Nobis quia et distinctio aut quisquam.<p><br/><iframe frameborder=\"0\" src=\"//www.youtube.com/embed/tJlzIJaokVY\" class=\"note-video-clip\" style=\"width: 100%; height: 475px; float: none;\"></iframe></p><br/>Facilis eligendi quibusdam quam illo. Expedita ut illo sunt est aperiam.<img src=\"https://picsum.photos/640/360.webp\" style=\"width: 50%; float: right;\">Et vel commodi consequuntur adipisci suscipit. Enim voluptatum provident ipsum ab soluta. Qui inventore unde velit unde similique dolores. Dolor debitis et mollitia voluptatibus praesentium quia sequi voluptatibus. Quis impedit in laudantium minus. Quia a sit dolores. Rerum itaque tempora eum nesciunt voluptatem. Non quia modi rerum sed est error. Commodi quia et placeat mollitia et eum dolor. Aut impedit libero sit ut eveniet veniam facilis enim. Autem libero perspiciatis sequi atque sapiente id excepturi. Voluptatibus odio sed id minus. Dolores veniam voluptatem cumque dolor laborum. Quia error porro est harum est. Quia assumenda aut et quasi autem ab. Quia aut odio quia nemo molestiae. Debitis et nesciunt neque sunt. Reprehenderit esse quibusdam aliquid sed. Non voluptas blanditiis voluptas. Tenetur ut quasi tempore voluptatum a. Consequatur impedit sint error dolores facere doloribus rerum.<p><br/><img src=\"http://placeimg.com/640/360/any\" style=\"width: 100%; float: none;\"></p><br/>Sunt iste veniam quod tempore eligendi et consequatur. Sint sed nesciunt ut. Reiciendis et quas officiis voluptatem voluptates. Ut praesentium ducimus omnis quia sunt dolores temporibus. Incidunt corporis ratione reprehenderit officiis eaque modi voluptas. Autem ut beatae labore quia quia.',0.000000,NULL,499,1,1,NULL,'ut-neque-sunt-sunt-vitae-et-ad-ex-dolores',7,1,NULL,'2020-09-27 19:26:29','2020-09-30 19:26:29'),(6,1,4,'cumque','Sit harum vel magni aut vitae excepturi.','odit gj302','338','9571844303158','ITF','Vitae similique dolorem doloribus alias labore nihil. Omnis molestiae ipsum dicta odit distinctio voluptas. Sit excepturi sunt repellendus dolores facilis nihil. Nemo ipsum et vero.<p><br/><iframe frameborder=\"0\" src=\"//www.youtube.com/embed/n7EmdNsKIhk\" class=\"note-video-clip\" style=\"width: 100%; height: 475px; float: none;\"></iframe></p><br/>Accusamus quam doloremque in sed. Architecto mollitia quia voluptates ut.<img src=\"http://placeimg.com/640/360/any\" style=\"width: 50%; float: right;\">Quisquam incidunt minima enim ut et eum. Ab a eius necessitatibus delectus. Dolorem veritatis ab repellendus modi tempore aut. Et aliquam est et a recusandae. Omnis ut sequi rerum adipisci. Rem dolorem molestias eaque ut vel excepturi. Et quo possimus natus ut voluptatem molestiae. Mollitia quod eaque est minima veritatis odio. Corporis sit autem pariatur sed similique est. Omnis saepe qui dolores voluptas nisi reprehenderit. Non et velit quo cupiditate sunt doloribus. Provident enim quas minus praesentium totam itaque. Possimus aspernatur cupiditate maiores. Doloremque qui doloribus alias aut. Quis adipisci velit veniam autem aperiam vitae sint. Cumque non qui voluptatem doloribus et sapiente magni. Voluptatibus rerum non odit sint qui quaerat. Accusamus ut sint quis hic aut vero est. Maiores sed est aliquam eaque velit est quas. Quis ut labore doloribus modi nihil vel. Ut ipsum velit impedit natus amet facilis voluptates. Incidunt numquam provident et assumenda. Deleniti tempore laborum quia a deleniti dolores architecto. Itaque earum minus modi excepturi porro. Eos exercitationem ipsam temporibus nobis earum.<p><br/><img src=\"https://picsum.photos/640/360.webp\" style=\"width: 100%; float: none;\"></p><br/>Assumenda autem dolor vero sint laudantium impedit perferendis. Expedita sed quae occaecati reiciendis omnis ut. Quam provident quo et itaque.',0.000000,NULL,748,1,1,NULL,'quis-quae-saepe-nesciunt-eligendi-eius-rem-nam',3,1,NULL,'2020-09-20 19:26:29','2020-09-21 19:26:29'),(7,1,3,'occaecati','Harum sequi voluptatem dolore aut.','cupiditate xp212','5','0995458090072','EAN','Earum facilis ad sed adipisci rerum. Accusamus dolores sit illo sapiente numquam. Quas doloremque odio molestiae.<p><br/><iframe frameborder=\"0\" src=\"//www.youtube.com/embed/7abGwVjXSY4\" class=\"note-video-clip\" style=\"width: 100%; height: 475px; float: none;\"></iframe></p><br/>Dolorum fugit consequatur maxime explicabo. Facilis nihil ducimus rerum et sunt.<img src=\"https://loremflickr.com/640/360\" style=\"width: 50%; float: right;\">Deleniti qui aut rerum voluptatem laborum magnam ipsum qui. Ratione harum voluptatum minima suscipit. Vel in alias et illum dolor numquam. Quibusdam in quia mollitia debitis voluptate qui. Et excepturi veniam voluptates distinctio magni. Voluptatum aliquam laudantium molestiae accusantium non. Veniam et dolores iusto dolorem et molestias est. Voluptatem nihil fugiat natus est eveniet saepe iure. Sed id enim sit beatae magni alias praesentium. Mollitia alias quisquam reprehenderit sed eveniet quos dignissimos. Quia et ut ut atque voluptatem sunt. Quod incidunt ullam est eum dignissimos numquam. Soluta velit inventore eaque deleniti. Voluptatem ab expedita officiis est totam doloremque laudantium. Nulla commodi fuga tenetur minus dignissimos minus ullam consequuntur. Vitae a quasi eum sed. Sapiente expedita dolores omnis. Nisi fuga rerum labore exercitationem optio. Laudantium voluptatibus qui aperiam consequatur consequatur minima. Sit qui et voluptate quibusdam. Eos ipsam est porro quisquam. Quod ut ex ut mollitia voluptatem aut. Exercitationem ipsa earum numquam hic fugiat mollitia distinctio. Perspiciatis qui id nostrum et enim quisquam. Quo officia dicta similique omnis ex libero illum ut. Aliquid perferendis et est ut est debitis ut libero. Beatae provident eveniet in molestias. Harum rerum aut nihil quia sed veritatis. Facere enim cumque aut blanditiis at sed ipsam. Et vitae vero excepturi voluptatem laudantium. Distinctio adipisci quisquam odio illum. Ad asperiores odio in rerum modi. Ut doloribus aut reprehenderit autem ut consequatur quisquam. Quo sint enim ex impedit. Eum ut distinctio ut. Et eligendi consequatur beatae porro. A minus explicabo itaque. Quaerat voluptatem magnam explicabo. Consequatur laborum esse veritatis aliquid.<p><br/><img src=\"https://loremflickr.com/640/360\" style=\"width: 100%; float: none;\"></p><br/>Et blanditiis quas magnam. Impedit dignissimos quis sed sed doloremque omnis fugit. Odit blanditiis labore a quia. Possimus repellendus est praesentium voluptatibus et rerum.',0.000000,NULL,887,1,1,NULL,'voluptas-non-sequi-ipsam-minima-doloremque-ea-est',3,1,NULL,'2020-09-30 19:26:29','2020-09-28 19:26:29'),(8,NULL,4,'eos','Enim aperiam laboriosam quos quidem autem odit et.','ut ff161','2','8805842852044','ITF','Magni recusandae enim quia dolor inventore. Deserunt distinctio officiis perspiciatis beatae. Aut consequatur quasi eveniet nihil nihil et. Officia vel dolor enim. Quasi fugit quo ad consequuntur. Et vel sapiente ut voluptatem nulla. Consequuntur dolor ipsum voluptatem nostrum praesentium.<p><br/><iframe frameborder=\"0\" src=\"//www.youtube.com/embed/tJlzIJaokVY\" class=\"note-video-clip\" style=\"width: 100%; height: 475px; float: none;\"></iframe></p><br/>Praesentium necessitatibus aut reiciendis. Et ipsum deserunt voluptatem eos dolorem tenetur.<img src=\"https://loremflickr.com/640/360\" style=\"width: 50%; float: right;\">Nam corporis corporis eligendi ipsam ullam repellat. Et qui quia ea repellendus itaque ut accusantium. Excepturi omnis eum harum ducimus fuga eligendi officiis. Quibusdam magni cum harum illum non totam. Mollitia quia minus doloremque necessitatibus. Ex hic vel ut qui iure. Et et ut illum quis corrupti minus reiciendis. Adipisci unde rerum at magnam recusandae voluptate. Minus doloremque harum adipisci et. Cupiditate repellendus tenetur qui modi eveniet. Nemo minima sapiente ut itaque voluptates. Sunt qui dicta a quo commodi ad. Ea qui similique delectus ipsum sequi quis quas. Qui rerum animi magni nulla aspernatur. Distinctio magni a quo. Sed voluptatum modi ab dolores. Reprehenderit soluta quo delectus ea tempore ut reiciendis. Officiis et rerum quam delectus temporibus provident adipisci perferendis. Facilis commodi et magni qui exercitationem. Provident et maiores nisi et accusantium laborum ut. Rem laborum tempore consequatur ipsum aliquam. Eligendi expedita cum alias quam sapiente occaecati ducimus. Commodi nam consectetur dolore sit quibusdam neque. Fugiat non eveniet est. Mollitia exercitationem sint et corrupti est soluta qui. Et iste fugiat impedit. Odit omnis error odit laudantium modi et dolores est. Blanditiis eos dicta qui enim minima deleniti unde. Quia nemo enim facere fuga numquam. Consequatur sit id pariatur quis. Ratione qui aut et. Suscipit commodi consequuntur eos assumenda fuga. Maiores mollitia neque qui et accusamus consequuntur. Assumenda consectetur eveniet est dolores. Neque cupiditate animi voluptatem minima harum asperiores.<p><br/><img src=\"http://placeimg.com/640/360/any\" style=\"width: 100%; float: none;\"></p><br/>Expedita enim officiis sit ab. Beatae maiores tenetur fugit maiores officiis non eos. Quia ut odit consequatur.',0.000000,NULL,762,1,1,NULL,'non-aspernatur-commodi-aut-quod-incidunt-ea-provident',2,1,NULL,'2020-09-21 19:26:29','2020-09-21 19:26:29'),(9,1,3,'et','Quia expedita odio rerum id tempore qui.','sint su148','85070','9812262327815','UPC','Voluptatibus voluptates et neque deleniti temporibus nulla fugit ut. Voluptas magnam ratione nesciunt non. Quia ut maxime ut ipsam sed ut. Eveniet at aut qui totam. Qui eos dolor placeat dolorum ut. Ad officiis et culpa nihil natus illo voluptas.<p><br/><iframe frameborder=\"0\" src=\"//www.youtube.com/embed/TGbUpEJ1z-k\" class=\"note-video-clip\" style=\"width: 100%; height: 475px; float: none;\"></iframe></p><br/>Itaque eum assumenda amet consequatur omnis veritatis. Voluptatem quibusdam at rerum. Et tempora vel soluta rem ut nostrum. Sequi sed qui sequi ipsum laborum. Id consequatur a illum voluptas. Et voluptas at et et sint.<img src=\"http://placeimg.com/640/360/any\" style=\"width: 50%; float: right;\">Velit quisquam nulla qui. Consequatur eos doloribus nemo velit suscipit. Enim iste iusto ab qui consectetur eveniet natus est. Atque non voluptas quo maxime. Placeat culpa et animi fugiat voluptatem qui. Sed beatae aut laboriosam eos itaque vel. Beatae temporibus quibusdam voluptatem nesciunt impedit ut. Quis et natus at vel. Rem repellendus rerum harum aut error. Asperiores aut architecto minima. Id fugit natus repellendus blanditiis. Eligendi sit eaque architecto quo libero ut saepe. Magni ut vel temporibus. Qui hic et vel nulla recusandae. Laudantium consequuntur iure soluta. Totam explicabo dolorum ea culpa omnis adipisci vitae. Molestias omnis voluptatem aut. Ut voluptatem temporibus aperiam rerum et repudiandae nesciunt amet. Nisi dignissimos autem saepe voluptas assumenda animi alias officia. Ea maxime in id. Temporibus omnis aliquam et impedit illo dolor aut rerum. Non reiciendis qui totam vero. Ut veniam recusandae ipsum corrupti. Eius ut facere velit a velit ipsum iure nemo.<p><br/><img src=\"http://placeimg.com/640/360/any\" style=\"width: 100%; float: none;\"></p><br/>Id saepe sed eos. Placeat cumque consequatur molestias aut fugiat optio rerum. Quasi rerum animi occaecati modi quidem.',0.000000,NULL,266,1,1,NULL,'illo-harum-et-perferendis',6,1,NULL,'2020-09-23 19:26:29','2020-09-29 19:26:29'),(10,1,2,'fugit','Numquam natus quis voluptatem ex pariatur.','voluptatem kf237','127','2033961622156','JAN','Pariatur voluptatibus tempore nihil sint id laboriosam. In quia non facilis nulla perferendis animi sint. Modi asperiores ut odio fugiat magni atque. Ut occaecati omnis officia voluptatem.<p><br/><iframe frameborder=\"0\" src=\"//www.youtube.com/embed/AVpcxtH8hWg\" class=\"note-video-clip\" style=\"width: 100%; height: 475px; float: none;\"></iframe></p><br/>Sit repellendus tempore vero et explicabo. Aliquid accusamus velit deleniti laudantium itaque asperiores. Voluptatem dolorem eum assumenda. Est minus qui ut.<img src=\"https://picsum.photos/640/360.webp\" style=\"width: 50%; float: right;\">Rem atque eligendi est fuga et dignissimos ullam natus. Voluptate ducimus consequatur laudantium qui cupiditate hic. Et omnis sed repellat et. Eius aperiam velit totam pariatur occaecati. Non odit voluptatem commodi iure suscipit. Voluptatem unde id consectetur omnis in. Voluptates officia voluptate aut quas in voluptate. Numquam itaque et earum harum nostrum blanditiis nulla. Aliquid pariatur blanditiis deserunt ut aut. Veritatis exercitationem qui qui magnam omnis ut est. Iusto voluptas et fugiat veniam aut laborum. Quia dolore cumque commodi quo tempore quidem cupiditate. Facilis sed quae voluptatem numquam debitis a dolor. Autem non beatae quidem est illum consequatur nobis neque. Et accusantium quos non accusantium odit. Doloribus assumenda officia enim. Est fugiat ut sapiente sint repudiandae commodi. Reiciendis laboriosam optio quia ea aut voluptas aspernatur. In velit consequatur quam qui et. Eum recusandae cupiditate illo laudantium sit. Error omnis similique nemo vitae deleniti voluptate sed. Quidem voluptas possimus sunt unde placeat voluptatem. Unde saepe assumenda quidem et omnis quaerat. Eum molestiae id et omnis facere non molestias. Amet libero rerum reiciendis ut ab assumenda porro. Dolorem ea sunt similique commodi similique aliquid. Perferendis quasi possimus eos commodi dolorem et. Eligendi nisi distinctio distinctio quia. Sed omnis et dolore non quasi ipsam et dolore. Harum nihil dolorem et reprehenderit nulla aliquam ut consequatur. Quis sed aut error magnam deleniti et. Voluptas cum veniam quisquam qui consequatur aut architecto. Qui id incidunt laboriosam voluptatem. Dicta ut beatae libero at sed iusto facilis.<p><br/><img src=\"https://picsum.photos/640/360.webp\" style=\"width: 100%; float: none;\"></p><br/>Repellat expedita omnis fuga nostrum voluptatem nihil et. Vel veritatis omnis voluptatem. Fugiat quisquam dignissimos a in. Possimus repudiandae aut et rerum similique rerum. Aut quibusdam nesciunt molestias minus at. Optio dolorum nihil qui vitae voluptatem asperiores molestiae.',0.000000,NULL,166,0,1,NULL,'aspernatur-debitis-sed-et-ab-modi-explicabo',1,1,NULL,'2020-09-18 19:26:29','2020-09-16 19:26:29'),(11,1,3,'asperiores','Labore sit quas qui quia.','quia bs676','252','9705156285677','UPC','Magnam molestiae repudiandae unde et molestiae recusandae eum. Est ratione sunt eum. Cupiditate et quisquam ducimus sed odit. Repellendus ut molestiae quas ea. Voluptatem cumque et numquam consectetur nemo ullam.<p><br/><iframe frameborder=\"0\" src=\"//www.youtube.com/embed/AVpcxtH8hWg\" class=\"note-video-clip\" style=\"width: 100%; height: 475px; float: none;\"></iframe></p><br/>Dignissimos aliquid similique dolor inventore voluptatum voluptas. Sint aut explicabo vitae dolores nam fugiat. Labore nesciunt eum nihil illo. Perspiciatis omnis omnis quaerat quod. Placeat voluptatem natus vitae facilis. Magnam voluptatum est consequatur impedit ut exercitationem sint.<img src=\"https://picsum.photos/640/360.webp\" style=\"width: 50%; float: right;\">Voluptas qui totam architecto velit asperiores repellendus nemo. Placeat quo voluptatem expedita est molestiae. Qui iure sed nihil sapiente quae. Odio eos accusantium repellendus voluptatem aliquid sed sequi. Repudiandae qui voluptatem est exercitationem ut. Corrupti aspernatur esse est est illum vitae assumenda. Voluptate unde culpa rerum voluptatem est autem amet. A dicta hic aspernatur est facere dolorum qui. Nisi nisi dignissimos voluptates omnis. Esse nobis laboriosam voluptatem et ratione. Deleniti ut perferendis dolore aliquid itaque eius assumenda veritatis. Eum quidem est nesciunt. Facilis vitae autem neque cum. Rerum odit nesciunt quia sit dolorum quisquam quia. Sit dolor architecto alias eligendi assumenda et a. Corporis corrupti tempore est nemo ut sapiente doloremque. A nemo quo libero et expedita dicta. Ea fugiat ut odio. Et culpa recusandae accusamus ut. Quas distinctio officiis dolores rem.<p><br/><img src=\"https://picsum.photos/640/360.webp\" style=\"width: 100%; float: none;\"></p><br/>Et totam provident est quia delectus recusandae. Animi tempore et quae recusandae maxime dignissimos. Voluptatem est velit enim quia in eos. Laudantium ea pariatur iusto ea et aut sed. Eos molestiae aspernatur iste est. Ipsum dolor voluptatem libero libero autem minima reprehenderit quos. Laboriosam consectetur natus dolor expedita repellendus nihil eligendi.',0.000000,NULL,466,1,1,NULL,'aliquid-culpa-natus-deleniti-nemo',4,1,NULL,'2020-09-22 19:26:29','2020-09-19 19:26:29'),(12,NULL,4,'quidem','Incidunt asperiores laboriosam aliquid praesentium rerum.','autem ci770','80','0921780739730','UPC','Dignissimos perferendis reprehenderit quidem non voluptatem. Voluptatem ad est ut sit quasi. Rerum consequatur at rerum exercitationem molestiae consequatur. Esse non id commodi aut debitis. Laborum rerum qui quo enim atque in aut aliquid. Magnam modi repellat magnam nihil et corrupti. Et rem aut provident facilis.<p><br/><iframe frameborder=\"0\" src=\"//www.youtube.com/embed/mATMpaPBBFI\" class=\"note-video-clip\" style=\"width: 100%; height: 475px; float: none;\"></iframe></p><br/>Corrupti molestiae dolorem laboriosam aut laudantium quia consequatur. Vel aperiam adipisci vero commodi consectetur enim. Omnis ad iusto aut omnis nisi dolores enim.<img src=\"http://placeimg.com/640/360/any\" style=\"width: 50%; float: right;\">Aut similique fugit odit quo aliquid accusamus. Cupiditate consectetur qui nemo incidunt qui. Modi fugit id sint id. Sunt sunt ex quidem illo commodi consequuntur. Repudiandae rerum sunt veritatis laborum. Neque qui iure inventore fuga fuga sint at. Aut iure maxime officiis. Saepe impedit laudantium voluptatibus earum cum unde laboriosam. Aliquid necessitatibus asperiores error aut id. Ut autem blanditiis enim doloribus et dignissimos quia. In nam ullam facere ut id. Quaerat quibusdam sit suscipit aut deserunt quam. Rerum vel dolore quibusdam consequatur. Hic dolor reprehenderit sed repellat exercitationem et id. Est aut voluptatum qui aut cumque eos. Consequatur illum ut autem esse eligendi asperiores officiis doloribus. Dolor aut sit velit qui qui pariatur aliquid. Non ut eligendi officia. Eos et aut atque. Fugiat dolor totam eaque est dolor delectus. Dolore et ad voluptas et praesentium nobis qui earum. Eum culpa neque vero consequatur perspiciatis consectetur ex sit. Iusto dolores rerum aut ad totam est.<p><br/><img src=\"https://picsum.photos/640/360.webp\" style=\"width: 100%; float: none;\"></p><br/>Et totam perspiciatis pariatur repudiandae veniam distinctio modi quis. Et aut qui saepe sed magnam ipsa. Et quia rem veritatis quam. Ea rem sunt provident ducimus molestiae beatae possimus.',0.000000,NULL,744,0,1,NULL,'aliquid-corporis-ab-nihil-corrupti-illum-ex',2,1,NULL,'2020-09-29 19:26:29','2020-09-19 19:26:29'),(13,1,5,'repellendus','Et ullam ullam ratione qui officiis sint.','enim vz295','82','1582719612365','JAN','Non soluta quidem libero dolores. Eaque aut consectetur illo ea. Reprehenderit consequatur blanditiis molestiae est. Vero et deleniti ut molestiae minus officia nobis. In iste et illo enim voluptate. Nam ullam a ea provident dolorem corrupti numquam. Error et consectetur et iste vel deserunt. Nostrum est illo nisi debitis nisi et. Neque eum non ut nemo praesentium ullam consectetur aut.<p><br/><iframe frameborder=\"0\" src=\"//www.youtube.com/embed/TGbUpEJ1z-k\" class=\"note-video-clip\" style=\"width: 100%; height: 475px; float: none;\"></iframe></p><br/>Cum sint eum vitae. Aut et voluptatum voluptatem optio perspiciatis nihil quibusdam. Explicabo et ut voluptates non. Aliquam aut id ut incidunt et nam. Excepturi animi minima aut velit deleniti dignissimos. Occaecati molestiae nisi et magni error saepe. Facere qui vel qui neque ab.<img src=\"https://loremflickr.com/640/360\" style=\"width: 50%; float: right;\">Omnis ratione ut itaque nemo consectetur rerum qui. Eos alias dolor nihil eius voluptatem cupiditate qui. Sit molestias optio eligendi necessitatibus facere aperiam in. Rerum dolore sit sit explicabo. Voluptas sit totam omnis magnam. Qui natus velit nihil incidunt. Harum possimus qui dolor culpa dicta tempora molestias. Deleniti quam molestiae iusto voluptatem. Quis qui odit consequuntur rerum tempore. Neque aut error id et. In et nemo et voluptatem. Harum tempore perferendis non fugiat alias temporibus. Ut voluptas ipsum deleniti et natus aliquid et. Cumque est ipsam totam doloribus consequuntur. Voluptates qui recusandae architecto autem quod eos illum. Eum qui sequi officia officia eum et incidunt. Aliquid incidunt quasi voluptas aliquam. Deserunt odit delectus voluptates repellendus quo. Repellat nesciunt rerum saepe similique voluptatibus qui explicabo eligendi. Cupiditate debitis ducimus omnis ut laudantium aspernatur cupiditate aliquid. Minima aperiam quis reprehenderit iusto id. Natus tenetur soluta consequatur facilis dolores. Ducimus dolor et sed voluptatem delectus voluptatem rem. Deserunt laboriosam sunt sint vel laborum voluptas. Suscipit ea et nisi consequuntur et. Minima qui illo ipsum consequatur consequatur. Earum ipsa omnis vitae aut quia id. Voluptatem laborum eos quae et. Tempora et veniam optio sint nam. Harum et vitae culpa. Ipsum sit voluptatem voluptatibus ipsum dolorem dolores qui commodi. Sed porro rerum laborum reiciendis omnis in.<p><br/><img src=\"https://loremflickr.com/640/360\" style=\"width: 100%; float: none;\"></p><br/>Incidunt consequatur id doloremque eum quo sequi cum. Cumque et ut eaque deleniti sed illo.',0.000000,NULL,533,0,1,NULL,'quia-nostrum-doloremque-voluptatem',5,1,NULL,'2020-09-22 19:26:29','2020-09-30 19:26:29'),(14,NULL,1,'aut','Vel qui omnis sit.','eaque pf929','65','6613739083011','ITF','Reiciendis consectetur nihil quod mollitia. Provident quas voluptatem dolores. Sed cupiditate ex excepturi. Et ea ratione beatae minima. Magnam veritatis veritatis est. Mollitia consequuntur quia dolores. Ut consequuntur reprehenderit nam recusandae magni.<p><br/><iframe frameborder=\"0\" src=\"//www.youtube.com/embed/7abGwVjXSY4\" class=\"note-video-clip\" style=\"width: 100%; height: 475px; float: none;\"></iframe></p><br/>Voluptatem excepturi tempora placeat voluptas reprehenderit et. Dolor incidunt ratione ducimus non quis perferendis. Qui est nihil labore quaerat atque voluptatem sit. Quod eum qui vero ducimus perferendis sed.<img src=\"https://loremflickr.com/640/360\" style=\"width: 50%; float: right;\">Et a distinctio vel suscipit numquam quas. Atque nihil inventore vero. Nostrum quas enim aliquid ipsa laboriosam cupiditate fuga. Sit eum omnis labore unde totam. Et minima id voluptatum eum dicta eum sit. Delectus aut aut magnam ut. Perspiciatis velit ad ea excepturi unde rerum. Inventore iure impedit unde qui hic rem. Harum sed reiciendis molestias ut. Amet laudantium libero amet quos et. Soluta quos ducimus sed illo accusantium. Tempore nam possimus exercitationem aut. Ea odit ratione esse ipsa ipsa nihil. Autem veniam non culpa magni rerum dolores. Nam iure et omnis saepe nulla fuga praesentium. Ex deleniti a iure ipsa ut. Ut rerum voluptatem quia fugiat nihil ipsum laborum. Error laborum optio quidem sit. Enim quasi sit fugit error qui cumque quis. Sint sit odio eveniet totam nam vel qui aut. Aspernatur cumque quas repudiandae. Vel quod explicabo ut. Eos sint quos reprehenderit in assumenda pariatur. Magnam repudiandae est quia eos. Magni qui ipsam reiciendis eum. Dicta voluptates minima consectetur. Ipsam rerum maxime quia odio nisi est. Nihil excepturi eum porro dolores ut. Vel minima quaerat eos animi blanditiis exercitationem et.<p><br/><img src=\"https://loremflickr.com/640/360\" style=\"width: 100%; float: none;\"></p><br/>Similique quia impedit iure a et veritatis architecto assumenda. In qui consequatur et rerum consectetur. Autem et quis est et consectetur.',0.000000,NULL,116,0,1,NULL,'eum-voluptatum-voluptate-consequuntur-earum-voluptatum-tempore',5,1,NULL,'2020-09-23 19:26:29','2020-09-24 19:26:29'),(15,NULL,3,'est','Voluptatem dolorem deserunt magni sit natus.','quia eh635','20899','8584591632403','ITF','Quibusdam dolore veritatis quia adipisci voluptate sit. Deleniti iste dignissimos perspiciatis velit unde molestiae. Illum perspiciatis aut fugiat fuga optio et. Consequuntur aut aliquid exercitationem atque. Quia cumque voluptatem aliquid at et. Asperiores enim voluptatem vero sit at. Aut sequi dolor nam tenetur.<p><br/><iframe frameborder=\"0\" src=\"//www.youtube.com/embed/7abGwVjXSY4\" class=\"note-video-clip\" style=\"width: 100%; height: 475px; float: none;\"></iframe></p><br/>Nostrum qui sapiente consequatur quia inventore. Animi molestiae error voluptas nobis officia. Tenetur rerum porro quos odio fugiat fuga. Officiis quidem sint molestiae excepturi.<img src=\"http://placeimg.com/640/360/any\" style=\"width: 50%; float: right;\">Molestiae iure eos quisquam et expedita quo aut. Labore enim optio atque illo possimus et. Voluptate deleniti quas animi soluta vero. Numquam beatae voluptas corrupti voluptates quaerat. Fugit voluptas rerum eos ipsum consequuntur. Alias explicabo voluptatibus est impedit temporibus ut dolores. Qui voluptatum ea repellat nihil sit odio. Ut eos temporibus esse sunt eaque nihil. Voluptatem facilis id possimus porro laborum voluptas omnis. Earum voluptas molestiae modi dolore. Quam vero quibusdam quas facere est. Voluptatem rerum iste inventore adipisci accusantium. Fuga eum alias cupiditate. Numquam nobis natus placeat eum sunt ratione qui. Et cumque praesentium quis. Quia rerum odit quidem aut deleniti autem illum est. Vel cum aut veritatis sit. Qui similique voluptates deserunt veritatis ut. Quidem quisquam iusto eos minus aliquid illo voluptatum. Veniam distinctio consectetur porro inventore ipsam nesciunt aut. Voluptatem molestias voluptas doloribus itaque. Consequuntur deleniti doloremque corrupti atque dignissimos praesentium. Adipisci aut adipisci odio itaque harum nihil ut. Enim nostrum illo praesentium aut ut. Distinctio et aut sed non quidem sint eos. Eaque molestiae et molestiae quo repudiandae voluptatem sit. Quas in aut asperiores aut. Ut sint ut quae. Id adipisci dolore eius omnis sit. Ea voluptates consequatur qui in consequatur soluta ut. Est voluptatum quam ut facere. Repellendus deleniti ducimus voluptatem mollitia. Rerum quis eos fugiat alias. Ut quibusdam dolores ad accusamus. Eligendi consequatur deleniti ipsam neque. Unde mollitia necessitatibus quaerat. Repellendus quia aut deserunt non beatae qui esse. Praesentium unde laborum autem aspernatur ex pariatur reiciendis.<p><br/><img src=\"http://placeimg.com/640/360/any\" style=\"width: 100%; float: none;\"></p><br/>Ad enim facere voluptatem qui quia voluptatem. Minus quidem ut quae optio vero. Corporis quos deserunt debitis autem et ratione. Dolor omnis perferendis deserunt reprehenderit. Tempore consequatur veritatis dolorem consectetur. Ea eos non harum ducimus. Ipsam impedit qui ullam expedita aperiam quo architecto.',0.000000,NULL,454,0,1,NULL,'autem-accusamus-odio-reprehenderit',8,1,NULL,'2020-09-20 19:26:29','2020-09-21 19:26:29'),(16,NULL,4,'est','Sed ut et aut inventore.','dolor dj486','268527','2652963836653','EAN','Quis sint rerum ab. Fuga quis impedit minus ut. Et sequi quaerat dolorem exercitationem ratione repudiandae neque. Hic repudiandae et sit maiores rerum minima. Eos tempora sint dolores amet molestiae assumenda. Totam consequatur unde adipisci nihil mollitia deleniti. Quis ea odit ipsa ut qui omnis.<p><br/><iframe frameborder=\"0\" src=\"//www.youtube.com/embed/tJlzIJaokVY\" class=\"note-video-clip\" style=\"width: 100%; height: 475px; float: none;\"></iframe></p><br/>Odio dolorem quod in voluptate eos qui architecto. Quia quis omnis doloremque eius beatae voluptatum eum. Itaque qui maxime consequatur impedit ipsa exercitationem. Voluptatibus rem illum delectus earum dolores. Eos cupiditate rerum architecto est a quasi ipsa.<img src=\"http://placeimg.com/640/360/any\" style=\"width: 50%; float: right;\">Veniam cum aliquid dolor natus voluptatum et natus. Est quis itaque odio voluptatem. Eum quo sit est rem ratione sed. Totam in qui tenetur dignissimos modi alias. Cupiditate iusto et in dolor. Veniam non fugiat magni et. Molestiae ipsa iure temporibus veniam. Omnis veniam mollitia laudantium et magnam ipsum omnis quis. Ratione molestiae similique laudantium quasi inventore. Vel beatae non voluptas sunt voluptas et voluptate. Sapiente atque dolores totam ratione. Perspiciatis quae sunt accusamus qui. Aut alias veniam adipisci qui. Ipsa ut blanditiis adipisci placeat similique in. Architecto et ipsum qui quaerat sed. Consequatur et officiis officia rerum ut fuga. Qui itaque sunt omnis tempora voluptas labore. Ipsam nisi neque et sunt dicta quis. Doloribus officiis laboriosam eius tenetur eum. Beatae rerum accusamus est ea. Necessitatibus quos et sed nihil ratione. Quo laboriosam molestiae voluptatem. Sit repellat dolorem in nobis sed rerum amet. Nemo libero vero tenetur vero necessitatibus voluptatibus. Tempore sed fugit alias expedita at ut. Quam mollitia quasi dolor et. Doloribus sit est voluptas quae quia sit. Molestiae corrupti qui qui soluta. Reiciendis et rerum eius aut qui. Consequatur ut eligendi provident non libero. Sapiente aliquam et suscipit quis ipsa voluptatem. Dolores tempora consequatur dolore et eos. Voluptatem harum dolorum aliquam in. Autem veritatis sunt consectetur nobis vel dolorem. Fugiat nisi tempore sequi quis ut dolor.<p><br/><img src=\"https://loremflickr.com/640/360\" style=\"width: 100%; float: none;\"></p><br/>Rerum sit neque est explicabo sed. Est similique maiores laudantium fugiat nisi. Aperiam omnis et veniam quisquam cupiditate. Est dolorem quia et minima adipisci sit.',0.000000,NULL,48,0,1,NULL,'et-doloribus-et-voluptatem-commodi-autem-voluptatem',8,1,NULL,'2020-09-30 19:26:29','2020-09-26 19:26:29'),(17,1,5,'animi','Nihil aut vitae eos iure magnam.','sed rs777','987','4404899736945','UPC','Ducimus sint veritatis dolores saepe vitae iure. Ut nihil qui fugiat omnis. Soluta sequi est qui magnam. Cumque amet dicta nemo et.<p><br/><iframe frameborder=\"0\" src=\"//www.youtube.com/embed/eEzD-Y97ges\" class=\"note-video-clip\" style=\"width: 100%; height: 475px; float: none;\"></iframe></p><br/>Temporibus repudiandae autem dolor culpa. Illum ullam voluptas velit totam accusamus molestiae.<img src=\"http://placeimg.com/640/360/any\" style=\"width: 50%; float: right;\">Voluptates natus ex cum in. Assumenda qui enim ut itaque. Suscipit nihil molestias similique quia placeat. Facilis eum nemo ut quae quos. Libero voluptatibus sint molestiae quaerat optio rem provident distinctio. Ipsam vel saepe sapiente omnis placeat nulla aut eligendi. Voluptatem voluptates autem ut adipisci dolor. Sit ut et numquam enim nulla. Et esse ea optio esse quidem libero quia. Accusantium illum tempora fugit non ratione dolorum quis amet. Vel cupiditate consectetur dolor reprehenderit. Magnam quia consequatur iste aut sit impedit. Harum eum suscipit rerum deleniti error. Facere tenetur quia ipsam amet dignissimos sunt. Impedit sunt dolores ab veniam nisi. Autem consequatur ut molestiae dignissimos cumque. Id id eum laborum quisquam libero voluptatibus. Autem voluptas quod natus aliquam iste eum. Temporibus fuga atque eos quos. Iusto facilis voluptates molestiae assumenda ut veniam. Facere eum asperiores omnis eaque voluptas ut animi. Quidem error molestiae esse ut. Expedita quia omnis soluta fugit laborum. Cum nesciunt rerum doloribus optio dolor sed maxime. Maxime inventore repudiandae voluptate corporis aut. Qui excepturi eum dolorem quas vel et maiores. Velit error optio officiis quo. Est perspiciatis alias nesciunt eos repellat quae. Quis labore ut quis ex. Accusamus fuga et distinctio ad excepturi sint enim asperiores. Excepturi est deleniti quia laudantium ab id. Voluptates eaque ullam molestiae ullam consequatur. Sequi aut est sed. Et sit nulla et quos id ut. Totam velit atque adipisci voluptas ea eaque quis. Ea consectetur doloribus libero modi aspernatur numquam est. Enim et consequatur omnis aut labore qui quaerat. Aut voluptatem et dolor voluptas ut molestiae. Sit quasi ut et qui.<p><br/><img src=\"https://picsum.photos/640/360.webp\" style=\"width: 100%; float: none;\"></p><br/>Dolores molestiae voluptas id molestiae et eaque. Enim est laborum fuga aspernatur. Veritatis commodi neque sunt quia provident. Ex praesentium aut dignissimos esse quae. Culpa aut enim aut reiciendis. Perspiciatis dignissimos reiciendis quos architecto nobis.',0.000000,NULL,158,0,1,NULL,'pariatur-vel-numquam-veniam-repellat-animi',1,1,NULL,'2020-09-24 19:26:29','2020-09-23 19:26:29'),(18,NULL,2,'nam','Eius pariatur nobis soluta quam.','neque la636','9','9155050190230','UPC','Unde illum quia consectetur iusto error recusandae. Quam porro optio voluptas consequatur id. Iste beatae quam voluptatem soluta. Cum nisi eum eaque nobis. Tempora ad quasi quidem incidunt. Iure dolores ut rerum quia dolore accusantium. Hic repudiandae optio sit quidem asperiores eum.<p><br/><iframe frameborder=\"0\" src=\"//www.youtube.com/embed/mATMpaPBBFI\" class=\"note-video-clip\" style=\"width: 100%; height: 475px; float: none;\"></iframe></p><br/>Soluta quia mollitia qui eius. Qui fugiat vel dolor eum. Numquam ea velit quaerat vel facere est dolorum. Voluptatem laboriosam voluptas rerum eveniet eius. Aut voluptas atque et et. Cumque rerum et cupiditate aperiam quia.<img src=\"http://placeimg.com/640/360/any\" style=\"width: 50%; float: right;\">Cum aliquam vel nihil vero iste sit est nulla. Delectus et quia dignissimos et sint est. Quas harum et expedita qui assumenda sit. Perspiciatis ullam tempore laborum rerum. Odio eligendi enim expedita repellat magni. Voluptas ex et commodi est sint quia. Facilis assumenda autem minima cumque ea. Eos doloremque ab aliquid voluptate nam voluptatem quidem. Est quia autem eligendi quisquam ea aspernatur enim expedita. Ducimus est reiciendis autem iusto. Quibusdam quia optio dolor. Et consequatur adipisci iure minima et unde iure. Minus voluptatem molestiae aut aliquid tenetur consequatur dolorum. Voluptatem placeat quidem fuga aperiam. Iure odit sit dolores fuga iusto. Perspiciatis accusamus laborum amet eveniet ab. Et ut tenetur veniam maiores ut. Dolores repellendus qui culpa nihil architecto non qui. Dolorem quis qui mollitia aliquid. Quia minus dolores nobis impedit quae rerum et laborum. Unde dolore hic suscipit fuga quia debitis hic. Ad rerum quo magni expedita possimus enim. Non quam voluptatem corporis et aliquid quod. Dicta incidunt ea pariatur quidem itaque voluptatem. Distinctio nostrum a qui voluptate ratione adipisci qui. Sapiente magni sed animi ullam. Officia aperiam sint qui. Reprehenderit dolorem mollitia voluptatem. Ut consequuntur explicabo aliquam fugiat voluptates aspernatur. Repellendus quae sit a illo eum sunt non. Dolor minima sint voluptatem error quos.<p><br/><img src=\"http://placeimg.com/640/360/any\" style=\"width: 100%; float: none;\"></p><br/>Ipsum exercitationem corrupti in dolore qui animi molestiae. Sapiente aut ipsam cum repellendus. Reiciendis molestias quis est sit id blanditiis. Facere illum cupiditate nemo hic.',0.000000,NULL,598,1,1,NULL,'quos-omnis-sed-quos-excepturi-rem',7,1,NULL,'2020-09-21 19:26:29','2020-09-24 19:26:29'),(19,NULL,4,'ut','Qui eaque deleniti dolorum sunt dolores omnis.','fuga se820','7','2713488892880','UPC','Nihil voluptas non asperiores nihil doloremque et. Suscipit quibusdam molestias et aut similique. Provident cupiditate est nam ut esse ab veritatis. Adipisci quidem quia assumenda vel magni rerum eum. Ut fugit aspernatur qui accusantium fugiat.<p><br/><iframe frameborder=\"0\" src=\"//www.youtube.com/embed/eEzD-Y97ges\" class=\"note-video-clip\" style=\"width: 100%; height: 475px; float: none;\"></iframe></p><br/>Vel sint odit impedit libero dolorem. Vitae voluptatem omnis a explicabo culpa est. Harum odio minus quo commodi culpa ut quia commodi.<img src=\"http://placeimg.com/640/360/any\" style=\"width: 50%; float: right;\">Minus consequatur pariatur recusandae mollitia. Natus nisi ad tempora esse officia. Voluptas amet nihil nemo consequuntur impedit rerum. Nobis veritatis molestiae nihil temporibus eum. Laboriosam beatae tempora ducimus delectus aut nihil. Itaque et sint ut et consequatur consequuntur. Perferendis non quos iusto nemo. Ratione occaecati sint aut molestiae. Cupiditate saepe porro maiores ipsum consequatur quia adipisci cumque. Reiciendis est ipsam optio ut qui eos. Sit incidunt quasi ut provident sapiente impedit. Facere velit non vero vel non ipsa. Labore consequuntur iusto vitae commodi reprehenderit aut. Itaque ex quis repudiandae consequatur beatae ut similique minus. Fugiat quo velit illo dolorem. Temporibus est harum unde enim rem mollitia. Eum vitae quia quos repellendus voluptatibus ducimus. Est quasi incidunt nostrum.<p><br/><img src=\"https://picsum.photos/640/360.webp\" style=\"width: 100%; float: none;\"></p><br/>Minima animi est quo ut facere ex enim quaerat. Aut sit magni dolores dolores.',0.000000,NULL,516,1,1,NULL,'eum-inventore-expedita-mollitia-at-aspernatur-consequatur',8,1,NULL,'2020-09-22 19:26:29','2020-09-21 19:26:29'),(20,NULL,4,'molestias','Minima itaque unde dolore modi sequi impedit iste.','minima gz697','4287','1484126792480','ISBN','Nihil illum illo voluptate perspiciatis sequi. Debitis et ut in possimus aperiam recusandae. Vitae quod dolorum aperiam voluptates qui. Recusandae molestiae accusantium similique optio voluptas aut laboriosam. Quibusdam ab saepe suscipit reprehenderit ipsum eaque.<p><br/><iframe frameborder=\"0\" src=\"//www.youtube.com/embed/mATMpaPBBFI\" class=\"note-video-clip\" style=\"width: 100%; height: 475px; float: none;\"></iframe></p><br/>Voluptatem impedit est esse. Quos maiores nesciunt facere omnis ipsa. Et voluptatum iste distinctio. Mollitia sed et voluptatem itaque aut.<img src=\"http://placeimg.com/640/360/any\" style=\"width: 50%; float: right;\">Et molestiae sint ut temporibus enim. Omnis in aut et rerum. Error id laudantium et. Harum reprehenderit rem nihil aut ea. Voluptate non dolorem et commodi dicta. Assumenda doloremque illum iste aliquam. Veniam doloremque aut et sed est dolore perspiciatis. Nihil est voluptatibus vel et eum voluptatum quod dolores. Tenetur et hic vero excepturi. Quis molestiae nihil doloremque reiciendis velit aliquam iste. Esse voluptas voluptas odit qui voluptatem id quaerat numquam. Dolores ut dolores repudiandae et rerum eum optio. Dignissimos qui dolore sint ut quia. Error voluptates voluptatem ipsam qui ad ratione. Quis nisi animi recusandae perspiciatis sit repellendus ea corrupti. Eum aut in eveniet est ducimus officiis in porro. Deleniti excepturi voluptates commodi voluptatum. Voluptatem totam eum odit hic adipisci fugiat. Esse qui porro amet aut possimus velit. Recusandae fuga possimus fuga nihil laboriosam dolore. Qui sint quo enim quia quia. Velit eveniet voluptatem autem debitis quidem et nulla deserunt. Deleniti sunt error fugit hic dolores accusamus. Ut consequatur rerum voluptas tempore. Est nihil quod et velit nesciunt quae. Omnis tempora magni occaecati at cupiditate sed. Voluptas ea voluptatibus rem non est. Et at dolor omnis cupiditate soluta. Iusto consequatur molestiae molestiae adipisci ut consequatur. Eos illo sunt similique mollitia.<p><br/><img src=\"https://picsum.photos/640/360.webp\" style=\"width: 100%; float: none;\"></p><br/>Enim impedit similique ad velit. Sed et qui adipisci recusandae eius quia. Autem dignissimos adipisci et et sequi voluptas. Eius possimus dolor unde error soluta. Rem illum quidem dolor saepe. Eius delectus rerum est et distinctio. Consectetur possimus et magni suscipit cumque rerum assumenda.',0.000000,NULL,158,0,1,NULL,'quo-in-velit-id-aut-dolorem-ut',1,1,NULL,'2020-09-30 19:26:29','2020-09-28 19:26:29'),(21,NULL,1,'nemo','Quo ex numquam officiis harum officiis.','qui zr239','9279','1660029040525','ISBN','Repudiandae quasi alias similique ut consequuntur. Quo in cum doloremque dolore blanditiis dolorum perspiciatis ut. Est rem voluptate nulla. Vel culpa qui est et qui. Quia ipsum est magni dignissimos sunt ea. Quas et repudiandae est iusto. Voluptatibus quae reiciendis quia quae.<p><br/><iframe frameborder=\"0\" src=\"//www.youtube.com/embed/7abGwVjXSY4\" class=\"note-video-clip\" style=\"width: 100%; height: 475px; float: none;\"></iframe></p><br/>Itaque eos fugit ut eos quidem accusantium. Aut ea veritatis optio unde maiores sequi.<img src=\"https://picsum.photos/640/360.webp\" style=\"width: 50%; float: right;\">Maxime aliquid numquam ut. Ipsum inventore doloremque enim quis magnam vero. Sapiente officiis a cupiditate rerum ab. Alias nam fugiat libero cupiditate beatae impedit ut. Velit nam perspiciatis voluptatem eos nam. Harum officiis eius debitis soluta nisi labore autem soluta. Voluptas commodi sapiente est dicta quaerat odit. Accusamus pariatur ea natus exercitationem deleniti. Voluptas sunt facilis praesentium ut delectus eius. Inventore aut aut cumque est. Aut quo in aut ea consequatur et sed. Quas earum perspiciatis minus aliquid voluptates eligendi. Molestiae nisi occaecati dolorem modi et nam. Perspiciatis aspernatur et animi vero. Modi sapiente deleniti praesentium iure quod inventore. Vel dolorum sequi sapiente facilis amet. Aspernatur repellat autem odit nisi est. Voluptatem reiciendis necessitatibus ad quis nam est tenetur. Qui et eos illum ullam vero voluptas. Ea rem quisquam officiis omnis placeat commodi sit deleniti. Dolore explicabo ullam dolorem laborum nam. Architecto aut laudantium aut nihil facilis deleniti impedit. Dolorem itaque nesciunt voluptatibus ex sunt nihil. Adipisci dolorem quasi a ratione voluptatem dolorum tenetur. Et sit necessitatibus ut doloremque aut consequatur dolor. Nam quo cum ullam numquam. Amet distinctio aliquam commodi voluptas sapiente aut. Commodi dolor magni laboriosam doloremque qui dignissimos cumque. Quia molestias rerum accusantium qui. Recusandae et officiis nobis veritatis aspernatur voluptas. Quo doloremque similique ad vel.<p><br/><img src=\"http://placeimg.com/640/360/any\" style=\"width: 100%; float: none;\"></p><br/>Nobis nesciunt quae necessitatibus suscipit. Non vel aut ut fugiat commodi perferendis itaque cupiditate. At architecto et voluptates vero ut magnam.',0.000000,NULL,348,1,1,NULL,'qui-distinctio-a-iusto-sunt-nihil-molestias-nihil',1,1,NULL,'2020-09-16 19:26:29','2020-09-26 19:26:29'),(22,NULL,1,'ut','Quae qui quae odit laudantium nihil.','ex or835','373953635','0867621855460','EAN','Assumenda autem quis qui deserunt dolorem aliquam unde. Qui quia voluptas praesentium ut. Maxime temporibus et deleniti repellendus sunt. Et delectus soluta esse eum veritatis natus.<p><br/><iframe frameborder=\"0\" src=\"//www.youtube.com/embed/MLpWrANjFbI\" class=\"note-video-clip\" style=\"width: 100%; height: 475px; float: none;\"></iframe></p><br/>Aspernatur magni minus sint magnam repellat fugit. Sit non dolorem et quidem nulla molestiae rerum nobis. Adipisci dolorem ea accusantium sapiente aspernatur non. Quas inventore aliquid quia ipsa reiciendis ipsam. Ut qui optio aut asperiores eveniet enim eos. A ut beatae et nesciunt velit nulla.<img src=\"https://picsum.photos/640/360.webp\" style=\"width: 50%; float: right;\">Sint natus id ut molestiae consequatur deserunt est. Tempore dignissimos officiis et possimus. Eaque debitis vitae dolor cum sit ex. Sed ipsum asperiores eius rem. Veritatis sint quibusdam cupiditate voluptatem dolorum unde. Rerum occaecati voluptatum qui ut. Fugit illum labore aut quisquam at assumenda odio. Magnam recusandae magni quis blanditiis ut eius et. Repellendus sunt veritatis est voluptatibus a. Temporibus et ratione voluptas exercitationem nulla. Commodi laborum nihil explicabo culpa perspiciatis. Impedit ad temporibus voluptatum molestias. Aut facilis mollitia asperiores et rerum quo autem. Similique aut sed ea soluta voluptates rerum. Maxime mollitia ab qui debitis ab libero enim. Ullam consequatur est ut inventore numquam. Perferendis distinctio nam vel repudiandae nemo tempora voluptas. Nemo et sed quia maiores consequatur necessitatibus ut. Distinctio facilis nobis possimus ratione et libero. Quam nobis temporibus vel quisquam voluptates et suscipit. Natus autem incidunt velit iure id voluptas. Autem velit consequatur velit ut ex qui est.<p><br/><img src=\"https://picsum.photos/640/360.webp\" style=\"width: 100%; float: none;\"></p><br/>At dolorem nemo odio hic sed aliquam. Distinctio magnam consectetur sit necessitatibus nobis. Consequatur omnis distinctio fugiat pariatur. Sed et et ipsa et eos. Ut esse veniam dolore totam ab rerum sed saepe. Magnam non ut ut expedita fugiat itaque ad. Dolor ratione eos odit est. Aut sit totam aliquam iusto suscipit. Dolorem vitae neque voluptatibus qui. Rem dolorem quo doloremque nihil.',0.000000,NULL,752,1,1,NULL,'aut-ipsam-aut-eaque-recusandae-aut-eveniet',8,1,NULL,'2020-09-26 19:26:29','2020-09-16 19:26:29'),(23,1,4,'ea','Culpa eos aut ut nihil.','earum qq372','8417495','2753693238035','ISBN','Labore tenetur iure tenetur. Hic rem quia molestiae. Est est ut neque consequatur. Dolor aliquid tempore aperiam suscipit tempora. Dolorem dolorem asperiores velit inventore mollitia. Ex quasi sint molestiae minus nam voluptas.<p><br/><iframe frameborder=\"0\" src=\"//www.youtube.com/embed/eEzD-Y97ges\" class=\"note-video-clip\" style=\"width: 100%; height: 475px; float: none;\"></iframe></p><br/>Id velit qui inventore quia est velit debitis. Mollitia assumenda omnis possimus distinctio culpa dolorem dicta. Quo quos sunt eius. Natus nihil voluptas praesentium rerum.<img src=\"https://picsum.photos/640/360.webp\" style=\"width: 50%; float: right;\">Aut quis in in ullam. Tempore alias asperiores facere autem nostrum est doloremque. Et corporis quod asperiores error occaecati veniam magni. Illo sint at in commodi molestiae aspernatur. Velit molestiae qui doloribus omnis sed et fugit. Accusantium optio repellendus in nihil consequatur. Vitae dicta omnis fuga velit et quos. Asperiores dolores quibusdam quisquam atque cupiditate eum pariatur. Ut et aut aliquam aspernatur quia. Ducimus similique facilis ipsa reiciendis. Id qui quibusdam aut eaque mollitia molestias nam. Soluta esse explicabo veritatis beatae quidem sed temporibus rem. Pariatur sunt neque atque magnam qui sint. Id vel voluptatem necessitatibus doloremque deleniti. Maxime fugit consequuntur eligendi eum provident totam qui error. Consectetur porro labore voluptatem autem. Vero ea qui rerum at at nesciunt. Quae sequi voluptatem nostrum eos. Qui voluptatibus dolores aut voluptatem ratione libero consequatur. Voluptatem tenetur sunt soluta. Et dicta recusandae repudiandae consequatur. Nam magnam cumque corporis numquam. Et unde molestias aperiam aperiam. Rerum quisquam eveniet modi sint sunt. Dolorem fugit mollitia quis dolores voluptates. Distinctio modi et dolorem omnis aut. Dolorum quod sint consequatur et voluptate. Minima omnis perferendis velit dolores earum quae. Voluptatem voluptates qui dolorem officiis eos reiciendis delectus incidunt. Est nulla molestiae omnis laboriosam minus sed blanditiis. Accusamus perspiciatis non architecto a. Sunt accusantium quia assumenda expedita qui culpa. Qui placeat numquam quam soluta dolorum aut consequuntur. Incidunt incidunt sequi rerum magnam impedit occaecati quam. Sit ad amet voluptatibus dicta atque fugit veritatis et. Excepturi nemo quae accusamus labore totam et.<p><br/><img src=\"https://loremflickr.com/640/360\" style=\"width: 100%; float: none;\"></p><br/>Labore incidunt eius laborum quam. Sint reiciendis earum tempora occaecati. Dolor aut et est voluptates et. Sapiente eos qui quidem neque excepturi. Dicta qui numquam quod rem culpa. Excepturi officia explicabo deleniti libero. Magnam eaque ut facere ipsum.',0.000000,NULL,86,0,1,NULL,'praesentium-eum-omnis-at-ipsam-tenetur',4,1,NULL,'2020-09-24 19:26:29','2020-09-26 19:26:29'),(24,NULL,3,'aut','Rerum repellendus labore voluptas.','ab lw108','317154137','2344796503344','ITF','Natus maiores corrupti accusamus quo veritatis dolores. Aliquam eum hic voluptatum esse sit ut at aut. Vero minus ut animi provident eos aliquid quo.<p><br/><iframe frameborder=\"0\" src=\"//www.youtube.com/embed/TGbUpEJ1z-k\" class=\"note-video-clip\" style=\"width: 100%; height: 475px; float: none;\"></iframe></p><br/>Quis iste qui voluptas laudantium sed nesciunt nam. Ducimus et excepturi ut cum est omnis. Numquam tempore doloribus quo.<img src=\"https://picsum.photos/640/360.webp\" style=\"width: 50%; float: right;\">Unde veniam ea distinctio debitis amet ut. Aut ipsa est eos sunt sunt placeat. Natus sint quia et veniam. Iste vel tenetur labore quia laudantium ut. Quae et maxime voluptates. Accusantium consequatur est autem dignissimos. Expedita voluptatibus voluptatem consequatur cumque dicta et id. Consectetur temporibus voluptates eaque aut aut totam. A dicta deserunt velit repellendus enim cumque qui. Adipisci non et quo est animi. Sit earum ut ducimus. Voluptas et id fugiat voluptatum. Aliquid et porro et adipisci. Voluptatem itaque corporis sapiente quis. Nihil veniam incidunt quam id debitis. Tempore ipsum aut aliquid natus ad. Incidunt nemo maiores ut qui inventore. Consequatur id expedita cupiditate. Quia dolor velit omnis ex. Dolorem provident delectus voluptas temporibus neque in. Provident labore assumenda quibusdam quis. Quas maiores odit officiis a dolores voluptas aut. Optio molestias ipsum quaerat ut. Beatae odio aperiam voluptas debitis porro quibusdam facilis. Quo magni quam nostrum ut sapiente ipsa. Esse aliquam ipsam omnis distinctio voluptatem. Sunt dolorem exercitationem omnis impedit nobis rerum.<p><br/><img src=\"https://loremflickr.com/640/360\" style=\"width: 100%; float: none;\"></p><br/>Aut suscipit doloribus rerum nihil omnis amet. Enim qui temporibus explicabo soluta inventore quae tempora. Delectus ea eligendi qui iste qui illum repudiandae. Beatae soluta dignissimos consequatur. Temporibus deleniti suscipit omnis expedita. Assumenda consequatur quod ex quisquam culpa autem omnis.',0.000000,NULL,162,1,1,NULL,'suscipit-non-qui-facere-ut-velit',7,1,NULL,'2020-09-22 19:26:29','2020-09-30 19:26:29'),(25,NULL,5,'assumenda','Earum enim porro sit sequi.','totam th816','445','6839057295060','EAN','Repellendus molestiae et sit corporis porro. Nemo excepturi qui molestiae modi fugiat. Voluptas amet vitae nemo quibusdam esse officiis. Aut error illum sed et magni minima explicabo ullam. Nam corrupti dolorem aut deserunt non. Illo non voluptas eos. Vel perspiciatis rerum natus.<p><br/><iframe frameborder=\"0\" src=\"//www.youtube.com/embed/TGbUpEJ1z-k\" class=\"note-video-clip\" style=\"width: 100%; height: 475px; float: none;\"></iframe></p><br/>Ad quae voluptates accusantium aut non. Illum nobis et consequuntur. Temporibus in quia possimus.<img src=\"https://picsum.photos/640/360.webp\" style=\"width: 50%; float: right;\">Dignissimos id perspiciatis voluptatem qui ea. Facilis officiis qui enim perspiciatis quia quia consequatur. Quia ipsum dignissimos vel modi sit. Voluptatibus eligendi tenetur quia aut vitae eaque optio. Temporibus fugit aperiam excepturi nulla est repellat. Assumenda sed excepturi vitae velit molestias aliquid. Eveniet eaque quis ipsa ex. Officia neque quia molestias nihil. Qui corporis qui aliquam molestiae quisquam unde sequi natus. Fugiat eveniet assumenda corporis. Perferendis voluptas aut occaecati error similique odio illo saepe. Eos possimus soluta ipsam sint. Explicabo dolorum est laboriosam molestiae. Aliquid assumenda ab odio deleniti similique non sunt. Aut magnam sit molestiae sint laboriosam iusto. Natus deserunt tempora qui in hic quae. Occaecati sed nobis odio aut totam nisi. Cum sit illum beatae distinctio. Rem aut enim quisquam minima. Ipsum ea sint nulla aspernatur beatae. Consequatur laborum suscipit provident dolore qui odit quam. Odit sit quia praesentium dolorem cupiditate saepe. Sit occaecati recusandae eum explicabo quibusdam. Voluptatem eaque tenetur quia autem. Sunt debitis iusto provident ut quisquam. Totam debitis ipsum neque et sed.<p><br/><img src=\"https://loremflickr.com/640/360\" style=\"width: 100%; float: none;\"></p><br/>Dicta ipsa ut consequatur voluptate eaque delectus. Beatae ea magnam praesentium occaecati incidunt dolore. Quasi rerum voluptatem nostrum. Minus placeat eaque aut quaerat enim mollitia consequatur. Maxime voluptatum doloremque quis enim nobis.',0.000000,NULL,208,0,1,NULL,'libero-quae-ut-ipsam-ut',6,1,NULL,'2020-09-21 19:26:29','2020-09-26 19:26:29'),(26,1,3,'perspiciatis','Laudantium aut eius repudiandae laborum accusantium quia.','odio wj393','163556797','6210750540471','EAN','Qui quasi eaque consequuntur iure ratione. Rerum et nihil unde ducimus. Quibusdam quasi in nihil aut. Est expedita veniam reiciendis. Eius odit sed cumque accusantium itaque eum. Odit molestiae repellendus cupiditate illo sunt placeat tempore.<p><br/><iframe frameborder=\"0\" src=\"//www.youtube.com/embed/eEzD-Y97ges\" class=\"note-video-clip\" style=\"width: 100%; height: 475px; float: none;\"></iframe></p><br/>Provident eaque omnis dolorum velit. Amet molestiae voluptas molestias alias animi sint maiores. Dolores qui repellendus voluptates excepturi.<img src=\"https://picsum.photos/640/360.webp\" style=\"width: 50%; float: right;\">Ut qui totam qui dolores autem corrupti similique. Aperiam non enim omnis error dignissimos. Sint id laborum sit id consequatur sint voluptas. Ut aperiam sint et voluptates. In enim consectetur est ea natus inventore. Odit reiciendis temporibus animi expedita tempore est illo. Quos et hic aut vel voluptate et est. Magni deserunt unde consequatur aut aperiam. Eum et provident laborum eligendi ab aut consequatur voluptatum. Quis et qui voluptatem necessitatibus. Vel laudantium quas saepe numquam provident. Libero incidunt eius ea fugiat et. Sunt odio voluptatem et dolorum quis quasi. Impedit voluptas error voluptatem molestias. Distinctio rerum enim cumque odit cumque quidem. Rerum quia quaerat aliquam quia possimus eaque sunt. Quidem eos cum doloribus repellendus odit rem sunt. Distinctio est qui iusto ex cupiditate illo. Velit provident sapiente id doloribus aliquam. Suscipit perferendis eum voluptates omnis placeat. Qui delectus repudiandae dolorem magnam blanditiis blanditiis.<p><br/><img src=\"http://placeimg.com/640/360/any\" style=\"width: 100%; float: none;\"></p><br/>Omnis dolores maiores praesentium. Velit nam molestiae enim sit. Dolorem beatae ipsum eveniet dolorem non soluta quis. Occaecati culpa et omnis et. Impedit at deserunt et odio vel. Quis nisi exercitationem mollitia sit eius molestiae voluptatem. Sequi ratione qui facere distinctio totam quia qui.',0.000000,NULL,496,0,1,NULL,'porro-ut-aut-itaque-rerum',4,1,NULL,'2020-09-24 19:26:29','2020-09-18 19:26:29'),(27,NULL,4,'et','Occaecati dolore exercitationem itaque harum maxime sit sed.','consequatur tq732','6913','6129365931379','JAN','Eos numquam consequuntur quaerat aut fuga. Dolorum est porro est maxime tenetur vel et. Sed iusto quis incidunt ex. Nesciunt et laudantium sapiente non asperiores et.<p><br/><iframe frameborder=\"0\" src=\"//www.youtube.com/embed/TGbUpEJ1z-k\" class=\"note-video-clip\" style=\"width: 100%; height: 475px; float: none;\"></iframe></p><br/>Dignissimos molestiae occaecati qui voluptates error quasi. Omnis consequuntur sequi placeat impedit fugit quos debitis. Dolorem nihil est aliquid voluptas.<img src=\"https://picsum.photos/640/360.webp\" style=\"width: 50%; float: right;\">Quia unde perferendis laborum officia omnis nesciunt. Excepturi distinctio quia temporibus perferendis quam. Consequuntur voluptas neque necessitatibus maiores. Commodi nemo rerum sit qui est. Ut fugit corporis et voluptas. Voluptas nulla natus corrupti neque et doloribus dicta. Sed ab dolor ea et ab eligendi et. Unde vitae natus non magni praesentium ipsa. Illo voluptatem pariatur fuga excepturi quia dolorem. Suscipit voluptas cumque dolore. Ut iure optio odio vel ea et quibusdam aut. Veritatis omnis vitae qui quia ipsum. In vitae voluptatem error aut. Dicta rerum quisquam ipsam illum. Culpa repudiandae velit delectus harum beatae quasi alias. Iste voluptas qui sit accusantium et. Quasi velit optio eius ipsum magnam. Id ducimus aut voluptas quo rem recusandae omnis. Deserunt numquam laudantium nobis voluptates sed quam atque. Aliquid consequuntur occaecati ad necessitatibus aut aut. Ducimus praesentium animi totam debitis et.<p><br/><img src=\"http://placeimg.com/640/360/any\" style=\"width: 100%; float: none;\"></p><br/>Perferendis qui qui quidem ut qui molestias. Neque explicabo qui commodi tenetur. Qui assumenda soluta nesciunt. Et dolor necessitatibus et beatae. Nisi tempore aut dolor nemo. Autem corrupti officiis dolorem maxime rem ea. Eos sint omnis quae sequi voluptas et.',0.000000,NULL,678,1,1,NULL,'minima-impedit-amet-fugiat-atque-et-sequi-vitae',8,1,NULL,'2020-09-23 19:26:29','2020-09-29 19:26:29'),(28,NULL,5,'voluptate','Laboriosam voluptatem est molestiae ex perferendis.','laborum id125','4703','1981282128288','UPC','Aspernatur facilis ea ullam ut. Nihil fugit amet architecto eos voluptatum et asperiores. Nulla cupiditate excepturi quas soluta modi. Necessitatibus velit iure amet sint. Aliquid suscipit perferendis earum pariatur corporis et.<p><br/><iframe frameborder=\"0\" src=\"//www.youtube.com/embed/SKbHHcdLGKw\" class=\"note-video-clip\" style=\"width: 100%; height: 475px; float: none;\"></iframe></p><br/>Rerum autem rerum ipsum. Quod consequatur quidem dolorem quod veritatis. Deleniti rem rem perferendis aliquam. At accusamus voluptatibus doloribus delectus harum.<img src=\"https://loremflickr.com/640/360\" style=\"width: 50%; float: right;\">Nam odit aperiam aliquam. Adipisci aspernatur voluptates quos eaque tempora. Laboriosam ex sit temporibus. Explicabo eligendi quasi aut et. Voluptas quis harum debitis sed tempora voluptatibus. Corrupti nulla in est quo soluta. Repudiandae id esse distinctio. Distinctio numquam nisi ut quis. Qui qui cupiditate dicta at voluptatem. Aut ullam vero error laudantium laborum qui distinctio. Quos sint nostrum velit. Deserunt unde temporibus qui odio optio ut. Ut consequatur aperiam cupiditate blanditiis minima. Tempora perferendis exercitationem inventore rem aut qui. Est quod delectus illum aut. Voluptas error qui placeat similique minus ut at. Sapiente laborum ipsa ut deserunt. Voluptatem sunt doloremque laboriosam. Beatae non non vero repellat beatae culpa. Repellat dolores rem illo atque molestiae numquam possimus. Et quod recusandae dolor adipisci aut corporis quasi. Cupiditate impedit natus ut. Inventore odio vel consequatur nesciunt debitis. Esse a non ipsam officia repudiandae. Et quos labore enim sunt. Aut fugiat ipsa reprehenderit earum voluptas. Impedit est ipsum illum minima. Natus consectetur eaque vero optio. Repudiandae ratione similique error occaecati voluptatum ullam. Ea voluptatem culpa aut labore dolor necessitatibus consequatur. Accusantium et molestiae et doloribus at optio animi. Et aliquid voluptas enim eligendi quia incidunt atque. Reprehenderit sapiente dolor corrupti vero. Eos quis ut qui quia reiciendis rem. Velit commodi minima eos odio et voluptatem ea. Sit officiis voluptate harum accusantium. Vero voluptas quos facere voluptates possimus rerum dolor optio. Ut et sapiente minus aut officia magni nam.<p><br/><img src=\"https://picsum.photos/640/360.webp\" style=\"width: 100%; float: none;\"></p><br/>Dolorem ut sapiente maxime est natus. Ullam facere debitis dolores autem. Ipsam et velit odio. Totam quibusdam dolores sapiente dolores aut eos qui.',0.000000,NULL,72,1,1,NULL,'sit-voluptatibus-nihil-neque-distinctio-recusandae',3,1,NULL,'2020-09-21 19:26:29','2020-09-28 19:26:29'),(29,1,3,'vel','Ea repudiandae aspernatur quis omnis repudiandae quas voluptas.','culpa xj960','66','1710463395399','ITF','Animi et eaque distinctio aut unde quam praesentium mollitia. Odit dolore rerum sunt ratione quasi. Ut recusandae qui voluptatem dolorem. Eius nisi nesciunt sint odio. Porro impedit et quo eos sunt veniam possimus id. Quae voluptate qui porro. Dolorem et sit aut qui ratione.<p><br/><iframe frameborder=\"0\" src=\"//www.youtube.com/embed/tJlzIJaokVY\" class=\"note-video-clip\" style=\"width: 100%; height: 475px; float: none;\"></iframe></p><br/>Est et esse quaerat qui. Ipsum recusandae est commodi doloremque aut magnam quidem. Et non voluptatem aperiam similique cum. Ratione voluptas reiciendis eveniet porro labore et dolor.<img src=\"https://loremflickr.com/640/360\" style=\"width: 50%; float: right;\">Molestiae explicabo quibusdam quasi. Qui aut ea ut illum voluptatem. Nostrum dolore perspiciatis aut reprehenderit id. Voluptas qui a velit totam. Architecto aliquid ipsam incidunt alias quia. Est adipisci deleniti ut autem fugiat sed quidem. At sapiente provident fugit neque blanditiis. Omnis sit aut illum repellat aut molestiae aut. Sed omnis fugit ut neque eligendi expedita. Est et aut ut. Laudantium nihil voluptates recusandae maiores porro quibusdam. Ipsam voluptas et unde rem. Laboriosam est nihil maiores fugit maxime quis eum. Totam doloremque eaque modi quis rem distinctio autem. Eos aut quaerat voluptatem. Aut sequi iure saepe molestiae sunt assumenda quis. Eaque rerum quasi laborum error est voluptas. Ut molestias aliquam reiciendis cupiditate sunt. Voluptatibus cum repudiandae placeat ullam error in qui.<p><br/><img src=\"http://placeimg.com/640/360/any\" style=\"width: 100%; float: none;\"></p><br/>Expedita temporibus ducimus esse quasi. Alias est sed voluptatem suscipit est.',0.000000,NULL,706,1,1,NULL,'qui-sit-eos-fugit-est-neque-nobis',0,1,NULL,'2020-09-30 19:26:29','2020-09-21 19:26:29'),(30,NULL,5,'enim','Voluptatem dolorem rerum illum magni aut.','tempore lc546','4','8480581221117','JAN','Ipsa suscipit ut eaque dolores distinctio aut veniam saepe. Maiores laboriosam eum nihil placeat. Et quibusdam quaerat provident occaecati voluptatem.<p><br/><iframe frameborder=\"0\" src=\"//www.youtube.com/embed/SKbHHcdLGKw\" class=\"note-video-clip\" style=\"width: 100%; height: 475px; float: none;\"></iframe></p><br/>Modi possimus voluptatem illum quasi et cupiditate pariatur. Qui porro aspernatur voluptatum facilis modi officia qui. Dicta ut qui quaerat quibusdam. Non minima nihil nemo impedit voluptatum.<img src=\"https://picsum.photos/640/360.webp\" style=\"width: 50%; float: right;\">Ipsum suscipit voluptatem repellat harum deleniti. Esse minus minus rerum et animi in non aut. Eaque corrupti harum earum reiciendis quidem. Deleniti et fugit consequuntur magnam commodi sit eos tenetur. Dolor impedit maiores enim id. Occaecati pariatur inventore beatae. Vel repellat quis et. Quod mollitia reprehenderit commodi corporis dolore distinctio necessitatibus. Unde alias sed quisquam. Eligendi iste quia aliquid fugiat sapiente. Natus dignissimos enim vel voluptatum vitae voluptatum. Modi blanditiis accusantium eum fugit quaerat. Aut hic nesciunt facilis perferendis ea officia. Cum ea qui autem eos et tenetur. Magnam quis temporibus recusandae quasi consequatur saepe exercitationem. Corrupti magni ipsam velit maiores. Et rerum id quas doloribus architecto. Ullam error quaerat eum id dolorem consectetur praesentium. Dolore aut rem maiores consequatur officia et iure. Cumque commodi dicta accusantium debitis. Dolor eveniet ex eaque magni praesentium nihil.<p><br/><img src=\"https://loremflickr.com/640/360\" style=\"width: 100%; float: none;\"></p><br/>Voluptas harum sed hic. Est est et dolorem. Iusto molestiae cum ullam alias sit ut. Consectetur dolorem quas et sed laudantium. Dolores omnis incidunt excepturi ut. Voluptatem recusandae animi enim.',0.000000,NULL,624,0,1,NULL,'sunt-voluptatibus-et-aliquam-accusantium-repellat-cum-magni',7,1,NULL,'2020-09-28 19:26:29','2020-09-25 19:26:29');
/*!40000 ALTER TABLE `products` ENABLE KEYS */;
UNLOCK TABLES;

--
-- Table structure for table `refunds`
--

DROP TABLE IF EXISTS `refunds`;
/*!40101 SET @saved_cs_client     = @@character_set_client */;
/*!40101 SET character_set_client = utf8 */;
CREATE TABLE `refunds` (
  `id` bigint(20) unsigned NOT NULL AUTO_INCREMENT,
  `shop_id` int(10) unsigned DEFAULT NULL,
  `order_id` bigint(20) unsigned NOT NULL,
  `order_fulfilled` tinyint(1) DEFAULT NULL,
  `return_goods` tinyint(1) DEFAULT NULL,
  `amount` decimal(20,6) NOT NULL DEFAULT 0.000000,
  `description` longtext COLLATE utf8_unicode_ci DEFAULT NULL,
  `status` int(10) unsigned NOT NULL DEFAULT 1,
  `created_at` timestamp NULL DEFAULT NULL,
  `updated_at` timestamp NULL DEFAULT NULL,
  PRIMARY KEY (`id`),
  KEY `refunds_order_id_foreign` (`order_id`),
  CONSTRAINT `refunds_order_id_foreign` FOREIGN KEY (`order_id`) REFERENCES `orders` (`id`) ON DELETE CASCADE
) ENGINE=InnoDB DEFAULT CHARSET=utf8 COLLATE=utf8_unicode_ci;
/*!40101 SET character_set_client = @saved_cs_client */;

--
-- Dumping data for table `refunds`
--

LOCK TABLES `refunds` WRITE;
/*!40000 ALTER TABLE `refunds` DISABLE KEYS */;
/*!40000 ALTER TABLE `refunds` ENABLE KEYS */;
UNLOCK TABLES;

--
-- Table structure for table `replies`
--

DROP TABLE IF EXISTS `replies`;
/*!40101 SET @saved_cs_client     = @@character_set_client */;
/*!40101 SET character_set_client = utf8 */;
CREATE TABLE `replies` (
  `id` bigint(20) unsigned NOT NULL AUTO_INCREMENT,
  `reply` longtext COLLATE utf8_unicode_ci DEFAULT NULL,
  `user_id` bigint(20) unsigned DEFAULT NULL,
  `customer_id` bigint(20) unsigned DEFAULT NULL,
  `read` tinyint(1) DEFAULT NULL,
  `repliable_id` bigint(20) unsigned NOT NULL,
  `repliable_type` varchar(255) COLLATE utf8_unicode_ci NOT NULL,
  `created_at` timestamp NULL DEFAULT NULL,
  `updated_at` timestamp NULL DEFAULT NULL,
  PRIMARY KEY (`id`),
  KEY `replies_user_id_foreign` (`user_id`),
  CONSTRAINT `replies_user_id_foreign` FOREIGN KEY (`user_id`) REFERENCES `users` (`id`) ON DELETE SET NULL
) ENGINE=InnoDB AUTO_INCREMENT=31 DEFAULT CHARSET=utf8 COLLATE=utf8_unicode_ci;
/*!40101 SET character_set_client = @saved_cs_client */;

--
-- Dumping data for table `replies`
--

LOCK TABLES `replies` WRITE;
/*!40000 ALTER TABLE `replies` DISABLE KEYS */;
INSERT INTO `replies` VALUES (1,'Corporis earum iure rerum. Aliquam molestias nostrum et nesciunt mollitia voluptatum voluptatem inventore. Quae dolorem iure voluptatum est. Autem soluta nam mollitia necessitatibus tempora est exercitationem est.',2,NULL,0,2,'App\\Ticket','2020-09-20 19:26:32','2020-09-27 19:26:32'),(2,'Quasi inventore sed adipisci est dolorum voluptatum amet. Optio est ea laboriosam et aliquam et incidunt. Laborum id sint minima laboriosam illum et blanditiis vero.',3,NULL,1,4,'App\\Message','2020-09-25 19:26:32','2020-09-22 19:26:32'),(3,'Tenetur repellat aliquid sunt dignissimos. Quia aut ea culpa nobis fuga voluptatem. Perspiciatis explicabo voluptatem molestias commodi enim.',1,NULL,0,4,'App\\Ticket','2020-09-21 19:26:32','2020-09-30 19:26:32'),(4,'Dignissimos magni laborum dignissimos consequatur. Voluptas dolorem voluptatum autem aut. Id ut quos aliquam corrupti consequatur perferendis eum.',4,NULL,1,2,'App\\Message','2020-09-20 19:26:32','2020-09-16 19:26:32'),(5,'Hic nostrum corporis eum et. Facere excepturi maxime dolor minus. Minima voluptas commodi est voluptas dolorum doloremque deleniti. Voluptates quae adipisci amet molestias sed.',2,NULL,0,2,'App\\Ticket','2020-09-22 19:26:32','2020-09-20 19:26:32'),(6,'Reprehenderit officiis temporibus consequatur ullam. Minima repudiandae quae facere porro. Qui unde inventore error quae placeat porro.',4,NULL,1,2,'App\\Message','2020-09-25 19:26:32','2020-09-19 19:26:32'),(7,'Vel itaque fugit amet et. Explicabo quos optio quae non odit quisquam. Amet fugit quasi aliquam ut eos. Qui aspernatur reprehenderit alias officiis magnam.',4,NULL,1,1,'App\\Ticket','2020-09-16 19:26:32','2020-09-22 19:26:32'),(8,'Omnis adipisci impedit vel voluptas est eum repudiandae odio. Delectus deserunt temporibus illum facilis culpa. Est et voluptates non cumque delectus.',3,NULL,1,2,'App\\Message','2020-09-17 19:26:32','2020-09-16 19:26:32'),(9,'Aut velit voluptatem esse. Saepe quaerat alias et at totam veritatis totam. Asperiores illo officia nisi quo. Quod sint eveniet dignissimos magnam nam blanditiis.',4,NULL,1,4,'App\\Message','2020-09-20 19:26:32','2020-10-01 19:26:32'),(10,'Sint aliquid ut sapiente maxime. Sunt ipsa voluptate quis ex. Voluptatem aut voluptates sit blanditiis temporibus consequatur praesentium. Perferendis non dolore quia nesciunt optio.',1,NULL,0,3,'App\\Message','2020-09-27 19:26:32','2020-09-18 19:26:32'),(11,'Et aliquam iusto cupiditate cum molestias veniam voluptatem. Vel aspernatur dolores molestiae commodi dicta qui. Temporibus dignissimos vel ex et optio sunt eum. Laboriosam ut aspernatur dolor magnam nobis sit id.',1,NULL,0,5,'App\\Ticket','2020-09-24 19:26:32','2020-09-27 19:26:32'),(12,'Animi nesciunt rerum placeat velit tempore. Ipsam excepturi ipsa cupiditate sequi ad praesentium. Et similique vitae eum quasi quis architecto. Explicabo ullam deserunt fugiat autem fugiat labore ex cupiditate.',1,NULL,0,3,'App\\Ticket','2020-09-16 19:26:32','2020-09-19 19:26:32'),(13,'Iusto alias non velit vitae repellat illum illum nihil. Earum similique excepturi et soluta et. Quos est aspernatur quis placeat rerum eius iste velit. Modi est id possimus reiciendis dolorem sit. Magni qui totam dolor.',3,NULL,1,3,'App\\Message','2020-09-17 19:26:32','2020-09-24 19:26:32'),(14,'Aperiam sunt nulla et iure aspernatur vitae. Perspiciatis et occaecati minima dolorem accusantium facilis.',3,NULL,0,5,'App\\Message','2020-09-30 19:26:32','2020-09-24 19:26:32'),(15,'Qui similique tempora ratione occaecati velit aut sed in. Earum explicabo dolores consequatur ea nihil repellat fugiat. Et pariatur quam et fuga accusantium unde.',2,NULL,1,4,'App\\Message','2020-09-27 19:26:32','2020-09-23 19:26:32'),(16,'Voluptatibus sapiente voluptatem commodi quae perferendis in occaecati veniam. Molestiae quibusdam impedit quis est suscipit et eum beatae. Aliquid sunt suscipit consectetur dolorum aut soluta aspernatur asperiores.',3,NULL,0,3,'App\\Ticket','2020-09-17 19:26:32','2020-09-19 19:26:32'),(17,'Voluptas dolorem vero nisi nihil repellat omnis facere. Id enim cumque ut dicta beatae. Ut facere aut tenetur molestiae. Odio soluta magnam esse porro.',3,NULL,1,4,'App\\Message','2020-09-16 19:26:32','2020-09-18 19:26:32'),(18,'Suscipit accusantium sit et odio iusto. Eaque sint vel dicta. Dolores ad assumenda natus ut reprehenderit voluptatem.',3,NULL,1,5,'App\\Message','2020-09-22 19:26:32','2020-09-16 19:26:32'),(19,'Quia dignissimos ipsa optio quaerat incidunt eum. Recusandae est quos mollitia voluptas rerum dolorem. Accusamus rerum magni architecto. Ratione est veniam minus ut.',4,NULL,0,1,'App\\Ticket','2020-09-22 19:26:32','2020-09-19 19:26:32'),(20,'Facilis dolores exercitationem totam. Iste at ducimus voluptatem. Nam quia doloremque earum.',1,NULL,1,2,'App\\Ticket','2020-09-23 19:26:32','2020-09-27 19:26:32'),(21,'Iste ut est eos harum perferendis. Laudantium vel excepturi saepe ullam maiores. Et saepe minus saepe doloremque dolorem consequatur. Sunt harum quam natus cumque.',1,NULL,1,2,'App\\Message','2020-09-26 19:26:32','2020-09-28 19:26:32'),(22,'Earum eos dolores iure non provident aut quam. Maiores asperiores quo ducimus sunt. Exercitationem atque sed delectus quisquam voluptatum eaque autem.',1,NULL,0,4,'App\\Ticket','2020-09-22 19:26:32','2020-09-22 19:26:32'),(23,'Voluptas quidem et perferendis molestiae sit molestiae quia. Labore ad necessitatibus ratione suscipit soluta quasi dicta. Consequatur eveniet sit velit sequi sint sed sint. Alias est vel modi et rem est.',1,NULL,1,1,'App\\Ticket','2020-09-19 19:26:32','2020-09-19 19:26:32'),(24,'Quae ea autem non praesentium. Aspernatur nihil quas sit enim unde. Est tempora unde perspiciatis aspernatur quibusdam. Sint ad et eligendi ex doloribus ea excepturi.',2,NULL,0,5,'App\\Message','2020-09-18 19:26:32','2020-09-23 19:26:32'),(25,'Aliquam et dolores velit nihil sunt. Explicabo possimus commodi qui recusandae ab. Sunt beatae ratione id distinctio molestiae reiciendis.',3,NULL,0,1,'App\\Ticket','2020-09-28 19:26:32','2020-09-17 19:26:32'),(26,'Rerum quos provident est accusantium. Nobis nihil et quo reprehenderit aut sit. Voluptatem molestias qui et ad voluptatum.',4,NULL,1,5,'App\\Ticket','2020-09-24 19:26:32','2020-10-01 19:26:32'),(27,'Rerum eos earum eligendi sit enim quas voluptas voluptate. Consequatur facere iure tempore ipsam consectetur tempora consequatur. In autem doloremque praesentium ut ea nihil accusamus. Incidunt sint rerum earum odit eum aut debitis.',4,NULL,1,5,'App\\Ticket','2020-09-16 19:26:32','2020-09-27 19:26:32'),(28,'Nostrum mollitia esse eos reiciendis. Autem ut quasi amet officiis voluptatem ea. Eos eius ducimus quia consequatur dolores ducimus. Corrupti illo voluptatibus quae accusamus eligendi.',3,NULL,1,4,'App\\Message','2020-09-27 19:26:32','2020-09-29 19:26:32'),(29,'Saepe et sed repellat commodi dolorum. Atque distinctio enim et temporibus. Repellendus impedit reprehenderit sint cumque blanditiis itaque dolore quia.',3,NULL,1,1,'App\\Message','2020-09-22 19:26:32','2020-09-25 19:26:32'),(30,'Officia officiis mollitia ea reiciendis minima quam porro. Est quidem officiis aliquam ex beatae illum commodi placeat. Sequi dolorem minus magni fugit libero suscipit et.',3,NULL,1,4,'App\\Ticket','2020-09-19 19:26:32','2020-09-17 19:26:32');
/*!40000 ALTER TABLE `replies` ENABLE KEYS */;
UNLOCK TABLES;

--
-- Table structure for table `roles`
--

DROP TABLE IF EXISTS `roles`;
/*!40101 SET @saved_cs_client     = @@character_set_client */;
/*!40101 SET character_set_client = utf8 */;
CREATE TABLE `roles` (
  `id` int(10) unsigned NOT NULL AUTO_INCREMENT,
  `shop_id` int(10) unsigned DEFAULT NULL,
  `name` varchar(255) COLLATE utf8_unicode_ci NOT NULL,
  `description` text COLLATE utf8_unicode_ci DEFAULT NULL,
  `public` tinyint(1) DEFAULT NULL,
  `level` int(10) unsigned DEFAULT NULL,
  `deleted_at` timestamp NULL DEFAULT NULL,
  `created_at` timestamp NULL DEFAULT NULL,
  `updated_at` timestamp NULL DEFAULT NULL,
  PRIMARY KEY (`id`)
) ENGINE=InnoDB AUTO_INCREMENT=6 DEFAULT CHARSET=utf8 COLLATE=utf8_unicode_ci;
/*!40101 SET character_set_client = @saved_cs_client */;

--
-- Dumping data for table `roles`
--

LOCK TABLES `roles` WRITE;
/*!40000 ALTER TABLE `roles` DISABLE KEYS */;
INSERT INTO `roles` VALUES (1,NULL,'Super Admin','Super Admin can do anything over the application.',0,1,NULL,'2020-10-01 19:25:57','2020-10-01 19:25:57'),(2,NULL,'Admin','Admins can do anything over the application. Just cant access Super Admin and other Admins information.',0,2,NULL,'2020-10-01 19:25:57','2020-10-01 19:25:57'),(3,NULL,'Merchant','The owner of a shop. A merchant can control all contents under his/her shop.',0,3,NULL,'2020-10-01 19:25:57','2020-10-01 19:25:57'),(4,NULL,'Modaretor','Can access all information except the shop settings in under his/her shop.',1,4,NULL,'2020-10-01 19:25:57','2020-10-01 19:25:57'),(5,NULL,'Order Handler','Only can access order information under his/her shop.',1,5,NULL,'2020-10-01 19:25:57','2020-10-01 19:25:57');
/*!40000 ALTER TABLE `roles` ENABLE KEYS */;
UNLOCK TABLES;

--
-- Table structure for table `shipping_rates`
--

DROP TABLE IF EXISTS `shipping_rates`;
/*!40101 SET @saved_cs_client     = @@character_set_client */;
/*!40101 SET character_set_client = utf8 */;
CREATE TABLE `shipping_rates` (
  `id` int(10) unsigned NOT NULL AUTO_INCREMENT,
  `name` varchar(255) COLLATE utf8_unicode_ci NOT NULL,
  `shipping_zone_id` int(10) unsigned NOT NULL,
  `carrier_id` int(10) unsigned DEFAULT NULL,
  `based_on` enum('price','weight') COLLATE utf8_unicode_ci NOT NULL DEFAULT 'price',
  `minimum` decimal(20,6) DEFAULT NULL,
  `maximum` decimal(20,6) DEFAULT NULL,
  `rate` decimal(20,6) DEFAULT NULL,
  `delivery_takes` varchar(255) COLLATE utf8_unicode_ci DEFAULT NULL,
  `created_at` timestamp NULL DEFAULT NULL,
  `updated_at` timestamp NULL DEFAULT NULL,
  PRIMARY KEY (`id`),
  KEY `shipping_rates_shipping_zone_id_index` (`shipping_zone_id`),
  CONSTRAINT `shipping_rates_shipping_zone_id_foreign` FOREIGN KEY (`shipping_zone_id`) REFERENCES `shipping_zones` (`id`) ON DELETE CASCADE
) ENGINE=InnoDB AUTO_INCREMENT=21 DEFAULT CHARSET=utf8 COLLATE=utf8_unicode_ci;
/*!40101 SET character_set_client = @saved_cs_client */;

--
-- Dumping data for table `shipping_rates`
--

LOCK TABLES `shipping_rates` WRITE;
/*!40000 ALTER TABLE `shipping_rates` DISABLE KEYS */;
INSERT INTO `shipping_rates` VALUES (1,'repellat',1,2,'weight',0.000000,2000.000000,6.000000,'11-20 days','2020-10-01 19:26:30','2020-10-01 19:26:30'),(2,'labore',1,3,'weight',0.000000,2000.000000,16.000000,'10-25 days','2020-10-01 19:26:30','2020-10-01 19:26:30'),(3,'ipsam',1,1,'price',0.000000,NULL,11.000000,'9-29 days','2020-10-01 19:26:30','2020-10-01 19:26:30'),(4,'dolore',1,3,'weight',0.000000,2000.000000,7.000000,'11-24 days','2020-10-01 19:26:30','2020-10-01 19:26:30'),(5,'voluptas',1,4,'weight',0.000000,2000.000000,3.000000,'3-13 days','2020-10-01 19:26:30','2020-10-01 19:26:30'),(6,'quos',2,1,'weight',0.000000,2000.000000,6.000000,'6-23 days','2020-10-01 19:26:30','2020-10-01 19:26:30'),(7,'vel',2,5,'price',0.000000,NULL,12.000000,'16-31 days','2020-10-01 19:26:30','2020-10-01 19:26:30'),(8,'dolorem',2,5,'price',0.000000,NULL,14.000000,'10-24 days','2020-10-01 19:26:30','2020-10-01 19:26:30'),(9,'est',2,2,'weight',0.000000,2000.000000,1.000000,'2-4 days','2020-10-01 19:26:30','2020-10-01 19:26:30'),(10,'voluptatem',2,4,'price',0.000000,NULL,15.000000,'14-18 days','2020-10-01 19:26:30','2020-10-01 19:26:30'),(11,'rerum',3,5,'price',0.000000,NULL,0.000000,'12-19 days','2020-10-01 19:26:30','2020-10-01 19:26:30'),(12,'aliquid',3,5,'price',0.000000,NULL,13.000000,'9-24 days','2020-10-01 19:26:30','2020-10-01 19:26:30'),(13,'vero',3,2,'price',0.000000,NULL,1.000000,'17-23 days','2020-10-01 19:26:30','2020-10-01 19:26:30'),(14,'quibusdam',3,5,'price',0.000000,NULL,10.000000,'7-20 days','2020-10-01 19:26:30','2020-10-01 19:26:30'),(15,'autem',3,1,'weight',0.000000,2000.000000,16.000000,'1-3 days','2020-10-01 19:26:30','2020-10-01 19:26:30'),(16,'unde',4,1,'weight',0.000000,2000.000000,6.000000,'6-25 days','2020-10-01 19:26:30','2020-10-01 19:26:30'),(17,'corrupti',4,5,'weight',0.000000,2000.000000,2.000000,'1-3 days','2020-10-01 19:26:30','2020-10-01 19:26:30'),(18,'aut',4,1,'price',0.000000,NULL,5.000000,'17-25 days','2020-10-01 19:26:30','2020-10-01 19:26:30'),(19,'et',4,1,'weight',0.000000,2000.000000,7.000000,'19-25 days','2020-10-01 19:26:30','2020-10-01 19:26:30'),(20,'molestiae',4,4,'price',0.000000,NULL,8.000000,'4-6 days','2020-10-01 19:26:30','2020-10-01 19:26:30');
/*!40000 ALTER TABLE `shipping_rates` ENABLE KEYS */;
UNLOCK TABLES;

--
-- Table structure for table `shipping_zones`
--

DROP TABLE IF EXISTS `shipping_zones`;
/*!40101 SET @saved_cs_client     = @@character_set_client */;
/*!40101 SET character_set_client = utf8 */;
CREATE TABLE `shipping_zones` (
  `id` int(10) unsigned NOT NULL AUTO_INCREMENT,
  `shop_id` int(10) unsigned DEFAULT NULL,
  `name` varchar(255) COLLATE utf8_unicode_ci NOT NULL,
  `tax_id` int(10) unsigned DEFAULT NULL,
  `country_ids` text COLLATE utf8_unicode_ci DEFAULT NULL,
  `state_ids` longtext COLLATE utf8_unicode_ci DEFAULT NULL,
  `rest_of_the_world` tinyint(1) NOT NULL DEFAULT 0,
  `active` tinyint(1) NOT NULL DEFAULT 1,
  `created_at` timestamp NULL DEFAULT NULL,
  `updated_at` timestamp NULL DEFAULT NULL,
  PRIMARY KEY (`id`)
) ENGINE=InnoDB AUTO_INCREMENT=5 DEFAULT CHARSET=utf8 COLLATE=utf8_unicode_ci;
/*!40101 SET character_set_client = @saved_cs_client */;

--
-- Dumping data for table `shipping_zones`
--

LOCK TABLES `shipping_zones` WRITE;
/*!40000 ALTER TABLE `shipping_zones` DISABLE KEYS */;
INSERT INTO `shipping_zones` VALUES (1,1,'Domestic',1,'a:2:{i:0;i:50;i:1;i:840;}','a:67:{i:0;i:46;i:1;i:47;i:2;i:48;i:3;i:49;i:4;i:50;i:5;i:51;i:6;i:52;i:7;i:53;i:8;i:534;i:9;i:535;i:10;i:536;i:11;i:537;i:12;i:538;i:13;i:539;i:14;i:540;i:15;i:541;i:16;i:542;i:17;i:543;i:18;i:544;i:19;i:545;i:20;i:546;i:21;i:547;i:22;i:548;i:23;i:549;i:24;i:550;i:25;i:551;i:26;i:552;i:27;i:553;i:28;i:554;i:29;i:555;i:30;i:556;i:31;i:557;i:32;i:558;i:33;i:559;i:34;i:560;i:35;i:561;i:36;i:562;i:37;i:563;i:38;i:564;i:39;i:565;i:40;i:566;i:41;i:567;i:42;i:568;i:43;i:569;i:44;i:570;i:45;i:571;i:46;i:572;i:47;i:573;i:48;i:574;i:49;i:575;i:50;i:576;i:51;i:577;i:52;i:578;i:53;i:579;i:54;i:580;i:55;i:581;i:56;i:582;i:57;i:583;i:58;i:584;i:59;i:585;i:60;i:586;i:61;i:587;i:62;i:588;i:63;i:589;i:64;i:590;i:65;i:591;i:66;i:592;}',0,1,'2020-10-01 19:26:29','2020-10-01 19:26:29'),(2,1,'Worldwide',1,NULL,NULL,1,1,'2020-10-01 19:26:29','2020-10-01 19:26:29'),(3,2,'Domestic',1,'a:2:{i:0;i:50;i:1;i:840;}','a:67:{i:0;i:46;i:1;i:47;i:2;i:48;i:3;i:49;i:4;i:50;i:5;i:51;i:6;i:52;i:7;i:53;i:8;i:534;i:9;i:535;i:10;i:536;i:11;i:537;i:12;i:538;i:13;i:539;i:14;i:540;i:15;i:541;i:16;i:542;i:17;i:543;i:18;i:544;i:19;i:545;i:20;i:546;i:21;i:547;i:22;i:548;i:23;i:549;i:24;i:550;i:25;i:551;i:26;i:552;i:27;i:553;i:28;i:554;i:29;i:555;i:30;i:556;i:31;i:557;i:32;i:558;i:33;i:559;i:34;i:560;i:35;i:561;i:36;i:562;i:37;i:563;i:38;i:564;i:39;i:565;i:40;i:566;i:41;i:567;i:42;i:568;i:43;i:569;i:44;i:570;i:45;i:571;i:46;i:572;i:47;i:573;i:48;i:574;i:49;i:575;i:50;i:576;i:51;i:577;i:52;i:578;i:53;i:579;i:54;i:580;i:55;i:581;i:56;i:582;i:57;i:583;i:58;i:584;i:59;i:585;i:60;i:586;i:61;i:587;i:62;i:588;i:63;i:589;i:64;i:590;i:65;i:591;i:66;i:592;}',0,1,'2020-10-01 19:26:29','2020-10-01 19:26:29'),(4,2,'Worldwide',1,NULL,NULL,1,1,'2020-10-01 19:26:29','2020-10-01 19:26:29');
/*!40000 ALTER TABLE `shipping_zones` ENABLE KEYS */;
UNLOCK TABLES;

--
-- Table structure for table `shop_payment_methods`
--

DROP TABLE IF EXISTS `shop_payment_methods`;
/*!40101 SET @saved_cs_client     = @@character_set_client */;
/*!40101 SET character_set_client = utf8 */;
CREATE TABLE `shop_payment_methods` (
  `payment_method_id` int(10) unsigned NOT NULL,
  `shop_id` int(10) unsigned NOT NULL,
  `created_at` timestamp NULL DEFAULT NULL,
  `updated_at` timestamp NULL DEFAULT NULL,
  KEY `shop_payment_methods_payment_method_id_index` (`payment_method_id`),
  KEY `shop_payment_methods_shop_id_index` (`shop_id`),
  CONSTRAINT `shop_payment_methods_payment_method_id_foreign` FOREIGN KEY (`payment_method_id`) REFERENCES `payment_methods` (`id`) ON DELETE CASCADE,
  CONSTRAINT `shop_payment_methods_shop_id_foreign` FOREIGN KEY (`shop_id`) REFERENCES `shops` (`id`) ON DELETE CASCADE
) ENGINE=InnoDB DEFAULT CHARSET=utf8 COLLATE=utf8_unicode_ci;
/*!40101 SET character_set_client = @saved_cs_client */;

--
-- Dumping data for table `shop_payment_methods`
--

LOCK TABLES `shop_payment_methods` WRITE;
/*!40000 ALTER TABLE `shop_payment_methods` DISABLE KEYS */;
INSERT INTO `shop_payment_methods` VALUES (7,1,'2020-10-01 19:26:32','2020-10-01 19:26:32'),(8,1,'2020-10-01 19:26:32','2020-10-01 19:26:32'),(7,2,'2020-10-01 19:26:32','2020-10-01 19:26:32'),(8,2,'2020-10-01 19:26:32','2020-10-01 19:26:32'),(2,1,'2020-10-05 22:28:22','2020-10-05 22:28:22');
/*!40000 ALTER TABLE `shop_payment_methods` ENABLE KEYS */;
UNLOCK TABLES;

--
-- Table structure for table `shops`
--

DROP TABLE IF EXISTS `shops`;
/*!40101 SET @saved_cs_client     = @@character_set_client */;
/*!40101 SET character_set_client = utf8 */;
CREATE TABLE `shops` (
  `id` int(10) unsigned NOT NULL AUTO_INCREMENT,
  `owner_id` bigint(20) unsigned NOT NULL,
  `name` text COLLATE utf8_unicode_ci DEFAULT NULL,
  `legal_name` text COLLATE utf8_unicode_ci DEFAULT NULL,
  `slug` varchar(200) COLLATE utf8_unicode_ci NOT NULL,
  `email` varchar(255) COLLATE utf8_unicode_ci NOT NULL,
  `description` longtext COLLATE utf8_unicode_ci DEFAULT NULL,
  `external_url` varchar(255) COLLATE utf8_unicode_ci DEFAULT NULL,
  `timezone_id` int(11) DEFAULT NULL,
  `current_billing_plan` varchar(255) COLLATE utf8_unicode_ci DEFAULT NULL,
  `stripe_id` varchar(255) COLLATE utf8_unicode_ci DEFAULT NULL,
  `card_holder_name` text COLLATE utf8_unicode_ci DEFAULT NULL,
  `card_brand` varchar(255) COLLATE utf8_unicode_ci DEFAULT NULL,
  `card_last_four` varchar(255) COLLATE utf8_unicode_ci DEFAULT NULL,
  `trial_ends_at` timestamp NULL DEFAULT NULL,
  `hide_trial_notice` tinyint(1) DEFAULT NULL,
  `active` tinyint(1) DEFAULT 0,
  `payment_verified` tinyint(1) DEFAULT NULL,
  `id_verified` tinyint(1) DEFAULT NULL,
  `phone_verified` tinyint(1) DEFAULT NULL,
  `address_verified` tinyint(1) DEFAULT NULL,
  `deleted_at` timestamp NULL DEFAULT NULL,
  `created_at` timestamp NULL DEFAULT NULL,
  `updated_at` timestamp NULL DEFAULT NULL,
  PRIMARY KEY (`id`),
  UNIQUE KEY `shops_slug_unique` (`slug`),
  UNIQUE KEY `shops_email_unique` (`email`),
  KEY `shops_owner_id_foreign` (`owner_id`),
  CONSTRAINT `shops_owner_id_foreign` FOREIGN KEY (`owner_id`) REFERENCES `users` (`id`) ON DELETE CASCADE
) ENGINE=InnoDB AUTO_INCREMENT=3 DEFAULT CHARSET=utf8 COLLATE=utf8_unicode_ci;
/*!40101 SET character_set_client = @saved_cs_client */;

--
-- Dumping data for table `shops`
--

LOCK TABLES `shops` WRITE;
/*!40000 ALTER TABLE `shops` DISABLE KEYS */;
INSERT INTO `shops` VALUES (1,3,'Big Shop','Big Shop Ltd.','big-shop','shop3@demo.com','Lorem ipsum dolor sit amet, consectetur adipisicing elit, sed do eiusmod tempor incididunt ut labore et dolore magna aliqua. Ut enim ad minim veniam, quis nostrud exercitation ullamco laboris nisi ut aliquip ex ea commodo consequat. Duis aute irure dolor in reprehenderit in voluptate velit esse cillum dolore eu fugiat nulla pariatur. Excepteur sint occaecat cupidatat non proident, sunt in culpa qui officia deserunt mollit anim id est laborum.',NULL,73,'price_1H1HW7JewI4n8wVFl8Ukknoz',NULL,NULL,NULL,NULL,'2020-10-14 19:26:29',NULL,1,1,1,1,1,NULL,'2020-10-01 19:26:29','2020-10-01 19:26:29'),(2,4,'Amz Mart','Amz Mart Ltd.','amz-mart','shop4@demo.com','Lorem ipsum dolor sit amet, consectetur adipisicing elit, sed do eiusmod tempor incididunt ut labore et dolore magna aliqua. Ut enim ad minim veniam, quis nostrud exercitation ullamco laboris nisi ut aliquip ex ea commodo consequat. Duis aute irure dolor in reprehenderit in voluptate velit esse cillum dolore eu fugiat nulla pariatur. Excepteur sint occaecat cupidatat non proident, sunt in culpa qui officia deserunt mollit anim id est laborum.',NULL,73,'price_1H1HW7JewI4n8wVFl8Ukknoz',NULL,NULL,NULL,NULL,'2020-10-14 19:26:29',NULL,1,1,1,1,1,NULL,'2020-10-01 19:26:29','2020-10-01 19:26:29');
/*!40000 ALTER TABLE `shops` ENABLE KEYS */;
UNLOCK TABLES;

--
-- Table structure for table `sliders`
--

DROP TABLE IF EXISTS `sliders`;
/*!40101 SET @saved_cs_client     = @@character_set_client */;
/*!40101 SET character_set_client = utf8 */;
CREATE TABLE `sliders` (
  `id` int(10) unsigned NOT NULL AUTO_INCREMENT,
  `title` varchar(255) COLLATE utf8_unicode_ci DEFAULT NULL,
  `title_color` varchar(20) COLLATE utf8_unicode_ci DEFAULT '#333333',
  `sub_title` varchar(255) COLLATE utf8_unicode_ci DEFAULT NULL,
  `sub_title_color` varchar(20) COLLATE utf8_unicode_ci DEFAULT '#b5b5b5',
  `link` text COLLATE utf8_unicode_ci DEFAULT NULL,
  `order` int(11) NOT NULL DEFAULT 100,
  `created_at` timestamp NULL DEFAULT NULL,
  `updated_at` timestamp NULL DEFAULT NULL,
  PRIMARY KEY (`id`)
) ENGINE=InnoDB AUTO_INCREMENT=8 DEFAULT CHARSET=utf8 COLLATE=utf8_unicode_ci;
/*!40101 SET character_set_client = @saved_cs_client */;

--
-- Dumping data for table `sliders`
--

LOCK TABLES `sliders` WRITE;
/*!40000 ALTER TABLE `sliders` DISABLE KEYS */;
INSERT INTO `sliders` VALUES (1,NULL,'#333333',NULL,'#b5b5b5','/category/voluptates-nostrum-accusamus-animi-sequi',1,'2020-10-01 19:26:32','2020-10-01 19:26:32'),(2,NULL,'#333333',NULL,'#b5b5b5','/category/mobile',2,'2020-10-01 19:26:32','2020-10-01 19:26:32'),(3,'Demo Slider','#333333','Change text and color','#b5b5b5','/category/pns-camera',3,'2020-10-01 19:26:32','2020-10-01 19:26:32'),(4,NULL,'#333333',NULL,'#b5b5b5','/category/home-theater',4,'2020-10-01 19:26:32','2020-10-01 19:26:32'),(5,NULL,'#333333',NULL,'#b5b5b5',NULL,100,'2020-10-11 06:57:14','2020-10-11 06:57:14'),(6,NULL,'#333333',NULL,'#b5b5b5',NULL,100,'2020-10-11 06:57:28','2020-10-11 06:57:28'),(7,NULL,'#333333',NULL,'#b5b5b5',NULL,100,'2020-10-11 06:57:41','2020-10-11 06:57:41');
/*!40000 ALTER TABLE `sliders` ENABLE KEYS */;
UNLOCK TABLES;

--
-- Table structure for table `states`
--

DROP TABLE IF EXISTS `states`;
/*!40101 SET @saved_cs_client     = @@character_set_client */;
/*!40101 SET character_set_client = utf8 */;
CREATE TABLE `states` (
  `id` int(10) unsigned NOT NULL AUTO_INCREMENT,
  `country_id` int(10) unsigned NOT NULL,
  `iso_code` varchar(255) COLLATE utf8_unicode_ci NOT NULL,
  `iso_numeric` varchar(255) COLLATE utf8_unicode_ci DEFAULT NULL,
  `name` varchar(255) COLLATE utf8_unicode_ci DEFAULT NULL,
  `calling_code` varchar(5) COLLATE utf8_unicode_ci DEFAULT NULL,
  `active` tinyint(1) DEFAULT 1,
  `created_at` timestamp NULL DEFAULT NULL,
  `updated_at` timestamp NULL DEFAULT NULL,
  PRIMARY KEY (`id`),
  KEY `states_country_id_foreign` (`country_id`),
  CONSTRAINT `states_country_id_foreign` FOREIGN KEY (`country_id`) REFERENCES `countries` (`id`) ON DELETE CASCADE
) ENGINE=InnoDB AUTO_INCREMENT=593 DEFAULT CHARSET=utf8 COLLATE=utf8_unicode_ci;
/*!40101 SET character_set_client = @saved_cs_client */;

--
-- Dumping data for table `states`
--

LOCK TABLES `states` WRITE;
/*!40000 ALTER TABLE `states` DISABLE KEYS */;
INSERT INTO `states` VALUES (1,32,'C',NULL,'Ciudad Autnoma de Buenos Aires',NULL,1,'2020-10-01 19:25:57','2020-10-01 19:25:57'),(2,32,'B',NULL,'Buenos Aires',NULL,1,'2020-10-01 19:25:57','2020-10-01 19:25:57'),(3,32,'K',NULL,'Catamarca ',NULL,1,'2020-10-01 19:25:57','2020-10-01 19:25:57'),(4,32,'H',NULL,'Chaco ',NULL,1,'2020-10-01 19:25:57','2020-10-01 19:25:57'),(5,32,'U',NULL,'Chubut',NULL,1,'2020-10-01 19:25:57','2020-10-01 19:25:57'),(6,32,'X',NULL,'Crdoba ',NULL,1,'2020-10-01 19:25:57','2020-10-01 19:25:57'),(7,32,'W',NULL,'Corrientes',NULL,1,'2020-10-01 19:25:57','2020-10-01 19:25:57'),(8,32,'E',NULL,'Entre Ros',NULL,1,'2020-10-01 19:25:57','2020-10-01 19:25:57'),(9,32,'P',NULL,'Formosa ',NULL,1,'2020-10-01 19:25:57','2020-10-01 19:25:57'),(10,32,'Y',NULL,'Jujuy ',NULL,1,'2020-10-01 19:25:57','2020-10-01 19:25:57'),(11,32,'L',NULL,'La Pampa',NULL,1,'2020-10-01 19:25:57','2020-10-01 19:25:57'),(12,32,'F',NULL,'La Rioja',NULL,1,'2020-10-01 19:25:57','2020-10-01 19:25:57'),(13,32,'M',NULL,'Mendoza ',NULL,1,'2020-10-01 19:25:57','2020-10-01 19:25:57'),(14,32,'N',NULL,'Misiones',NULL,1,'2020-10-01 19:25:57','2020-10-01 19:25:57'),(15,32,'Q',NULL,'Neuqun ',NULL,1,'2020-10-01 19:25:57','2020-10-01 19:25:57'),(16,32,'R',NULL,'Ro Negro ',NULL,1,'2020-10-01 19:25:57','2020-10-01 19:25:57'),(17,32,'A',NULL,'Salta ',NULL,1,'2020-10-01 19:25:57','2020-10-01 19:25:57'),(18,32,'J',NULL,'San Juan',NULL,1,'2020-10-01 19:25:57','2020-10-01 19:25:57'),(19,32,'D',NULL,'San Luis',NULL,1,'2020-10-01 19:25:57','2020-10-01 19:25:57'),(20,32,'Z',NULL,'Santa Cruz',NULL,1,'2020-10-01 19:25:57','2020-10-01 19:25:57'),(21,32,'S',NULL,'Santa Fe',NULL,1,'2020-10-01 19:25:57','2020-10-01 19:25:57'),(22,32,'G',NULL,'Santiago del Estero ',NULL,1,'2020-10-01 19:25:57','2020-10-01 19:25:57'),(23,32,'V',NULL,'Tierra del Fuego',NULL,1,'2020-10-01 19:25:57','2020-10-01 19:25:57'),(24,32,'T',NULL,'Tucumn ',NULL,1,'2020-10-01 19:25:57','2020-10-01 19:25:57'),(25,40,'1',NULL,'Burgenland',NULL,1,'2020-10-01 19:25:57','2020-10-01 19:25:57'),(26,40,'2',NULL,'Krnten',NULL,1,'2020-10-01 19:25:57','2020-10-01 19:25:57'),(27,40,'3',NULL,'Niedersterreich',NULL,1,'2020-10-01 19:25:57','2020-10-01 19:25:57'),(28,40,'4',NULL,'Obersterreich',NULL,1,'2020-10-01 19:25:57','2020-10-01 19:25:57'),(29,40,'5',NULL,'Salzburg',NULL,1,'2020-10-01 19:25:57','2020-10-01 19:25:57'),(30,40,'6',NULL,'Steiermark',NULL,1,'2020-10-01 19:25:57','2020-10-01 19:25:57'),(31,40,'7',NULL,'Tirol',NULL,1,'2020-10-01 19:25:57','2020-10-01 19:25:57'),(32,40,'8',NULL,'Vorarlberg',NULL,1,'2020-10-01 19:25:57','2020-10-01 19:25:57'),(33,40,'9',NULL,'Wien',NULL,1,'2020-10-01 19:25:57','2020-10-01 19:25:57'),(34,36,'ACT',NULL,'Australian Capital Territory',NULL,1,'2020-10-01 19:25:57','2020-10-01 19:25:57'),(35,36,'CX',NULL,'Christmas Island',NULL,1,'2020-10-01 19:25:57','2020-10-01 19:25:57'),(36,36,'CC',NULL,'Cocos Islands',NULL,1,'2020-10-01 19:25:57','2020-10-01 19:25:57'),(37,36,'HM',NULL,'Heard Island and McDonald Islands',NULL,1,'2020-10-01 19:25:57','2020-10-01 19:25:57'),(38,36,'NSW',NULL,'New South Wales',NULL,1,'2020-10-01 19:25:57','2020-10-01 19:25:57'),(39,36,'NF',NULL,'Norfolk Island',NULL,1,'2020-10-01 19:25:57','2020-10-01 19:25:57'),(40,36,'NT',NULL,'Northern Territory',NULL,1,'2020-10-01 19:25:57','2020-10-01 19:25:57'),(41,36,'QLD',NULL,'Queensland',NULL,1,'2020-10-01 19:25:57','2020-10-01 19:25:57'),(42,36,'SA',NULL,'South Australia',NULL,1,'2020-10-01 19:25:57','2020-10-01 19:25:57'),(43,36,'TAS',NULL,'Tasmania',NULL,1,'2020-10-01 19:25:57','2020-10-01 19:25:57'),(44,36,'VIC',NULL,'Victoria',NULL,1,'2020-10-01 19:25:57','2020-10-01 19:25:57'),(45,36,'WA',NULL,'Western Australia',NULL,1,'2020-10-01 19:25:57','2020-10-01 19:25:57'),(46,50,'A',NULL,'Barisal',NULL,1,'2020-10-01 19:25:57','2020-10-01 19:25:57'),(47,50,'B',NULL,'Chittagong',NULL,1,'2020-10-01 19:25:57','2020-10-01 19:25:57'),(48,50,'C',NULL,'Dhaka',NULL,1,'2020-10-01 19:25:57','2020-10-01 19:25:57'),(49,50,'D',NULL,'Khulna',NULL,1,'2020-10-01 19:25:57','2020-10-01 19:25:57'),(50,50,'H',NULL,'Mymensingh',NULL,1,'2020-10-01 19:25:57','2020-10-01 19:25:57'),(51,50,'E',NULL,'Rajshahi',NULL,1,'2020-10-01 19:25:57','2020-10-01 19:25:57'),(52,50,'F',NULL,'Rangpur',NULL,1,'2020-10-01 19:25:57','2020-10-01 19:25:57'),(53,50,'G',NULL,'Sylhet',NULL,1,'2020-10-01 19:25:57','2020-10-01 19:25:57'),(54,56,'VAN',NULL,'Antwerpen',NULL,1,'2020-10-01 19:25:57','2020-10-01 19:25:57'),(55,56,'WBR',NULL,'Brabant wallon',NULL,1,'2020-10-01 19:25:57','2020-10-01 19:25:57'),(56,56,'WHT',NULL,'Hainaut',NULL,1,'2020-10-01 19:25:57','2020-10-01 19:25:57'),(57,56,'WLG',NULL,'Luik',NULL,1,'2020-10-01 19:25:57','2020-10-01 19:25:57'),(58,56,'VLI',NULL,'Limburg',NULL,1,'2020-10-01 19:25:57','2020-10-01 19:25:57'),(59,56,'WLX',NULL,'Luxemburg',NULL,1,'2020-10-01 19:25:57','2020-10-01 19:25:57'),(60,56,'WNA',NULL,'Namur',NULL,1,'2020-10-01 19:25:57','2020-10-01 19:25:57'),(61,56,'VOV',NULL,'Oost-Vlaanderen',NULL,1,'2020-10-01 19:25:57','2020-10-01 19:25:57'),(62,56,'VBR',NULL,'Vlaams-Brabant',NULL,1,'2020-10-01 19:25:57','2020-10-01 19:25:57'),(63,56,'VWV',NULL,'West-Vlaanderen',NULL,1,'2020-10-01 19:25:57','2020-10-01 19:25:57'),(64,76,'AC',NULL,'Acre',NULL,1,'2020-10-01 19:25:57','2020-10-01 19:25:57'),(65,76,'AL',NULL,'Alagoas',NULL,1,'2020-10-01 19:25:57','2020-10-01 19:25:57'),(66,76,'AP',NULL,'Amap',NULL,1,'2020-10-01 19:25:57','2020-10-01 19:25:57'),(67,76,'AM',NULL,'Amazonas',NULL,1,'2020-10-01 19:25:57','2020-10-01 19:25:57'),(68,76,'BA',NULL,'Bahia',NULL,1,'2020-10-01 19:25:57','2020-10-01 19:25:57'),(69,76,'CE',NULL,'Cear',NULL,1,'2020-10-01 19:25:57','2020-10-01 19:25:57'),(70,76,'DF',NULL,'Distrito Federal',NULL,1,'2020-10-01 19:25:57','2020-10-01 19:25:57'),(71,76,'ES',NULL,'Esprito Santo',NULL,1,'2020-10-01 19:25:57','2020-10-01 19:25:57'),(72,76,'GO',NULL,'Gois',NULL,1,'2020-10-01 19:25:57','2020-10-01 19:25:57'),(73,76,'MA',NULL,'Maranho',NULL,1,'2020-10-01 19:25:57','2020-10-01 19:25:57'),(74,76,'MT',NULL,'Mato Grosso',NULL,1,'2020-10-01 19:25:57','2020-10-01 19:25:57'),(75,76,'MS',NULL,'Mato Grosso do Sul',NULL,1,'2020-10-01 19:25:57','2020-10-01 19:25:57'),(76,76,'MG',NULL,'Minas Gerais',NULL,1,'2020-10-01 19:25:57','2020-10-01 19:25:57'),(77,76,'PA',NULL,'Par',NULL,1,'2020-10-01 19:25:57','2020-10-01 19:25:57'),(78,76,'PB',NULL,'Paraba',NULL,1,'2020-10-01 19:25:57','2020-10-01 19:25:57'),(79,76,'PR',NULL,'Paran',NULL,1,'2020-10-01 19:25:57','2020-10-01 19:25:57'),(80,76,'PE',NULL,'Pernambuco',NULL,1,'2020-10-01 19:25:57','2020-10-01 19:25:57'),(81,76,'PI',NULL,'Piau',NULL,1,'2020-10-01 19:25:57','2020-10-01 19:25:57'),(82,76,'RJ',NULL,'Rio de Janeiro',NULL,1,'2020-10-01 19:25:57','2020-10-01 19:25:57'),(83,76,'RN',NULL,'Rio Grande do Norte',NULL,1,'2020-10-01 19:25:57','2020-10-01 19:25:57'),(84,76,'RS',NULL,'Rio Grande do Sul',NULL,1,'2020-10-01 19:25:57','2020-10-01 19:25:57'),(85,76,'RO',NULL,'Rondnia',NULL,1,'2020-10-01 19:25:57','2020-10-01 19:25:57'),(86,76,'RR',NULL,'Roraima',NULL,1,'2020-10-01 19:25:57','2020-10-01 19:25:57'),(87,76,'SC',NULL,'Santa Catarina',NULL,1,'2020-10-01 19:25:57','2020-10-01 19:25:57'),(88,76,'SP',NULL,'So Paulo',NULL,1,'2020-10-01 19:25:57','2020-10-01 19:25:57'),(89,76,'SE',NULL,'Sergipe',NULL,1,'2020-10-01 19:25:57','2020-10-01 19:25:57'),(90,76,'TO',NULL,'Tocantins',NULL,1,'2020-10-01 19:25:57','2020-10-01 19:25:57'),(91,124,'AB',NULL,'Alberta',NULL,1,'2020-10-01 19:25:57','2020-10-01 19:25:57'),(92,124,'BC',NULL,'British Columbia',NULL,1,'2020-10-01 19:25:57','2020-10-01 19:25:57'),(93,124,'MB',NULL,'Manitoba',NULL,1,'2020-10-01 19:25:57','2020-10-01 19:25:57'),(94,124,'NB',NULL,'New Brunswick',NULL,1,'2020-10-01 19:25:57','2020-10-01 19:25:57'),(95,124,'NL',NULL,'Newfoundland and Labrador',NULL,1,'2020-10-01 19:25:57','2020-10-01 19:25:57'),(96,124,'NS',NULL,'Nova Scotia',NULL,1,'2020-10-01 19:25:57','2020-10-01 19:25:57'),(97,124,'NU',NULL,'Nunavut',NULL,1,'2020-10-01 19:25:57','2020-10-01 19:25:57'),(98,124,'NT',NULL,'Northwest Territories',NULL,1,'2020-10-01 19:25:57','2020-10-01 19:25:57'),(99,124,'ON',NULL,'Ontario',NULL,1,'2020-10-01 19:25:57','2020-10-01 19:25:57'),(100,124,'PE',NULL,'Prince Edward Island',NULL,1,'2020-10-01 19:25:57','2020-10-01 19:25:57'),(101,124,'QC',NULL,'Quebec',NULL,1,'2020-10-01 19:25:57','2020-10-01 19:25:57'),(102,124,'SK',NULL,'Saskatchewan',NULL,1,'2020-10-01 19:25:57','2020-10-01 19:25:57'),(103,124,'YT',NULL,'Yukon',NULL,1,'2020-10-01 19:25:57','2020-10-01 19:25:57'),(104,156,'',NULL,'',NULL,1,'2020-10-01 19:25:57','2020-10-01 19:25:57'),(105,156,'',NULL,'',NULL,1,'2020-10-01 19:25:57','2020-10-01 19:25:57'),(106,156,'',NULL,'',NULL,1,'2020-10-01 19:25:57','2020-10-01 19:25:57'),(107,156,'',NULL,'',NULL,1,'2020-10-01 19:25:57','2020-10-01 19:25:57'),(108,156,'',NULL,'',NULL,1,'2020-10-01 19:25:57','2020-10-01 19:25:57'),(109,156,'',NULL,'',NULL,1,'2020-10-01 19:25:57','2020-10-01 19:25:57'),(110,156,'',NULL,'',NULL,1,'2020-10-01 19:25:57','2020-10-01 19:25:57'),(111,156,'',NULL,'',NULL,1,'2020-10-01 19:25:57','2020-10-01 19:25:57'),(112,156,'',NULL,'',NULL,1,'2020-10-01 19:25:57','2020-10-01 19:25:57'),(113,156,'',NULL,'',NULL,1,'2020-10-01 19:25:57','2020-10-01 19:25:57'),(114,156,'',NULL,'',NULL,1,'2020-10-01 19:25:57','2020-10-01 19:25:57'),(115,156,'',NULL,'',NULL,1,'2020-10-01 19:25:57','2020-10-01 19:25:57'),(116,156,'',NULL,'',NULL,1,'2020-10-01 19:25:57','2020-10-01 19:25:57'),(117,156,'',NULL,'',NULL,1,'2020-10-01 19:25:57','2020-10-01 19:25:57'),(118,156,'',NULL,'',NULL,1,'2020-10-01 19:25:57','2020-10-01 19:25:57'),(119,156,'',NULL,'',NULL,1,'2020-10-01 19:25:57','2020-10-01 19:25:57'),(120,156,'',NULL,'',NULL,1,'2020-10-01 19:25:57','2020-10-01 19:25:57'),(121,156,'',NULL,'',NULL,1,'2020-10-01 19:25:57','2020-10-01 19:25:57'),(122,156,'',NULL,'',NULL,1,'2020-10-01 19:25:57','2020-10-01 19:25:57'),(123,156,'',NULL,'',NULL,1,'2020-10-01 19:25:57','2020-10-01 19:25:57'),(124,156,'',NULL,'',NULL,1,'2020-10-01 19:25:57','2020-10-01 19:25:57'),(125,156,'',NULL,'',NULL,1,'2020-10-01 19:25:57','2020-10-01 19:25:57'),(126,156,'',NULL,'',NULL,1,'2020-10-01 19:25:57','2020-10-01 19:25:57'),(127,156,'',NULL,'',NULL,1,'2020-10-01 19:25:57','2020-10-01 19:25:57'),(128,156,'',NULL,'',NULL,1,'2020-10-01 19:25:57','2020-10-01 19:25:57'),(129,156,'',NULL,'',NULL,1,'2020-10-01 19:25:57','2020-10-01 19:25:57'),(130,156,'',NULL,'',NULL,1,'2020-10-01 19:25:57','2020-10-01 19:25:57'),(131,156,'',NULL,'',NULL,1,'2020-10-01 19:25:57','2020-10-01 19:25:57'),(132,156,'',NULL,'',NULL,1,'2020-10-01 19:25:57','2020-10-01 19:25:57'),(133,156,'',NULL,'',NULL,1,'2020-10-01 19:25:57','2020-10-01 19:25:57'),(134,156,'',NULL,'',NULL,1,'2020-10-01 19:25:57','2020-10-01 19:25:57'),(135,156,'',NULL,'',NULL,1,'2020-10-01 19:25:57','2020-10-01 19:25:57'),(136,156,'',NULL,'',NULL,1,'2020-10-01 19:25:57','2020-10-01 19:25:57'),(137,156,'',NULL,'',NULL,1,'2020-10-01 19:25:57','2020-10-01 19:25:57'),(138,276,'BW',NULL,'Baden-Wrttemberg',NULL,1,'2020-10-01 19:25:57','2020-10-01 19:25:57'),(139,276,'BY',NULL,'Bayern',NULL,1,'2020-10-01 19:25:57','2020-10-01 19:25:57'),(140,276,'BE',NULL,'Berlin',NULL,1,'2020-10-01 19:25:57','2020-10-01 19:25:57'),(141,276,'BB',NULL,'Brandenburg',NULL,1,'2020-10-01 19:25:57','2020-10-01 19:25:57'),(142,276,'HB',NULL,'Bremen',NULL,1,'2020-10-01 19:25:57','2020-10-01 19:25:57'),(143,276,'HH',NULL,'Hamburg',NULL,1,'2020-10-01 19:25:57','2020-10-01 19:25:57'),(144,276,'HE',NULL,'Hessen',NULL,1,'2020-10-01 19:25:57','2020-10-01 19:25:57'),(145,276,'MV',NULL,'Mecklenburg-Vorpommern',NULL,1,'2020-10-01 19:25:57','2020-10-01 19:25:57'),(146,276,'NI',NULL,'Niedersachsen',NULL,1,'2020-10-01 19:25:57','2020-10-01 19:25:57'),(147,276,'NW',NULL,'Nordrhein-Westfalen',NULL,1,'2020-10-01 19:25:57','2020-10-01 19:25:57'),(148,276,'RP',NULL,'Rheinland-Pfalz',NULL,1,'2020-10-01 19:25:57','2020-10-01 19:25:57'),(149,276,'SL',NULL,'Saarland',NULL,1,'2020-10-01 19:25:57','2020-10-01 19:25:57'),(150,276,'SN',NULL,'Sachsen',NULL,1,'2020-10-01 19:25:57','2020-10-01 19:25:57'),(151,276,'ST',NULL,'Sachsen-Anhalt',NULL,1,'2020-10-01 19:25:57','2020-10-01 19:25:57'),(152,276,'SH',NULL,'Schleswig-Holstein',NULL,1,'2020-10-01 19:25:57','2020-10-01 19:25:57'),(153,276,'TH',NULL,'Thringen',NULL,1,'2020-10-01 19:25:57','2020-10-01 19:25:57'),(154,724,'C',NULL,'La Corua',NULL,1,'2020-10-01 19:25:57','2020-10-01 19:25:57'),(155,724,'LU',NULL,'Lugo',NULL,1,'2020-10-01 19:25:57','2020-10-01 19:25:57'),(156,724,'BI',NULL,'Vizcaya',NULL,1,'2020-10-01 19:25:57','2020-10-01 19:25:57'),(157,724,'SS',NULL,'Guipzcoa',NULL,1,'2020-10-01 19:25:57','2020-10-01 19:25:57'),(158,724,'HU',NULL,'Huesca',NULL,1,'2020-10-01 19:25:57','2020-10-01 19:25:57'),(159,724,'L',NULL,'Lrida',NULL,1,'2020-10-01 19:25:57','2020-10-01 19:25:57'),(160,724,'GI',NULL,'Gerona',NULL,1,'2020-10-01 19:25:57','2020-10-01 19:25:57'),(161,724,'B',NULL,'Barcelona',NULL,1,'2020-10-01 19:25:57','2020-10-01 19:25:57'),(162,724,'T',NULL,'Tarragona',NULL,1,'2020-10-01 19:25:57','2020-10-01 19:25:57'),(163,724,'CS',NULL,'Castelln',NULL,1,'2020-10-01 19:25:57','2020-10-01 19:25:57'),(164,724,'V',NULL,'Valencia',NULL,1,'2020-10-01 19:25:57','2020-10-01 19:25:57'),(165,724,'A',NULL,'Alicante',NULL,1,'2020-10-01 19:25:57','2020-10-01 19:25:57'),(166,724,'MU',NULL,'Murcia',NULL,1,'2020-10-01 19:25:57','2020-10-01 19:25:57'),(167,724,'Z',NULL,'Zaragoza',NULL,1,'2020-10-01 19:25:57','2020-10-01 19:25:57'),(168,724,'TE',NULL,'Teruel',NULL,1,'2020-10-01 19:25:57','2020-10-01 19:25:57'),(169,724,'CU',NULL,'Cuenca',NULL,1,'2020-10-01 19:25:57','2020-10-01 19:25:57'),(170,724,'AB',NULL,'Albacete',NULL,1,'2020-10-01 19:25:57','2020-10-01 19:25:57'),(171,724,'AL',NULL,'Almeria',NULL,1,'2020-10-01 19:25:57','2020-10-01 19:25:57'),(172,724,'GR',NULL,'Granada',NULL,1,'2020-10-01 19:25:57','2020-10-01 19:25:57'),(173,724,'MA',NULL,'Mlaga',NULL,1,'2020-10-01 19:25:57','2020-10-01 19:25:57'),(174,724,'TF',NULL,'Tenerife',NULL,1,'2020-10-01 19:25:57','2020-10-01 19:25:57'),(175,724,'CA',NULL,'Cdiz',NULL,1,'2020-10-01 19:25:57','2020-10-01 19:25:57'),(176,724,'SE',NULL,'Sevilla',NULL,1,'2020-10-01 19:25:57','2020-10-01 19:25:57'),(177,724,'H',NULL,'Huelva',NULL,1,'2020-10-01 19:25:57','2020-10-01 19:25:57'),(178,724,'GC',NULL,'Las Palmas',NULL,1,'2020-10-01 19:25:57','2020-10-01 19:25:57'),(179,724,'M',NULL,'Madrid',NULL,1,'2020-10-01 19:25:57','2020-10-01 19:25:57'),(180,724,'BA',NULL,'Badajoz',NULL,1,'2020-10-01 19:25:57','2020-10-01 19:25:57'),(181,724,'CC',NULL,'Cceres',NULL,1,'2020-10-01 19:25:57','2020-10-01 19:25:57'),(182,724,'TO',NULL,'Toledo',NULL,1,'2020-10-01 19:25:57','2020-10-01 19:25:57'),(183,724,'CR',NULL,'Ciudad Real',NULL,1,'2020-10-01 19:25:57','2020-10-01 19:25:57'),(184,724,'SA',NULL,'Salamanca',NULL,1,'2020-10-01 19:25:57','2020-10-01 19:25:57'),(185,724,'CO',NULL,'Crdoba',NULL,1,'2020-10-01 19:25:57','2020-10-01 19:25:57'),(186,724,'J',NULL,'Jan',NULL,1,'2020-10-01 19:25:57','2020-10-01 19:25:57'),(187,724,'AV',NULL,'vila',NULL,1,'2020-10-01 19:25:57','2020-10-01 19:25:57'),(188,724,'VA',NULL,'Valladolid',NULL,1,'2020-10-01 19:25:57','2020-10-01 19:25:57'),(189,724,'ZA',NULL,'Zamora',NULL,1,'2020-10-01 19:25:57','2020-10-01 19:25:57'),(190,724,'VI',NULL,'lava',NULL,1,'2020-10-01 19:25:57','2020-10-01 19:25:57'),(191,724,'SG',NULL,'Segovia',NULL,1,'2020-10-01 19:25:57','2020-10-01 19:25:57'),(192,724,'BU',NULL,'Burgos',NULL,1,'2020-10-01 19:25:57','2020-10-01 19:25:57'),(193,724,'PO',NULL,'Pontevedra',NULL,1,'2020-10-01 19:25:57','2020-10-01 19:25:57'),(194,724,'LE',NULL,'Len',NULL,1,'2020-10-01 19:25:57','2020-10-01 19:25:57'),(195,724,'OU',NULL,'Orense',NULL,1,'2020-10-01 19:25:57','2020-10-01 19:25:57'),(196,724,'P',NULL,'Palencia',NULL,1,'2020-10-01 19:25:57','2020-10-01 19:25:57'),(197,724,'LO',NULL,'La Rioja',NULL,1,'2020-10-01 19:25:57','2020-10-01 19:25:57'),(198,724,'SO',NULL,'Soria',NULL,1,'2020-10-01 19:25:57','2020-10-01 19:25:57'),(199,724,'GU',NULL,'Guadalajara',NULL,1,'2020-10-01 19:25:57','2020-10-01 19:25:57'),(200,250,'ARA',NULL,'Auvergne-Rhne-Alpes',NULL,1,'2020-10-01 19:25:57','2020-10-01 19:25:57'),(201,250,'BFC',NULL,'Bourgogne-Franche-Comt',NULL,1,'2020-10-01 19:25:57','2020-10-01 19:25:57'),(202,250,'BRE',NULL,'Bretagne',NULL,1,'2020-10-01 19:25:57','2020-10-01 19:25:57'),(203,250,'CVL',NULL,'Centre-Val de Loire',NULL,1,'2020-10-01 19:25:57','2020-10-01 19:25:57'),(204,250,'COR',NULL,'Corse',NULL,1,'2020-10-01 19:25:57','2020-10-01 19:25:57'),(205,250,'GES',NULL,'Grand-Est',NULL,1,'2020-10-01 19:25:57','2020-10-01 19:25:57'),(206,250,'GUA',NULL,'Guadeloupe',NULL,1,'2020-10-01 19:25:57','2020-10-01 19:25:57'),(207,250,'HDF',NULL,'Hauts-de-France',NULL,1,'2020-10-01 19:25:57','2020-10-01 19:25:57'),(208,250,'IDF',NULL,'le-de-France',NULL,1,'2020-10-01 19:25:57','2020-10-01 19:25:57'),(209,250,'MAY',NULL,'Mayotte',NULL,1,'2020-10-01 19:25:57','2020-10-01 19:25:57'),(210,250,'NOR',NULL,'Normandie',NULL,1,'2020-10-01 19:25:57','2020-10-01 19:25:57'),(211,250,'NAQ',NULL,'Nouvelle-Aquitaine',NULL,1,'2020-10-01 19:25:57','2020-10-01 19:25:57'),(212,250,'OCC',NULL,'Occitanie',NULL,1,'2020-10-01 19:25:57','2020-10-01 19:25:57'),(213,250,'PDL',NULL,'Pays-de-la-Loire',NULL,1,'2020-10-01 19:25:57','2020-10-01 19:25:57'),(214,250,'PAC',NULL,'Provence-Alpes-Cte-dAzur',NULL,1,'2020-10-01 19:25:57','2020-10-01 19:25:57'),(215,250,'LRE',NULL,'La Runion',NULL,1,'2020-10-01 19:25:57','2020-10-01 19:25:57'),(216,360,'AC',NULL,'Special Region of Aceh',NULL,1,'2020-10-01 19:25:57','2020-10-01 19:25:57'),(217,360,'BA',NULL,'Bali',NULL,1,'2020-10-01 19:25:57','2020-10-01 19:25:57'),(218,360,'BB',NULL,'BangkaBelitung Islands',NULL,1,'2020-10-01 19:25:57','2020-10-01 19:25:57'),(219,360,'BT',NULL,'Banten',NULL,1,'2020-10-01 19:25:57','2020-10-01 19:25:57'),(220,360,'BE',NULL,'Bengkulu',NULL,1,'2020-10-01 19:25:57','2020-10-01 19:25:57'),(221,360,'JT',NULL,'Central Java',NULL,1,'2020-10-01 19:25:57','2020-10-01 19:25:57'),(222,360,'KT',NULL,'Central Kalimantan',NULL,1,'2020-10-01 19:25:57','2020-10-01 19:25:57'),(223,360,'ST',NULL,'Central Sulawesi',NULL,1,'2020-10-01 19:25:57','2020-10-01 19:25:57'),(224,360,'JI',NULL,'East Java',NULL,1,'2020-10-01 19:25:57','2020-10-01 19:25:57'),(225,360,'KI',NULL,'East Kalimantan',NULL,1,'2020-10-01 19:25:57','2020-10-01 19:25:57'),(226,360,'NT',NULL,'East Nusa Tenggara',NULL,1,'2020-10-01 19:25:57','2020-10-01 19:25:57'),(227,360,'GO',NULL,'Gorontalo',NULL,1,'2020-10-01 19:25:57','2020-10-01 19:25:57'),(228,360,'JK',NULL,'Jakarta Special Capital Region',NULL,1,'2020-10-01 19:25:57','2020-10-01 19:25:57'),(229,360,'JA',NULL,'Jambi',NULL,1,'2020-10-01 19:25:57','2020-10-01 19:25:57'),(230,360,'LA',NULL,'Lampung',NULL,1,'2020-10-01 19:25:57','2020-10-01 19:25:57'),(231,360,'MA',NULL,'Maluku',NULL,1,'2020-10-01 19:25:57','2020-10-01 19:25:57'),(232,360,'KU',NULL,'North Kalimantan',NULL,1,'2020-10-01 19:25:57','2020-10-01 19:25:57'),(233,360,'MU',NULL,'North Maluku',NULL,1,'2020-10-01 19:25:57','2020-10-01 19:25:57'),(234,360,'SA',NULL,'North Sulawesi',NULL,1,'2020-10-01 19:25:57','2020-10-01 19:25:57'),(235,360,'SU',NULL,'North Sumatra',NULL,1,'2020-10-01 19:25:57','2020-10-01 19:25:57'),(236,360,'PA',NULL,'Special Region of Papua',NULL,1,'2020-10-01 19:25:57','2020-10-01 19:25:57'),(237,360,'RI',NULL,'Riau',NULL,1,'2020-10-01 19:25:57','2020-10-01 19:25:57'),(238,360,'KR',NULL,'Riau Islands',NULL,1,'2020-10-01 19:25:57','2020-10-01 19:25:57'),(239,360,'SG',NULL,'Southeast Sulawesi',NULL,1,'2020-10-01 19:25:57','2020-10-01 19:25:57'),(240,360,'KS',NULL,'South Kalimantan',NULL,1,'2020-10-01 19:25:57','2020-10-01 19:25:57'),(241,360,'SN',NULL,'South Sulawesi',NULL,1,'2020-10-01 19:25:57','2020-10-01 19:25:57'),(242,360,'SS',NULL,'South Sumatra',NULL,1,'2020-10-01 19:25:57','2020-10-01 19:25:57'),(243,360,'JB',NULL,'West Java',NULL,1,'2020-10-01 19:25:57','2020-10-01 19:25:57'),(244,360,'KB',NULL,'West Kalimantan',NULL,1,'2020-10-01 19:25:57','2020-10-01 19:25:57'),(245,360,'NB',NULL,'West Nusa Tenggara',NULL,1,'2020-10-01 19:25:57','2020-10-01 19:25:57'),(246,360,'PB',NULL,'Special Region of West Papua',NULL,1,'2020-10-01 19:25:57','2020-10-01 19:25:57'),(247,360,'SR',NULL,'West Sulawesi',NULL,1,'2020-10-01 19:25:57','2020-10-01 19:25:57'),(248,360,'SB',NULL,'West Sumatra',NULL,1,'2020-10-01 19:25:57','2020-10-01 19:25:57'),(249,360,'YO',NULL,'Special Region of Yogyakarta',NULL,1,'2020-10-01 19:25:57','2020-10-01 19:25:57'),(250,356,'AP',NULL,'Andhra Pradesh',NULL,1,'2020-10-01 19:25:57','2020-10-01 19:25:57'),(251,356,'AR',NULL,'Arunachal Pradesh',NULL,1,'2020-10-01 19:25:57','2020-10-01 19:25:57'),(252,356,'AS',NULL,'Assam',NULL,1,'2020-10-01 19:25:57','2020-10-01 19:25:57'),(253,356,'BR',NULL,'Bihar',NULL,1,'2020-10-01 19:25:57','2020-10-01 19:25:57'),(254,356,'CT',NULL,'Chhattisgarh',NULL,1,'2020-10-01 19:25:57','2020-10-01 19:25:57'),(255,356,'GA',NULL,'Goa',NULL,1,'2020-10-01 19:25:57','2020-10-01 19:25:57'),(256,356,'GJ',NULL,'Gujarat',NULL,1,'2020-10-01 19:25:57','2020-10-01 19:25:57'),(257,356,'HR',NULL,'Haryana',NULL,1,'2020-10-01 19:25:57','2020-10-01 19:25:57'),(258,356,'HP',NULL,'Himachal Pradesh',NULL,1,'2020-10-01 19:25:57','2020-10-01 19:25:57'),(259,356,'JK',NULL,'Jammu and Kashmir',NULL,1,'2020-10-01 19:25:57','2020-10-01 19:25:57'),(260,356,'JH',NULL,'Jharkhand',NULL,1,'2020-10-01 19:25:57','2020-10-01 19:25:57'),(261,356,'KA',NULL,'Karnataka',NULL,1,'2020-10-01 19:25:57','2020-10-01 19:25:57'),(262,356,'KL',NULL,'Kerala',NULL,1,'2020-10-01 19:25:57','2020-10-01 19:25:57'),(263,356,'MP',NULL,'Madhya Pradesh',NULL,1,'2020-10-01 19:25:57','2020-10-01 19:25:57'),(264,356,'MH',NULL,'Maharashtra',NULL,1,'2020-10-01 19:25:57','2020-10-01 19:25:57'),(265,356,'MN',NULL,'Manipur',NULL,1,'2020-10-01 19:25:57','2020-10-01 19:25:57'),(266,356,'ML',NULL,'Meghalaya',NULL,1,'2020-10-01 19:25:57','2020-10-01 19:25:57'),(267,356,'MZ',NULL,'Mizoram',NULL,1,'2020-10-01 19:25:57','2020-10-01 19:25:57'),(268,356,'NL',NULL,'Nagaland',NULL,1,'2020-10-01 19:25:57','2020-10-01 19:25:57'),(269,356,'OR',NULL,'Odisha',NULL,1,'2020-10-01 19:25:57','2020-10-01 19:25:57'),(270,356,'PB',NULL,'Punjab',NULL,1,'2020-10-01 19:25:57','2020-10-01 19:25:57'),(271,356,'RJ',NULL,'Rajasthan',NULL,1,'2020-10-01 19:25:57','2020-10-01 19:25:57'),(272,356,'SK',NULL,'Sikkim',NULL,1,'2020-10-01 19:25:57','2020-10-01 19:25:57'),(273,356,'TN',NULL,'Tamil Nadu',NULL,1,'2020-10-01 19:25:57','2020-10-01 19:25:57'),(274,356,'TG',NULL,'Telangana',NULL,1,'2020-10-01 19:25:57','2020-10-01 19:25:57'),(275,356,'TR',NULL,'Tripura',NULL,1,'2020-10-01 19:25:57','2020-10-01 19:25:57'),(276,356,'UP',NULL,'Uttar Pradesh',NULL,1,'2020-10-01 19:25:57','2020-10-01 19:25:57'),(277,356,'UT',NULL,'Uttarakhand',NULL,1,'2020-10-01 19:25:57','2020-10-01 19:25:57'),(278,356,'WB',NULL,'West Bengal',NULL,1,'2020-10-01 19:25:57','2020-10-01 19:25:57'),(279,356,'AN',NULL,'Andaman and Nicobar Islands',NULL,1,'2020-10-01 19:25:57','2020-10-01 19:25:57'),(280,356,'CH',NULL,'Chandigarh',NULL,1,'2020-10-01 19:25:57','2020-10-01 19:25:57'),(281,356,'DN',NULL,'Dadra and Nagar Haveli',NULL,1,'2020-10-01 19:25:57','2020-10-01 19:25:57'),(282,356,'DD',NULL,'Daman and Diu',NULL,1,'2020-10-01 19:25:57','2020-10-01 19:25:57'),(283,356,'LD',NULL,'Lakshadweep',NULL,1,'2020-10-01 19:25:57','2020-10-01 19:25:57'),(284,356,'DL',NULL,'National Capital Territory of Delhi',NULL,1,'2020-10-01 19:25:57','2020-10-01 19:25:57'),(285,356,'PY',NULL,'Puducherry',NULL,1,'2020-10-01 19:25:57','2020-10-01 19:25:57'),(286,380,'65',NULL,'Abruzzo',NULL,1,'2020-10-01 19:25:57','2020-10-01 19:25:57'),(287,380,'77',NULL,'Basilicata',NULL,1,'2020-10-01 19:25:57','2020-10-01 19:25:57'),(288,380,'78',NULL,'Calabria',NULL,1,'2020-10-01 19:25:57','2020-10-01 19:25:57'),(289,380,'72',NULL,'Campania',NULL,1,'2020-10-01 19:25:57','2020-10-01 19:25:57'),(290,380,'45',NULL,'Emilia-Romagna',NULL,1,'2020-10-01 19:25:57','2020-10-01 19:25:57'),(291,380,'62',NULL,'Lazio',NULL,1,'2020-10-01 19:25:57','2020-10-01 19:25:57'),(292,380,'42',NULL,'Liguria',NULL,1,'2020-10-01 19:25:57','2020-10-01 19:25:57'),(293,380,'25',NULL,'Lombardy',NULL,1,'2020-10-01 19:25:57','2020-10-01 19:25:57'),(294,380,'57',NULL,'Marche',NULL,1,'2020-10-01 19:25:57','2020-10-01 19:25:57'),(295,380,'67',NULL,'Molise',NULL,1,'2020-10-01 19:25:57','2020-10-01 19:25:57'),(296,380,'21',NULL,'Piedmont',NULL,1,'2020-10-01 19:25:57','2020-10-01 19:25:57'),(297,380,'75',NULL,'Apulia',NULL,1,'2020-10-01 19:25:57','2020-10-01 19:25:57'),(298,380,'52',NULL,'Tuscany',NULL,1,'2020-10-01 19:25:57','2020-10-01 19:25:57'),(299,380,'55',NULL,'Umbria',NULL,1,'2020-10-01 19:25:57','2020-10-01 19:25:57'),(300,380,'34',NULL,'Veneto',NULL,1,'2020-10-01 19:25:57','2020-10-01 19:25:57'),(301,380,'36',NULL,'Friuli Venezia Giulia',NULL,1,'2020-10-01 19:25:57','2020-10-01 19:25:57'),(302,380,'88',NULL,'Sardinia',NULL,1,'2020-10-01 19:25:57','2020-10-01 19:25:57'),(303,380,'82',NULL,'Sicily',NULL,1,'2020-10-01 19:25:57','2020-10-01 19:25:57'),(304,380,'32',NULL,'Trentino-South Tyrol',NULL,1,'2020-10-01 19:25:57','2020-10-01 19:25:57'),(305,380,'23',NULL,'Aosta Valley',NULL,1,'2020-10-01 19:25:57','2020-10-01 19:25:57'),(306,392,'23',NULL,'Aiti',NULL,1,'2020-10-01 19:25:57','2020-10-01 19:25:57'),(307,392,'05',NULL,'Akita',NULL,1,'2020-10-01 19:25:57','2020-10-01 19:25:57'),(308,392,'02',NULL,'Aomori',NULL,1,'2020-10-01 19:25:57','2020-10-01 19:25:57'),(309,392,'38',NULL,'Ehime',NULL,1,'2020-10-01 19:25:57','2020-10-01 19:25:57'),(310,392,'21',NULL,'Gihu',NULL,1,'2020-10-01 19:25:57','2020-10-01 19:25:57'),(311,392,'10',NULL,'Gunma',NULL,1,'2020-10-01 19:25:57','2020-10-01 19:25:57'),(312,392,'34',NULL,'Hirosima',NULL,1,'2020-10-01 19:25:57','2020-10-01 19:25:57'),(313,392,'01',NULL,'Hokkaid',NULL,1,'2020-10-01 19:25:57','2020-10-01 19:25:57'),(314,392,'18',NULL,'Hukui',NULL,1,'2020-10-01 19:25:57','2020-10-01 19:25:57'),(315,392,'40',NULL,'Hukuoka',NULL,1,'2020-10-01 19:25:57','2020-10-01 19:25:57'),(316,392,'07',NULL,'Hukusima',NULL,1,'2020-10-01 19:25:57','2020-10-01 19:25:57'),(317,392,'28',NULL,'Hygo',NULL,1,'2020-10-01 19:25:57','2020-10-01 19:25:57'),(318,392,'08',NULL,'Ibaraki',NULL,1,'2020-10-01 19:25:57','2020-10-01 19:25:57'),(319,392,'17',NULL,'Isikawa',NULL,1,'2020-10-01 19:25:57','2020-10-01 19:25:57'),(320,392,'03',NULL,'Iwate',NULL,1,'2020-10-01 19:25:57','2020-10-01 19:25:57'),(321,392,'37',NULL,'Kagawa',NULL,1,'2020-10-01 19:25:57','2020-10-01 19:25:57'),(322,392,'46',NULL,'Kagosima',NULL,1,'2020-10-01 19:25:57','2020-10-01 19:25:57'),(323,392,'14',NULL,'Kanagawa ',NULL,1,'2020-10-01 19:25:57','2020-10-01 19:25:57'),(324,392,'39',NULL,'Kti',NULL,1,'2020-10-01 19:25:57','2020-10-01 19:25:57'),(325,392,'43',NULL,'Kumamoto ',NULL,1,'2020-10-01 19:25:57','2020-10-01 19:25:57'),(326,392,'26',NULL,'Kyto',NULL,1,'2020-10-01 19:25:57','2020-10-01 19:25:57'),(327,392,'24',NULL,'Mie',NULL,1,'2020-10-01 19:25:57','2020-10-01 19:25:57'),(328,392,'04',NULL,'Miyagi',NULL,1,'2020-10-01 19:25:57','2020-10-01 19:25:57'),(329,392,'45',NULL,'Miyazaki',NULL,1,'2020-10-01 19:25:57','2020-10-01 19:25:57'),(330,392,'20',NULL,'Nagano',NULL,1,'2020-10-01 19:25:57','2020-10-01 19:25:57'),(331,392,'42',NULL,'Nagasaki',NULL,1,'2020-10-01 19:25:57','2020-10-01 19:25:57'),(332,392,'29',NULL,'Nara',NULL,1,'2020-10-01 19:25:57','2020-10-01 19:25:57'),(333,392,'15',NULL,'Niigata',NULL,1,'2020-10-01 19:25:57','2020-10-01 19:25:57'),(334,392,'44',NULL,'ita',NULL,1,'2020-10-01 19:25:57','2020-10-01 19:25:57'),(335,392,'33',NULL,'Okayama',NULL,1,'2020-10-01 19:25:57','2020-10-01 19:25:57'),(336,392,'47',NULL,'Okinawa',NULL,1,'2020-10-01 19:25:57','2020-10-01 19:25:57'),(337,392,'27',NULL,'saka',NULL,1,'2020-10-01 19:25:57','2020-10-01 19:25:57'),(338,392,'41',NULL,'Saga',NULL,1,'2020-10-01 19:25:57','2020-10-01 19:25:57'),(339,392,'11',NULL,'Saitama',NULL,1,'2020-10-01 19:25:57','2020-10-01 19:25:57'),(340,392,'25',NULL,'Siga',NULL,1,'2020-10-01 19:25:57','2020-10-01 19:25:57'),(341,392,'32',NULL,'Simane',NULL,1,'2020-10-01 19:25:57','2020-10-01 19:25:57'),(342,392,'22',NULL,'Sizuoka',NULL,1,'2020-10-01 19:25:57','2020-10-01 19:25:57'),(343,392,'12',NULL,'Tiba',NULL,1,'2020-10-01 19:25:57','2020-10-01 19:25:57'),(344,392,'09',NULL,'Totigi',NULL,1,'2020-10-01 19:25:57','2020-10-01 19:25:57'),(345,392,'36',NULL,'Tokusima',NULL,1,'2020-10-01 19:25:57','2020-10-01 19:25:57'),(346,392,'13',NULL,'Tky',NULL,1,'2020-10-01 19:25:57','2020-10-01 19:25:57'),(347,392,'31',NULL,'Tottori',NULL,1,'2020-10-01 19:25:57','2020-10-01 19:25:57'),(348,392,'16',NULL,'Toyama',NULL,1,'2020-10-01 19:25:57','2020-10-01 19:25:57'),(349,392,'30',NULL,'Wakayama',NULL,1,'2020-10-01 19:25:57','2020-10-01 19:25:57'),(350,392,'06',NULL,'Yamagata',NULL,1,'2020-10-01 19:25:57','2020-10-01 19:25:57'),(351,392,'35',NULL,'Yamaguti',NULL,1,'2020-10-01 19:25:57','2020-10-01 19:25:57'),(352,392,'19',NULL,'Yamanasi',NULL,1,'2020-10-01 19:25:57','2020-10-01 19:25:57'),(353,484,'AG',NULL,'Aguascalientes',NULL,1,'2020-10-01 19:25:57','2020-10-01 19:25:57'),(354,484,'BC',NULL,'Baja California',NULL,1,'2020-10-01 19:25:57','2020-10-01 19:25:57'),(355,484,'BS',NULL,'Baja California Sur',NULL,1,'2020-10-01 19:25:57','2020-10-01 19:25:57'),(356,484,'CM',NULL,'Campeche',NULL,1,'2020-10-01 19:25:57','2020-10-01 19:25:57'),(357,484,'CS',NULL,'Chiapas',NULL,1,'2020-10-01 19:25:57','2020-10-01 19:25:57'),(358,484,'CH',NULL,'Chihuahua',NULL,1,'2020-10-01 19:25:57','2020-10-01 19:25:57'),(359,484,'MX',NULL,'Coahuila',NULL,1,'2020-10-01 19:25:57','2020-10-01 19:25:57'),(360,484,'CL',NULL,'Colima',NULL,1,'2020-10-01 19:25:57','2020-10-01 19:25:57'),(361,484,'DF',NULL,'Federal District',NULL,1,'2020-10-01 19:25:57','2020-10-01 19:25:57'),(362,484,'DG',NULL,'Durango',NULL,1,'2020-10-01 19:25:57','2020-10-01 19:25:57'),(363,484,'GT',NULL,'Guanajuato',NULL,1,'2020-10-01 19:25:57','2020-10-01 19:25:57'),(364,484,'GR',NULL,'Guerrero',NULL,1,'2020-10-01 19:25:57','2020-10-01 19:25:57'),(365,484,'HG',NULL,'Hidalgo',NULL,1,'2020-10-01 19:25:57','2020-10-01 19:25:57'),(366,484,'JA',NULL,'Jalisco',NULL,1,'2020-10-01 19:25:57','2020-10-01 19:25:57'),(367,484,'ME',NULL,'Mexico',NULL,1,'2020-10-01 19:25:57','2020-10-01 19:25:57'),(368,484,'MI',NULL,'Michoacn',NULL,1,'2020-10-01 19:25:57','2020-10-01 19:25:57'),(369,484,'MO',NULL,'Morelos',NULL,1,'2020-10-01 19:25:57','2020-10-01 19:25:57'),(370,484,'NA',NULL,'Nayarit',NULL,1,'2020-10-01 19:25:57','2020-10-01 19:25:57'),(371,484,'NL',NULL,'Nuevo Len',NULL,1,'2020-10-01 19:25:57','2020-10-01 19:25:57'),(372,484,'OA',NULL,'Oaxaca',NULL,1,'2020-10-01 19:25:57','2020-10-01 19:25:57'),(373,484,'PU',NULL,'Puebla',NULL,1,'2020-10-01 19:25:57','2020-10-01 19:25:57'),(374,484,'QE',NULL,'Quertaro',NULL,1,'2020-10-01 19:25:57','2020-10-01 19:25:57'),(375,484,'QR',NULL,'Quintana Roo',NULL,1,'2020-10-01 19:25:57','2020-10-01 19:25:57'),(376,484,'SL',NULL,'San Luis Potos',NULL,1,'2020-10-01 19:25:57','2020-10-01 19:25:57'),(377,484,'SI',NULL,'Sinaloa',NULL,1,'2020-10-01 19:25:57','2020-10-01 19:25:57'),(378,484,'SO',NULL,'Sonora',NULL,1,'2020-10-01 19:25:57','2020-10-01 19:25:57'),(379,484,'TB',NULL,'Tabasco',NULL,1,'2020-10-01 19:25:57','2020-10-01 19:25:57'),(380,484,'TM',NULL,'Tamaulipas',NULL,1,'2020-10-01 19:25:57','2020-10-01 19:25:57'),(381,484,'TL',NULL,'Tlaxcala',NULL,1,'2020-10-01 19:25:57','2020-10-01 19:25:57'),(382,484,'VE',NULL,'Veracruz',NULL,1,'2020-10-01 19:25:57','2020-10-01 19:25:57'),(383,484,'YU',NULL,'Yucatn',NULL,1,'2020-10-01 19:25:57','2020-10-01 19:25:57'),(384,484,'ZA',NULL,'Zacatecas',NULL,1,'2020-10-01 19:25:57','2020-10-01 19:25:57'),(385,528,'DR',NULL,'Drenthe',NULL,1,'2020-10-01 19:25:57','2020-10-01 19:25:57'),(386,528,'FL',NULL,'Flevoland',NULL,1,'2020-10-01 19:25:57','2020-10-01 19:25:57'),(387,528,'FR',NULL,'Friesland',NULL,1,'2020-10-01 19:25:57','2020-10-01 19:25:57'),(388,528,'GD',NULL,'Gelderland',NULL,1,'2020-10-01 19:25:57','2020-10-01 19:25:57'),(389,528,'GR',NULL,'Groningen',NULL,1,'2020-10-01 19:25:57','2020-10-01 19:25:57'),(390,528,'LB',NULL,'Limburg',NULL,1,'2020-10-01 19:25:57','2020-10-01 19:25:57'),(391,528,'NB',NULL,'Noord-Brabant',NULL,1,'2020-10-01 19:25:57','2020-10-01 19:25:57'),(392,528,'NH',NULL,'Noord-Holland',NULL,1,'2020-10-01 19:25:57','2020-10-01 19:25:57'),(393,528,'OV',NULL,'Overijssel',NULL,1,'2020-10-01 19:25:57','2020-10-01 19:25:57'),(394,528,'UT',NULL,'Utrecht',NULL,1,'2020-10-01 19:25:57','2020-10-01 19:25:57'),(395,528,'ZH',NULL,'Zuid-Holland',NULL,1,'2020-10-01 19:25:57','2020-10-01 19:25:57'),(396,528,'ZL',NULL,'Zeeland',NULL,1,'2020-10-01 19:25:57','2020-10-01 19:25:57'),(397,528,'AW',NULL,'Aruba',NULL,1,'2020-10-01 19:25:57','2020-10-01 19:25:57'),(398,528,'BQ',NULL,'Bonaire',NULL,1,'2020-10-01 19:25:57','2020-10-01 19:25:57'),(399,528,'CW',NULL,'Curaao',NULL,1,'2020-10-01 19:25:57','2020-10-01 19:25:57'),(400,528,'SX',NULL,'Sint Maarten',NULL,1,'2020-10-01 19:25:57','2020-10-01 19:25:57'),(401,604,'LMA',NULL,'Municipalidad Metropolitana de Lima',NULL,1,'2020-10-01 19:25:57','2020-10-01 19:25:57'),(402,604,'AMA',NULL,'Amazonas',NULL,1,'2020-10-01 19:25:57','2020-10-01 19:25:57'),(403,604,'ANC',NULL,'Ancash',NULL,1,'2020-10-01 19:25:57','2020-10-01 19:25:57'),(404,604,'APU',NULL,'Apurmac',NULL,1,'2020-10-01 19:25:57','2020-10-01 19:25:57'),(405,604,'ARE',NULL,'Arequipa',NULL,1,'2020-10-01 19:25:57','2020-10-01 19:25:57'),(406,604,'AYA',NULL,'Ayacucho',NULL,1,'2020-10-01 19:25:57','2020-10-01 19:25:57'),(407,604,'CAJ',NULL,'Cajamarca',NULL,1,'2020-10-01 19:25:57','2020-10-01 19:25:57'),(408,604,'CUS',NULL,'Cusco',NULL,1,'2020-10-01 19:25:57','2020-10-01 19:25:57'),(409,604,'CAL',NULL,'El Callao',NULL,1,'2020-10-01 19:25:57','2020-10-01 19:25:57'),(410,604,'HUV',NULL,'Huancavelica',NULL,1,'2020-10-01 19:25:57','2020-10-01 19:25:57'),(411,604,'HUC',NULL,'Hunuco',NULL,1,'2020-10-01 19:25:57','2020-10-01 19:25:57'),(412,604,'ICA',NULL,'Ica',NULL,1,'2020-10-01 19:25:57','2020-10-01 19:25:57'),(413,604,'JUN',NULL,'Junn',NULL,1,'2020-10-01 19:25:57','2020-10-01 19:25:57'),(414,604,'LAL',NULL,'La Libertad',NULL,1,'2020-10-01 19:25:57','2020-10-01 19:25:57'),(415,604,'LAM',NULL,'Lambayeque',NULL,1,'2020-10-01 19:25:57','2020-10-01 19:25:57'),(416,604,'LIM',NULL,'Lima',NULL,1,'2020-10-01 19:25:57','2020-10-01 19:25:57'),(417,604,'LOR',NULL,'Loreto',NULL,1,'2020-10-01 19:25:57','2020-10-01 19:25:57'),(418,604,'MDD',NULL,'Madre de Dios',NULL,1,'2020-10-01 19:25:57','2020-10-01 19:25:57'),(419,604,'MOQ',NULL,'Moquegua',NULL,1,'2020-10-01 19:25:57','2020-10-01 19:25:57'),(420,604,'PAS',NULL,'Pasco',NULL,1,'2020-10-01 19:25:57','2020-10-01 19:25:57'),(421,604,'PIU',NULL,'Piura',NULL,1,'2020-10-01 19:25:57','2020-10-01 19:25:57'),(422,604,'PUN',NULL,'Puno',NULL,1,'2020-10-01 19:25:57','2020-10-01 19:25:57'),(423,604,'SAM',NULL,'San Martn',NULL,1,'2020-10-01 19:25:57','2020-10-01 19:25:57'),(424,604,'TAC',NULL,'Tacna',NULL,1,'2020-10-01 19:25:57','2020-10-01 19:25:57'),(425,604,'TUM',NULL,'Tumbes',NULL,1,'2020-10-01 19:25:57','2020-10-01 19:25:57'),(426,604,'UCA',NULL,'Ucayali',NULL,1,'2020-10-01 19:25:57','2020-10-01 19:25:57'),(427,764,'37',NULL,'Amnat Charoen',NULL,1,'2020-10-01 19:25:57','2020-10-01 19:25:57'),(428,764,'15',NULL,'Ang Thong',NULL,1,'2020-10-01 19:25:57','2020-10-01 19:25:57'),(429,764,'38',NULL,'Bueng Kan',NULL,1,'2020-10-01 19:25:57','2020-10-01 19:25:57'),(430,764,'31',NULL,'Buri Ram',NULL,1,'2020-10-01 19:25:57','2020-10-01 19:25:57'),(431,764,'24',NULL,'Chachoengsao',NULL,1,'2020-10-01 19:25:57','2020-10-01 19:25:57'),(432,764,'18',NULL,'Chai Nat',NULL,1,'2020-10-01 19:25:57','2020-10-01 19:25:57'),(433,764,'36',NULL,'Chaiyaphum',NULL,1,'2020-10-01 19:25:57','2020-10-01 19:25:57'),(434,764,'22',NULL,'Chanthaburi',NULL,1,'2020-10-01 19:25:57','2020-10-01 19:25:57'),(435,764,'50',NULL,'Chiang Mai',NULL,1,'2020-10-01 19:25:57','2020-10-01 19:25:57'),(436,764,'57',NULL,'Chiang Rai',NULL,1,'2020-10-01 19:25:57','2020-10-01 19:25:57'),(437,764,'20',NULL,'Chon Buri',NULL,1,'2020-10-01 19:25:57','2020-10-01 19:25:57'),(438,764,'86',NULL,'Chumphon',NULL,1,'2020-10-01 19:25:57','2020-10-01 19:25:57'),(439,764,'46',NULL,'Kalasin',NULL,1,'2020-10-01 19:25:57','2020-10-01 19:25:57'),(440,764,'62',NULL,'Kamphaeng Phet',NULL,1,'2020-10-01 19:25:57','2020-10-01 19:25:57'),(441,764,'71',NULL,'Kanchanaburi',NULL,1,'2020-10-01 19:25:57','2020-10-01 19:25:57'),(442,764,'40',NULL,'Khon Kaen',NULL,1,'2020-10-01 19:25:57','2020-10-01 19:25:57'),(443,764,'81',NULL,'Krabi',NULL,1,'2020-10-01 19:25:57','2020-10-01 19:25:57'),(444,764,'52',NULL,'Lampang',NULL,1,'2020-10-01 19:25:57','2020-10-01 19:25:57'),(445,764,'51',NULL,'Lamphun',NULL,1,'2020-10-01 19:25:57','2020-10-01 19:25:57'),(446,764,'42',NULL,'Loei',NULL,1,'2020-10-01 19:25:57','2020-10-01 19:25:57'),(447,764,'16',NULL,'Lop Buri',NULL,1,'2020-10-01 19:25:57','2020-10-01 19:25:57'),(448,764,'58',NULL,'Mae Hong Son',NULL,1,'2020-10-01 19:25:57','2020-10-01 19:25:57'),(449,764,'44',NULL,'Maha Sarakham',NULL,1,'2020-10-01 19:25:57','2020-10-01 19:25:57'),(450,764,'49',NULL,'Mukdahan',NULL,1,'2020-10-01 19:25:57','2020-10-01 19:25:57'),(451,764,'26',NULL,'Nakhon Nayok',NULL,1,'2020-10-01 19:25:57','2020-10-01 19:25:57'),(452,764,'73',NULL,'Nakhon Pathom',NULL,1,'2020-10-01 19:25:57','2020-10-01 19:25:57'),(453,764,'48',NULL,'Nakhon Phanom',NULL,1,'2020-10-01 19:25:57','2020-10-01 19:25:57'),(454,764,'30',NULL,'Nakhon Ratchasima',NULL,1,'2020-10-01 19:25:57','2020-10-01 19:25:57'),(455,764,'60',NULL,'Nakhon Sawan',NULL,1,'2020-10-01 19:25:57','2020-10-01 19:25:57'),(456,764,'80',NULL,'Nakhon Si Thammarat',NULL,1,'2020-10-01 19:25:57','2020-10-01 19:25:57'),(457,764,'55',NULL,'Nan',NULL,1,'2020-10-01 19:25:57','2020-10-01 19:25:57'),(458,764,'96',NULL,'Narathiwat',NULL,1,'2020-10-01 19:25:57','2020-10-01 19:25:57'),(459,764,'39',NULL,'Nong Bua Lam Phu',NULL,1,'2020-10-01 19:25:57','2020-10-01 19:25:57'),(460,764,'43',NULL,'Nong Khai',NULL,1,'2020-10-01 19:25:57','2020-10-01 19:25:57'),(461,764,'12',NULL,'Nonthaburi',NULL,1,'2020-10-01 19:25:57','2020-10-01 19:25:57'),(462,764,'13',NULL,'Pathum Thani',NULL,1,'2020-10-01 19:25:57','2020-10-01 19:25:57'),(463,764,'94',NULL,'Pattani',NULL,1,'2020-10-01 19:25:57','2020-10-01 19:25:57'),(464,764,'82',NULL,'Phangnga',NULL,1,'2020-10-01 19:25:57','2020-10-01 19:25:57'),(465,764,'93',NULL,'Phatthalung',NULL,1,'2020-10-01 19:25:57','2020-10-01 19:25:57'),(466,764,'56',NULL,'Phayao',NULL,1,'2020-10-01 19:25:57','2020-10-01 19:25:57'),(467,764,'67',NULL,'Phetchabun',NULL,1,'2020-10-01 19:25:57','2020-10-01 19:25:57'),(468,764,'76',NULL,'Phetchaburi',NULL,1,'2020-10-01 19:25:57','2020-10-01 19:25:57'),(469,764,'66',NULL,'Phichit',NULL,1,'2020-10-01 19:25:57','2020-10-01 19:25:57'),(470,764,'65',NULL,'Phitsanulok',NULL,1,'2020-10-01 19:25:57','2020-10-01 19:25:57'),(471,764,'54',NULL,'Phrae',NULL,1,'2020-10-01 19:25:57','2020-10-01 19:25:57'),(472,764,'14',NULL,'Phra Nakhon Si Ayutthaya',NULL,1,'2020-10-01 19:25:57','2020-10-01 19:25:57'),(473,764,'83',NULL,'Phuket',NULL,1,'2020-10-01 19:25:57','2020-10-01 19:25:57'),(474,764,'25',NULL,'Prachin Buri',NULL,1,'2020-10-01 19:25:57','2020-10-01 19:25:57'),(475,764,'77',NULL,'Prachuap Khiri Khan',NULL,1,'2020-10-01 19:25:57','2020-10-01 19:25:57'),(476,764,'85',NULL,'Ranong',NULL,1,'2020-10-01 19:25:57','2020-10-01 19:25:57'),(477,764,'70',NULL,'Ratchaburi',NULL,1,'2020-10-01 19:25:57','2020-10-01 19:25:57'),(478,764,'21',NULL,'Rayong',NULL,1,'2020-10-01 19:25:57','2020-10-01 19:25:57'),(479,764,'45',NULL,'Roi Et',NULL,1,'2020-10-01 19:25:57','2020-10-01 19:25:57'),(480,764,'27',NULL,'Sa Kaeo',NULL,1,'2020-10-01 19:25:57','2020-10-01 19:25:57'),(481,764,'47',NULL,'Sakon Nakhon',NULL,1,'2020-10-01 19:25:57','2020-10-01 19:25:57'),(482,764,'11',NULL,'Samut Prakan',NULL,1,'2020-10-01 19:25:57','2020-10-01 19:25:57'),(483,764,'74',NULL,'Samut Sakhon',NULL,1,'2020-10-01 19:25:57','2020-10-01 19:25:57'),(484,764,'75',NULL,'Samut Songkhram',NULL,1,'2020-10-01 19:25:57','2020-10-01 19:25:57'),(485,764,'19',NULL,'Saraburi',NULL,1,'2020-10-01 19:25:57','2020-10-01 19:25:57'),(486,764,'91',NULL,'Satun',NULL,1,'2020-10-01 19:25:57','2020-10-01 19:25:57'),(487,764,'17',NULL,'Sing Buri',NULL,1,'2020-10-01 19:25:57','2020-10-01 19:25:57'),(488,764,'33',NULL,'Si Sa Ket',NULL,1,'2020-10-01 19:25:57','2020-10-01 19:25:57'),(489,764,'90',NULL,'Songkhla',NULL,1,'2020-10-01 19:25:57','2020-10-01 19:25:57'),(490,764,'64',NULL,'Sukhothai',NULL,1,'2020-10-01 19:25:57','2020-10-01 19:25:57'),(491,764,'72',NULL,'Suphan Buri',NULL,1,'2020-10-01 19:25:57','2020-10-01 19:25:57'),(492,764,'84',NULL,'Surat Thani',NULL,1,'2020-10-01 19:25:57','2020-10-01 19:25:57'),(493,764,'32',NULL,'Surin',NULL,1,'2020-10-01 19:25:57','2020-10-01 19:25:57'),(494,764,'63',NULL,'Tak',NULL,1,'2020-10-01 19:25:57','2020-10-01 19:25:57'),(495,764,'92',NULL,'Trang',NULL,1,'2020-10-01 19:25:57','2020-10-01 19:25:57'),(496,764,'23',NULL,'Trat',NULL,1,'2020-10-01 19:25:57','2020-10-01 19:25:57'),(497,764,'34',NULL,'Ubon Ratchathani',NULL,1,'2020-10-01 19:25:57','2020-10-01 19:25:57'),(498,764,'41',NULL,'Udon Thani',NULL,1,'2020-10-01 19:25:57','2020-10-01 19:25:57'),(499,764,'61',NULL,'Uthai Thani',NULL,1,'2020-10-01 19:25:57','2020-10-01 19:25:57'),(500,764,'53',NULL,'Uttaradit',NULL,1,'2020-10-01 19:25:57','2020-10-01 19:25:57'),(501,764,'95',NULL,'Yala',NULL,1,'2020-10-01 19:25:57','2020-10-01 19:25:57'),(502,764,'35',NULL,'Yasothon',NULL,1,'2020-10-01 19:25:57','2020-10-01 19:25:57'),(503,834,'01',NULL,'Arusha',NULL,1,'2020-10-01 19:25:57','2020-10-01 19:25:57'),(504,834,'02',NULL,'Dar es Salaam',NULL,1,'2020-10-01 19:25:57','2020-10-01 19:25:57'),(505,834,'03',NULL,'Dodoma',NULL,1,'2020-10-01 19:25:57','2020-10-01 19:25:57'),(506,834,'27',NULL,'Geita',NULL,1,'2020-10-01 19:25:57','2020-10-01 19:25:57'),(507,834,'04',NULL,'Iringa',NULL,1,'2020-10-01 19:25:57','2020-10-01 19:25:57'),(508,834,'05',NULL,'Kagera',NULL,1,'2020-10-01 19:25:57','2020-10-01 19:25:57'),(509,834,'06',NULL,'Kaskazini Pemba',NULL,1,'2020-10-01 19:25:57','2020-10-01 19:25:57'),(510,834,'07',NULL,'Kaskazini Unguja',NULL,1,'2020-10-01 19:25:57','2020-10-01 19:25:57'),(511,834,'28',NULL,'Katavi',NULL,1,'2020-10-01 19:25:57','2020-10-01 19:25:57'),(512,834,'08',NULL,'Kigoma',NULL,1,'2020-10-01 19:25:57','2020-10-01 19:25:57'),(513,834,'09',NULL,'Kilimanjaro',NULL,1,'2020-10-01 19:25:57','2020-10-01 19:25:57'),(514,834,'10',NULL,'Kusini Pemba',NULL,1,'2020-10-01 19:25:57','2020-10-01 19:25:57'),(515,834,'11',NULL,'Kusini Unguja',NULL,1,'2020-10-01 19:25:57','2020-10-01 19:25:57'),(516,834,'12',NULL,'Lindi',NULL,1,'2020-10-01 19:25:57','2020-10-01 19:25:57'),(517,834,'26',NULL,'Manyara',NULL,1,'2020-10-01 19:25:57','2020-10-01 19:25:57'),(518,834,'13',NULL,'Mara',NULL,1,'2020-10-01 19:25:57','2020-10-01 19:25:57'),(519,834,'14',NULL,'Mbeya',NULL,1,'2020-10-01 19:25:57','2020-10-01 19:25:57'),(520,834,'15',NULL,'Mjini Magharibi',NULL,1,'2020-10-01 19:25:57','2020-10-01 19:25:57'),(521,834,'16',NULL,'Morogoro',NULL,1,'2020-10-01 19:25:57','2020-10-01 19:25:57'),(522,834,'17',NULL,'Mtwara',NULL,1,'2020-10-01 19:25:57','2020-10-01 19:25:57'),(523,834,'18',NULL,'Mwanza',NULL,1,'2020-10-01 19:25:57','2020-10-01 19:25:57'),(524,834,'29',NULL,'Njombe',NULL,1,'2020-10-01 19:25:57','2020-10-01 19:25:57'),(525,834,'19',NULL,'Pwani Coast',NULL,1,'2020-10-01 19:25:57','2020-10-01 19:25:57'),(526,834,'20',NULL,'Rukwa',NULL,1,'2020-10-01 19:25:57','2020-10-01 19:25:57'),(527,834,'21',NULL,'Ruvuma',NULL,1,'2020-10-01 19:25:57','2020-10-01 19:25:57'),(528,834,'22',NULL,'Shinyanga',NULL,1,'2020-10-01 19:25:57','2020-10-01 19:25:57'),(529,834,'30',NULL,'Simiyu',NULL,1,'2020-10-01 19:25:57','2020-10-01 19:25:57'),(530,834,'23',NULL,'Singida',NULL,1,'2020-10-01 19:25:57','2020-10-01 19:25:57'),(531,834,'31',NULL,'Songwe',NULL,1,'2020-10-01 19:25:57','2020-10-01 19:25:57'),(532,834,'24',NULL,'Tabora',NULL,1,'2020-10-01 19:25:57','2020-10-01 19:25:57'),(533,834,'25',NULL,'Tanga',NULL,1,'2020-10-01 19:25:57','2020-10-01 19:25:57'),(534,840,'AL',NULL,'Alabama',NULL,1,'2020-10-01 19:25:57','2020-10-01 19:25:57'),(535,840,'AK',NULL,'Alaska',NULL,1,'2020-10-01 19:25:57','2020-10-01 19:25:57'),(536,840,'AS',NULL,'American Samoa',NULL,1,'2020-10-01 19:25:57','2020-10-01 19:25:57'),(537,840,'AZ',NULL,'Arizona',NULL,1,'2020-10-01 19:25:57','2020-10-01 19:25:57'),(538,840,'AR',NULL,'Arkansas',NULL,1,'2020-10-01 19:25:57','2020-10-01 19:25:57'),(539,840,'CA',NULL,'California',NULL,1,'2020-10-01 19:25:57','2020-10-01 19:25:57'),(540,840,'CO',NULL,'Colorado',NULL,1,'2020-10-01 19:25:57','2020-10-01 19:25:57'),(541,840,'CT',NULL,'Connecticut',NULL,1,'2020-10-01 19:25:57','2020-10-01 19:25:57'),(542,840,'DE',NULL,'Delaware',NULL,1,'2020-10-01 19:25:57','2020-10-01 19:25:57'),(543,840,'DC',NULL,'District Of Columbia',NULL,1,'2020-10-01 19:25:57','2020-10-01 19:25:57'),(544,840,'FM',NULL,'Federated States Of Micronesia',NULL,1,'2020-10-01 19:25:57','2020-10-01 19:25:57'),(545,840,'FL',NULL,'Florida',NULL,1,'2020-10-01 19:25:57','2020-10-01 19:25:57'),(546,840,'GA',NULL,'Georgia',NULL,1,'2020-10-01 19:25:57','2020-10-01 19:25:57'),(547,840,'GU',NULL,'Guam',NULL,1,'2020-10-01 19:25:57','2020-10-01 19:25:57'),(548,840,'HI',NULL,'Hawaii',NULL,1,'2020-10-01 19:25:57','2020-10-01 19:25:57'),(549,840,'ID',NULL,'Idaho',NULL,1,'2020-10-01 19:25:57','2020-10-01 19:25:57'),(550,840,'IL',NULL,'Illinois',NULL,1,'2020-10-01 19:25:57','2020-10-01 19:25:57'),(551,840,'IN',NULL,'Indiana',NULL,1,'2020-10-01 19:25:57','2020-10-01 19:25:57'),(552,840,'IA',NULL,'Iowa',NULL,1,'2020-10-01 19:25:57','2020-10-01 19:25:57'),(553,840,'KS',NULL,'Kansas',NULL,1,'2020-10-01 19:25:57','2020-10-01 19:25:57'),(554,840,'KY',NULL,'Kentucky',NULL,1,'2020-10-01 19:25:57','2020-10-01 19:25:57'),(555,840,'LA',NULL,'Louisiana',NULL,1,'2020-10-01 19:25:57','2020-10-01 19:25:57'),(556,840,'ME',NULL,'Maine',NULL,1,'2020-10-01 19:25:57','2020-10-01 19:25:57'),(557,840,'MH',NULL,'Marshall Islands',NULL,1,'2020-10-01 19:25:57','2020-10-01 19:25:57'),(558,840,'MD',NULL,'Maryland',NULL,1,'2020-10-01 19:25:57','2020-10-01 19:25:57'),(559,840,'MA',NULL,'Massachusetts',NULL,1,'2020-10-01 19:25:57','2020-10-01 19:25:57'),(560,840,'MI',NULL,'Michigan',NULL,1,'2020-10-01 19:25:57','2020-10-01 19:25:57'),(561,840,'MN',NULL,'Minnesota',NULL,1,'2020-10-01 19:25:57','2020-10-01 19:25:57'),(562,840,'MS',NULL,'Mississippi',NULL,1,'2020-10-01 19:25:57','2020-10-01 19:25:57'),(563,840,'MO',NULL,'Missouri',NULL,1,'2020-10-01 19:25:57','2020-10-01 19:25:57'),(564,840,'MT',NULL,'Montana',NULL,1,'2020-10-01 19:25:57','2020-10-01 19:25:57'),(565,840,'NE',NULL,'Nebraska',NULL,1,'2020-10-01 19:25:57','2020-10-01 19:25:57'),(566,840,'NV',NULL,'Nevada',NULL,1,'2020-10-01 19:25:57','2020-10-01 19:25:57'),(567,840,'NH',NULL,'New Hampshire',NULL,1,'2020-10-01 19:25:57','2020-10-01 19:25:57'),(568,840,'NJ',NULL,'New Jersey',NULL,1,'2020-10-01 19:25:57','2020-10-01 19:25:57'),(569,840,'NM',NULL,'New Mexico',NULL,1,'2020-10-01 19:25:57','2020-10-01 19:25:57'),(570,840,'NY',NULL,'New York',NULL,1,'2020-10-01 19:25:57','2020-10-01 19:25:57'),(571,840,'NC',NULL,'North Carolina',NULL,1,'2020-10-01 19:25:57','2020-10-01 19:25:57'),(572,840,'ND',NULL,'North Dakota',NULL,1,'2020-10-01 19:25:57','2020-10-01 19:25:57'),(573,840,'MP',NULL,'Northern Mariana Islands',NULL,1,'2020-10-01 19:25:57','2020-10-01 19:25:57'),(574,840,'OH',NULL,'Ohio',NULL,1,'2020-10-01 19:25:57','2020-10-01 19:25:57'),(575,840,'OK',NULL,'Oklahoma',NULL,1,'2020-10-01 19:25:57','2020-10-01 19:25:57'),(576,840,'OR',NULL,'Oregon',NULL,1,'2020-10-01 19:25:57','2020-10-01 19:25:57'),(577,840,'PW',NULL,'Palau',NULL,1,'2020-10-01 19:25:57','2020-10-01 19:25:57'),(578,840,'PA',NULL,'Pennsylvania',NULL,1,'2020-10-01 19:25:57','2020-10-01 19:25:57'),(579,840,'PR',NULL,'Puerto Rico',NULL,1,'2020-10-01 19:25:57','2020-10-01 19:25:57'),(580,840,'RI',NULL,'Rhode Island',NULL,1,'2020-10-01 19:25:57','2020-10-01 19:25:57'),(581,840,'SC',NULL,'South Carolina',NULL,1,'2020-10-01 19:25:57','2020-10-01 19:25:57'),(582,840,'SD',NULL,'South Dakota',NULL,1,'2020-10-01 19:25:57','2020-10-01 19:25:57'),(583,840,'TN',NULL,'Tennessee',NULL,1,'2020-10-01 19:25:57','2020-10-01 19:25:57'),(584,840,'TX',NULL,'Texas',NULL,1,'2020-10-01 19:25:57','2020-10-01 19:25:57'),(585,840,'UT',NULL,'Utah',NULL,1,'2020-10-01 19:25:57','2020-10-01 19:25:57'),(586,840,'VT',NULL,'Vermont',NULL,1,'2020-10-01 19:25:57','2020-10-01 19:25:57'),(587,840,'VI',NULL,'Virgin Islands',NULL,1,'2020-10-01 19:25:57','2020-10-01 19:25:57'),(588,840,'VA',NULL,'Virginia',NULL,1,'2020-10-01 19:25:57','2020-10-01 19:25:57'),(589,840,'WA',NULL,'Washington',NULL,1,'2020-10-01 19:25:57','2020-10-01 19:25:57'),(590,840,'WV',NULL,'West Virginia',NULL,1,'2020-10-01 19:25:57','2020-10-01 19:25:57'),(591,840,'WI',NULL,'Wisconsin',NULL,1,'2020-10-01 19:25:57','2020-10-01 19:25:57'),(592,840,'WY',NULL,'Wyoming',NULL,1,'2020-10-01 19:25:57','2020-10-01 19:25:57');
/*!40000 ALTER TABLE `states` ENABLE KEYS */;
UNLOCK TABLES;

--
-- Table structure for table `subscription_plans`
--

DROP TABLE IF EXISTS `subscription_plans`;
/*!40101 SET @saved_cs_client     = @@character_set_client */;
/*!40101 SET character_set_client = utf8 */;
CREATE TABLE `subscription_plans` (
  `name` varchar(255) COLLATE utf8_unicode_ci NOT NULL,
  `plan_id` varchar(255) COLLATE utf8_unicode_ci NOT NULL,
  `best_for` varchar(255) COLLATE utf8_unicode_ci DEFAULT NULL,
  `cost` decimal(8,2) NOT NULL DEFAULT 0.00,
  `transaction_fee` decimal(8,2) NOT NULL DEFAULT 0.00,
  `marketplace_commission` decimal(8,2) NOT NULL DEFAULT 0.00,
  `order_per_month` int(11) DEFAULT NULL,
  `revenue_per_month` int(11) DEFAULT NULL,
  `team_size` int(11) NOT NULL DEFAULT 1,
  `inventory_limit` int(11) NOT NULL DEFAULT 0,
  `featured` tinyint(1) NOT NULL DEFAULT 0,
  `order` int(11) DEFAULT NULL,
  `deleted_at` timestamp NULL DEFAULT NULL,
  `created_at` timestamp NULL DEFAULT NULL,
  `updated_at` timestamp NULL DEFAULT NULL,
  PRIMARY KEY (`plan_id`),
  UNIQUE KEY `subscription_plans_name_unique` (`name`)
) ENGINE=InnoDB DEFAULT CHARSET=utf8 COLLATE=utf8_unicode_ci;
/*!40101 SET character_set_client = @saved_cs_client */;

--
-- Dumping data for table `subscription_plans`
--

LOCK TABLES `subscription_plans` WRITE;
/*!40000 ALTER TABLE `subscription_plans` DISABLE KEYS */;
INSERT INTO `subscription_plans` VALUES ('Business','price_1GyyRyJewI4n8wVFSRWlMSHy',NULL,29.00,1.90,2.50,NULL,NULL,5,200,1,2,NULL,'2020-10-01 19:25:58','2020-10-01 19:25:58'),('Individual','price_1H1HUQJewI4n8wVFTnjx77Ws',NULL,9.00,2.50,3.00,NULL,NULL,1,20,0,1,NULL,'2020-10-01 19:25:58','2020-10-01 19:25:58'),('Professional','price_1H1HW7JewI4n8wVFl8Ukknoz',NULL,49.00,1.00,1.50,NULL,NULL,10,500,0,3,NULL,'2020-10-01 19:25:58','2020-10-01 19:25:58');
/*!40000 ALTER TABLE `subscription_plans` ENABLE KEYS */;
UNLOCK TABLES;

--
-- Table structure for table `subscriptions`
--

DROP TABLE IF EXISTS `subscriptions`;
/*!40101 SET @saved_cs_client     = @@character_set_client */;
/*!40101 SET character_set_client = utf8 */;
CREATE TABLE `subscriptions` (
  `id` int(10) unsigned NOT NULL AUTO_INCREMENT,
  `shop_id` int(10) unsigned NOT NULL,
  `name` varchar(255) COLLATE utf8_unicode_ci NOT NULL,
  `stripe_id` varchar(255) COLLATE utf8_unicode_ci NOT NULL,
  `stripe_status` varchar(255) COLLATE utf8_unicode_ci NOT NULL,
  `stripe_plan` varchar(255) COLLATE utf8_unicode_ci NOT NULL,
  `quantity` int(11) NOT NULL,
  `trial_ends_at` timestamp NULL DEFAULT NULL,
  `ends_at` timestamp NULL DEFAULT NULL,
  `created_at` timestamp NULL DEFAULT NULL,
  `updated_at` timestamp NULL DEFAULT NULL,
  PRIMARY KEY (`id`),
  KEY `subscriptions_shop_id_stripe_status_index` (`shop_id`,`stripe_status`)
) ENGINE=InnoDB DEFAULT CHARSET=utf8 COLLATE=utf8_unicode_ci;
/*!40101 SET character_set_client = @saved_cs_client */;

--
-- Dumping data for table `subscriptions`
--

LOCK TABLES `subscriptions` WRITE;
/*!40000 ALTER TABLE `subscriptions` DISABLE KEYS */;
/*!40000 ALTER TABLE `subscriptions` ENABLE KEYS */;
UNLOCK TABLES;

--
-- Table structure for table `suppliers`
--

DROP TABLE IF EXISTS `suppliers`;
/*!40101 SET @saved_cs_client     = @@character_set_client */;
/*!40101 SET character_set_client = utf8 */;
CREATE TABLE `suppliers` (
  `id` int(10) unsigned NOT NULL AUTO_INCREMENT,
  `shop_id` int(10) unsigned DEFAULT NULL,
  `name` varchar(255) COLLATE utf8_unicode_ci NOT NULL,
  `email` varchar(255) COLLATE utf8_unicode_ci DEFAULT NULL,
  `contact_person` varchar(255) COLLATE utf8_unicode_ci DEFAULT NULL,
  `url` text COLLATE utf8_unicode_ci DEFAULT NULL,
  `description` longtext COLLATE utf8_unicode_ci DEFAULT NULL,
  `active` tinyint(1) NOT NULL DEFAULT 1,
  `deleted_at` timestamp NULL DEFAULT NULL,
  `created_at` timestamp NULL DEFAULT NULL,
  `updated_at` timestamp NULL DEFAULT NULL,
  PRIMARY KEY (`id`)
) ENGINE=InnoDB AUTO_INCREMENT=6 DEFAULT CHARSET=utf8 COLLATE=utf8_unicode_ci;
/*!40101 SET character_set_client = @saved_cs_client */;

--
-- Dumping data for table `suppliers`
--

LOCK TABLES `suppliers` WRITE;
/*!40000 ALTER TABLE `suppliers` DISABLE KEYS */;
INSERT INTO `suppliers` VALUES (1,2,'Veum Ltd','ratke.karolann@murray.com','Milton Reichert','http://www.hauck.info/consectetur-eaque-ipsa-a-minima-a','Odit velit delectus dignissimos odio. Fuga in eos ab illum odit error aut. Et possimus unde laboriosam expedita quas velit quas. Explicabo ut molestiae corporis. Occaecati velit facilis ea. Eum ipsam aut asperiores ea ab. Consequatur qui sunt animi adipisci consectetur. Ea ut architecto quia vel ipsum. Est voluptas et sit voluptas recusandae quod numquam. Aut ad ipsa blanditiis in. Quas fuga voluptatem dolores quas et explicabo eos. Vitae itaque enim dolores quam.',1,NULL,'2020-10-01 19:26:29','2020-10-01 19:26:29'),(2,1,'Stanton, Harvey and Padberg','jacobson.anne@yahoo.com','Ford Bayer','http://kovacek.info/','Voluptas quia dignissimos possimus. Dolorem reprehenderit velit nihil voluptatem id et. Dignissimos dolore et est voluptatem voluptates itaque sapiente. Aperiam iure quos tenetur aut quo. Quas consectetur impedit recusandae aut. Consectetur sit laudantium ut sequi et et tempora corrupti. Magni nihil veritatis tempora qui. Nostrum omnis ullam quis ex doloribus totam. Enim dolor autem necessitatibus aliquam. Doloribus ea eligendi maxime voluptas et quia. Rerum quisquam recusandae aperiam maiores.',1,NULL,'2020-10-01 19:26:29','2020-10-01 19:26:29'),(3,1,'Ankunding Inc','dexter.fisher@yahoo.com','Mrs. Antonetta Walker MD','https://www.weissnat.com/id-molestias-numquam-explicabo-suscipit-iure-reprehenderit-id','Molestiae optio quis dignissimos praesentium. Aspernatur aperiam cum laudantium velit nisi. Ipsam quia rem a. Non et sapiente consequatur ducimus quia in. Aspernatur autem consectetur deleniti voluptatem sit eos. Voluptatem dignissimos facilis magni. Eligendi et similique est doloremque eos magnam earum. Nulla nemo eum perferendis ducimus consequatur iste. Qui quis quaerat eos est voluptates dicta ipsa unde. Velit non in in qui ut pariatur. Enim sequi sit enim cumque sunt.',1,NULL,'2020-10-01 19:26:29','2020-10-01 19:26:29'),(4,2,'Keebler and Sons','dean.jaskolski@gmail.com','Miss Claudie Erdman','http://www.maggio.com/quis-saepe-dolores-quos','Quisquam repudiandae consectetur sit fugit aut. Dolorem voluptatum consequatur magnam et aperiam est tenetur minus. Est quo voluptatem aut. Rerum architecto sint et quos ut velit perferendis. Similique ut tempore consequatur facere amet qui voluptatem. Et est ipsum voluptates tenetur in voluptas aut eligendi. Voluptatem nulla eos inventore accusamus. Nisi sit architecto dolores sequi quidem consectetur libero labore.',1,NULL,'2020-10-01 19:26:29','2020-10-01 19:26:29'),(5,2,'Hamill Inc','vnienow@gmail.com','Rahsaan Lakin Jr.','http://hirthe.com/sunt-harum-doloribus-aut-facere','Ut omnis aspernatur saepe aliquid quos. Cum explicabo officia facere et quas. Reiciendis error qui eos possimus a suscipit impedit unde. Ratione eos qui aperiam sed amet. Minima possimus aut distinctio ea molestiae deleniti. Inventore ducimus praesentium aut. Molestias repellendus iusto consequatur nihil voluptatem unde doloremque. Laborum est inventore sit dolor. Sequi adipisci et omnis. Nisi molestiae rerum iste autem.',1,NULL,'2020-10-01 19:26:29','2020-10-01 19:26:29');
/*!40000 ALTER TABLE `suppliers` ENABLE KEYS */;
UNLOCK TABLES;

--
-- Table structure for table `systems`
--

DROP TABLE IF EXISTS `systems`;
/*!40101 SET @saved_cs_client     = @@character_set_client */;
/*!40101 SET character_set_client = utf8 */;
CREATE TABLE `systems` (
  `id` int(10) unsigned NOT NULL AUTO_INCREMENT,
  `maintenance_mode` tinyint(1) DEFAULT NULL,
  `install_verion` varchar(255) COLLATE utf8_unicode_ci DEFAULT NULL,
  `name` varchar(255) COLLATE utf8_unicode_ci NOT NULL DEFAULT 'Marketplace',
  `slogan` text COLLATE utf8_unicode_ci DEFAULT NULL,
  `legal_name` text COLLATE utf8_unicode_ci DEFAULT NULL,
  `email` varchar(255) COLLATE utf8_unicode_ci DEFAULT NULL,
  `worldwide_business_area` tinyint(1) DEFAULT 1,
  `timezone_id` int(11) NOT NULL DEFAULT 35,
  `currency_id` int(11) NOT NULL DEFAULT 148,
  `default_language` varchar(3) COLLATE utf8_unicode_ci NOT NULL DEFAULT 'en',
  `vendor_can_view_customer_info` tinyint(1) DEFAULT 0,
  `can_use_own_catalog_only` tinyint(1) DEFAULT 0,
  `google_analytic_report` tinyint(1) DEFAULT 0,
  `required_card_upfront` tinyint(1) DEFAULT 1,
  `vendor_needs_approval` tinyint(1) DEFAULT 1,
  `trial_days` int(11) DEFAULT NULL,
  `ask_customer_for_email_subscription` tinyint(1) DEFAULT 1,
  `support_phone` varchar(255) COLLATE utf8_unicode_ci DEFAULT NULL,
  `support_phone_toll_free` varchar(255) COLLATE utf8_unicode_ci DEFAULT NULL,
  `support_email` varchar(255) COLLATE utf8_unicode_ci NOT NULL,
  `default_sender_email_address` varchar(255) COLLATE utf8_unicode_ci DEFAULT NULL,
  `default_email_sender_name` varchar(255) COLLATE utf8_unicode_ci DEFAULT NULL,
  `facebook_link` varchar(255) COLLATE utf8_unicode_ci DEFAULT NULL,
  `google_plus_link` varchar(255) COLLATE utf8_unicode_ci DEFAULT NULL,
  `twitter_link` varchar(255) COLLATE utf8_unicode_ci DEFAULT NULL,
  `pinterest_link` varchar(255) COLLATE utf8_unicode_ci DEFAULT NULL,
  `instagram_link` varchar(255) COLLATE utf8_unicode_ci DEFAULT NULL,
  `youtube_link` varchar(255) COLLATE utf8_unicode_ci DEFAULT NULL,
  `length_unit` varchar(255) COLLATE utf8_unicode_ci NOT NULL DEFAULT 'meter',
  `weight_unit` varchar(255) COLLATE utf8_unicode_ci NOT NULL DEFAULT 'g',
  `valume_unit` varchar(255) COLLATE utf8_unicode_ci NOT NULL DEFAULT 'liter',
  `decimals` enum('0','2','3','4','5','6') COLLATE utf8_unicode_ci NOT NULL DEFAULT '2',
  `show_currency_symbol` tinyint(1) NOT NULL DEFAULT 1,
  `show_space_after_symbol` tinyint(1) NOT NULL DEFAULT 1,
  `coupon_code_size` int(11) NOT NULL DEFAULT 8,
  `gift_card_serial_number_size` int(11) NOT NULL DEFAULT 13,
  `gift_card_pin_size` int(11) NOT NULL DEFAULT 10,
  `active_theme` varchar(255) COLLATE utf8_unicode_ci NOT NULL DEFAULT 'default',
  `selling_theme` varchar(255) COLLATE utf8_unicode_ci NOT NULL DEFAULT 'default',
  `pagination` int(10) unsigned NOT NULL DEFAULT 10,
  `show_seo_info_to_frontend` tinyint(1) DEFAULT 1,
  `max_img_size_limit_kb` int(11) NOT NULL DEFAULT 5000,
  `max_number_of_inventory_imgs` int(10) unsigned NOT NULL DEFAULT 10,
  `address_default_country` int(11) DEFAULT NULL,
  `address_default_state` int(11) DEFAULT NULL,
  `show_address_title` tinyint(1) DEFAULT NULL,
  `address_show_country` tinyint(1) DEFAULT NULL,
  `address_show_map` tinyint(1) DEFAULT NULL,
  `allow_guest_checkout` tinyint(1) DEFAULT 1,
  `auto_approve_order` tinyint(1) DEFAULT 0,
  `notify_when_vendor_registered` tinyint(1) DEFAULT 1,
  `notify_when_dispute_appealed` tinyint(1) DEFAULT 1,
  `notify_new_message` tinyint(1) DEFAULT NULL,
  `notify_new_ticket` tinyint(1) DEFAULT 1,
  `enable_chat` tinyint(1) DEFAULT 1,
  `digital_goods_only` tinyint(1) DEFAULT 0,
  `is_multi_vendor` tinyint(1) DEFAULT 1,
  `max_role_level` int(10) unsigned NOT NULL DEFAULT 99,
  `created_at` timestamp NULL DEFAULT NULL,
  `updated_at` timestamp NULL DEFAULT NULL,
  `can_cancel_order_within` int(11) DEFAULT 0,
  PRIMARY KEY (`id`)
) ENGINE=InnoDB AUTO_INCREMENT=2 DEFAULT CHARSET=utf8 COLLATE=utf8_unicode_ci;
/*!40101 SET character_set_client = @saved_cs_client */;

--
-- Dumping data for table `systems`
--

LOCK TABLES `systems` WRITE;
/*!40000 ALTER TABLE `systems` DISABLE KEYS */;
INSERT INTO `systems` VALUES (1,0,'2.1.0','Alakba Marketplace','One Store, One Goal, Your Satisfaction !','eMakity Inc.','info@alakba.com',1,15,148,'en',0,0,0,NULL,1,30,1,'13478545192',NULL,'support@alakba.com','info@alakba.com','Alakba Official','https://www.facebook.com/','https://plus.google.com/','https://twitter.com/','https://www.pinterest.com/','https://www.instagram.com/','https://www.youtube.com/','in','lb','gal','2',1,0,8,13,10,'default','default',10,1,5000,6,840,570,NULL,1,1,1,0,1,1,NULL,1,1,0,1,99,'2020-10-01 19:25:57','2020-10-10 20:45:22',0);
/*!40000 ALTER TABLE `systems` ENABLE KEYS */;
UNLOCK TABLES;

--
-- Table structure for table `taggables`
--

DROP TABLE IF EXISTS `taggables`;
/*!40101 SET @saved_cs_client     = @@character_set_client */;
/*!40101 SET character_set_client = utf8 */;
CREATE TABLE `taggables` (
  `tag_id` int(10) unsigned NOT NULL,
  `taggable_id` int(10) unsigned NOT NULL,
  `taggable_type` varchar(255) COLLATE utf8_unicode_ci NOT NULL,
  KEY `taggables_tag_id_foreign` (`tag_id`),
  CONSTRAINT `taggables_tag_id_foreign` FOREIGN KEY (`tag_id`) REFERENCES `tags` (`id`) ON DELETE CASCADE
) ENGINE=InnoDB DEFAULT CHARSET=utf8 COLLATE=utf8_unicode_ci;
/*!40101 SET character_set_client = @saved_cs_client */;

--
-- Dumping data for table `taggables`
--

LOCK TABLES `taggables` WRITE;
/*!40000 ALTER TABLE `taggables` DISABLE KEYS */;
INSERT INTO `taggables` VALUES (19,2,'App\\Blog'),(29,2,'App\\Blog'),(11,2,'App\\Blog'),(16,2,'App\\Blog'),(14,2,'App\\Blog'),(4,2,'App\\Blog'),(11,4,'App\\Blog'),(24,4,'App\\Blog'),(15,4,'App\\Blog'),(9,4,'App\\Blog'),(4,5,'App\\Blog'),(22,5,'App\\Blog'),(15,5,'App\\Blog'),(21,5,'App\\Blog'),(21,5,'App\\Blog'),(24,1,'App\\Blog'),(23,1,'App\\Blog'),(23,1,'App\\Blog'),(10,1,'App\\Blog'),(20,1,'App\\Blog'),(26,1,'App\\Blog'),(19,3,'App\\Blog'),(29,3,'App\\Blog');
/*!40000 ALTER TABLE `taggables` ENABLE KEYS */;
UNLOCK TABLES;

--
-- Table structure for table `tags`
--

DROP TABLE IF EXISTS `tags`;
/*!40101 SET @saved_cs_client     = @@character_set_client */;
/*!40101 SET character_set_client = utf8 */;
CREATE TABLE `tags` (
  `id` int(10) unsigned NOT NULL AUTO_INCREMENT,
  `name` varchar(255) COLLATE utf8_unicode_ci NOT NULL,
  `created_at` timestamp NULL DEFAULT NULL,
  `updated_at` timestamp NULL DEFAULT NULL,
  PRIMARY KEY (`id`)
) ENGINE=InnoDB AUTO_INCREMENT=31 DEFAULT CHARSET=utf8 COLLATE=utf8_unicode_ci;
/*!40101 SET character_set_client = @saved_cs_client */;

--
-- Dumping data for table `tags`
--

LOCK TABLES `tags` WRITE;
/*!40000 ALTER TABLE `tags` DISABLE KEYS */;
INSERT INTO `tags` VALUES (1,'natus','2020-10-01 19:26:32','2020-10-01 19:26:32'),(2,'natus','2020-10-01 19:26:32','2020-10-01 19:26:32'),(3,'ratione','2020-10-01 19:26:32','2020-10-01 19:26:32'),(4,'voluptatum','2020-10-01 19:26:32','2020-10-01 19:26:32'),(5,'ducimus','2020-10-01 19:26:32','2020-10-01 19:26:32'),(6,'reiciendis','2020-10-01 19:26:32','2020-10-01 19:26:32'),(7,'harum','2020-10-01 19:26:32','2020-10-01 19:26:32'),(8,'qui','2020-10-01 19:26:32','2020-10-01 19:26:32'),(9,'aperiam','2020-10-01 19:26:32','2020-10-01 19:26:32'),(10,'maxime','2020-10-01 19:26:32','2020-10-01 19:26:32'),(11,'repudiandae','2020-10-01 19:26:32','2020-10-01 19:26:32'),(12,'aut','2020-10-01 19:26:32','2020-10-01 19:26:32'),(13,'modi','2020-10-01 19:26:32','2020-10-01 19:26:32'),(14,'qui','2020-10-01 19:26:32','2020-10-01 19:26:32'),(15,'numquam','2020-10-01 19:26:32','2020-10-01 19:26:32'),(16,'sunt','2020-10-01 19:26:32','2020-10-01 19:26:32'),(17,'harum','2020-10-01 19:26:32','2020-10-01 19:26:32'),(18,'placeat','2020-10-01 19:26:32','2020-10-01 19:26:32'),(19,'et','2020-10-01 19:26:32','2020-10-01 19:26:32'),(20,'voluptatem','2020-10-01 19:26:32','2020-10-01 19:26:32'),(21,'dignissimos','2020-10-01 19:26:32','2020-10-01 19:26:32'),(22,'numquam','2020-10-01 19:26:32','2020-10-01 19:26:32'),(23,'ut','2020-10-01 19:26:32','2020-10-01 19:26:32'),(24,'non','2020-10-01 19:26:32','2020-10-01 19:26:32'),(25,'sed','2020-10-01 19:26:32','2020-10-01 19:26:32'),(26,'et','2020-10-01 19:26:32','2020-10-01 19:26:32'),(27,'tenetur','2020-10-01 19:26:32','2020-10-01 19:26:32'),(28,'rem','2020-10-01 19:26:32','2020-10-01 19:26:32'),(29,'voluptatem','2020-10-01 19:26:32','2020-10-01 19:26:32'),(30,'amet','2020-10-01 19:26:32','2020-10-01 19:26:32');
/*!40000 ALTER TABLE `tags` ENABLE KEYS */;
UNLOCK TABLES;

--
-- Table structure for table `taxes`
--

DROP TABLE IF EXISTS `taxes`;
/*!40101 SET @saved_cs_client     = @@character_set_client */;
/*!40101 SET character_set_client = utf8 */;
CREATE TABLE `taxes` (
  `id` int(10) unsigned NOT NULL AUTO_INCREMENT,
  `shop_id` int(10) unsigned DEFAULT NULL,
  `name` varchar(255) COLLATE utf8_unicode_ci NOT NULL,
  `taxrate` decimal(20,6) NOT NULL DEFAULT 0.000000,
  `country_id` int(10) unsigned DEFAULT NULL,
  `state_id` int(10) unsigned DEFAULT NULL,
  `public` tinyint(1) DEFAULT NULL,
  `active` tinyint(1) NOT NULL DEFAULT 1,
  `deleted_at` timestamp NULL DEFAULT NULL,
  `created_at` timestamp NULL DEFAULT NULL,
  `updated_at` timestamp NULL DEFAULT NULL,
  PRIMARY KEY (`id`)
) ENGINE=InnoDB AUTO_INCREMENT=7 DEFAULT CHARSET=utf8 COLLATE=utf8_unicode_ci;
/*!40101 SET character_set_client = @saved_cs_client */;

--
-- Dumping data for table `taxes`
--

LOCK TABLES `taxes` WRITE;
/*!40000 ALTER TABLE `taxes` DISABLE KEYS */;
INSERT INTO `taxes` VALUES (1,NULL,'- No tax -',0.000000,NULL,NULL,1,1,NULL,'2020-10-01 19:25:58','2020-10-01 19:25:58'),(2,1,'quia 7.85%',7.850000,826,NULL,NULL,1,NULL,'2020-10-01 19:26:30','2020-10-01 19:26:30'),(3,2,'quasi 3.05%',3.050000,598,NULL,NULL,1,NULL,'2020-10-01 19:26:30','2020-10-01 19:26:30'),(4,2,'quia 3.6%',3.595929,580,NULL,NULL,1,NULL,'2020-10-01 19:26:30','2020-10-01 19:26:30'),(5,1,'quis 7.39%',7.385000,296,NULL,NULL,1,NULL,'2020-10-01 19:26:30','2020-10-01 19:26:30'),(6,1,'eos 2.28%',2.283086,428,NULL,NULL,1,NULL,'2020-10-01 19:26:30','2020-10-01 19:26:30');
/*!40000 ALTER TABLE `taxes` ENABLE KEYS */;
UNLOCK TABLES;

--
-- Table structure for table `ticket_categories`
--

DROP TABLE IF EXISTS `ticket_categories`;
/*!40101 SET @saved_cs_client     = @@character_set_client */;
/*!40101 SET character_set_client = utf8 */;
CREATE TABLE `ticket_categories` (
  `id` int(10) unsigned NOT NULL AUTO_INCREMENT,
  `name` varchar(255) COLLATE utf8_unicode_ci NOT NULL,
  PRIMARY KEY (`id`),
  UNIQUE KEY `ticket_categories_name_unique` (`name`)
) ENGINE=InnoDB AUTO_INCREMENT=5 DEFAULT CHARSET=utf8 COLLATE=utf8_unicode_ci;
/*!40101 SET character_set_client = @saved_cs_client */;

--
-- Dumping data for table `ticket_categories`
--

LOCK TABLES `ticket_categories` WRITE;
/*!40000 ALTER TABLE `ticket_categories` DISABLE KEYS */;
INSERT INTO `ticket_categories` VALUES (1,'General query'),(2,'Merchant support'),(3,'Technical support'),(4,'Webmaster');
/*!40000 ALTER TABLE `ticket_categories` ENABLE KEYS */;
UNLOCK TABLES;

--
-- Table structure for table `tickets`
--

DROP TABLE IF EXISTS `tickets`;
/*!40101 SET @saved_cs_client     = @@character_set_client */;
/*!40101 SET character_set_client = utf8 */;
CREATE TABLE `tickets` (
  `id` bigint(20) unsigned NOT NULL AUTO_INCREMENT,
  `shop_id` int(10) unsigned DEFAULT NULL,
  `user_id` bigint(20) unsigned DEFAULT NULL,
  `category_id` int(10) unsigned DEFAULT NULL,
  `subject` varchar(255) COLLATE utf8_unicode_ci DEFAULT NULL,
  `message` longtext COLLATE utf8_unicode_ci DEFAULT NULL,
  `assigned_to` bigint(20) unsigned DEFAULT NULL,
  `status` int(10) unsigned NOT NULL DEFAULT 1,
  `priority` int(10) unsigned NOT NULL DEFAULT 1,
  `deleted_at` timestamp NULL DEFAULT NULL,
  `created_at` timestamp NULL DEFAULT NULL,
  `updated_at` timestamp NULL DEFAULT NULL,
  PRIMARY KEY (`id`),
  KEY `tickets_user_id_foreign` (`user_id`),
  KEY `tickets_category_id_foreign` (`category_id`),
  CONSTRAINT `tickets_category_id_foreign` FOREIGN KEY (`category_id`) REFERENCES `ticket_categories` (`id`) ON DELETE SET NULL,
  CONSTRAINT `tickets_user_id_foreign` FOREIGN KEY (`user_id`) REFERENCES `users` (`id`) ON DELETE SET NULL
) ENGINE=InnoDB AUTO_INCREMENT=6 DEFAULT CHARSET=utf8 COLLATE=utf8_unicode_ci;
/*!40101 SET character_set_client = @saved_cs_client */;

--
-- Dumping data for table `tickets`
--

LOCK TABLES `tickets` WRITE;
/*!40000 ALTER TABLE `tickets` DISABLE KEYS */;
INSERT INTO `tickets` VALUES (1,1,3,1,'Vel dignissimos ut qui praesentium error rerum.','Deserunt cumque et dolorem nisi et maiores non. Nostrum sint est illum facilis. Consequuntur dolore aut quam ipsum earum illum ducimus.',NULL,4,1,NULL,'2020-09-29 19:26:32','2020-10-01 19:26:32'),(2,2,3,2,'Et aut ducimus asperiores temporibus.','Itaque accusantium nesciunt rerum necessitatibus maxime possimus sed in. Dolorum aut et quod sit dolorem. Nostrum aut reiciendis sequi ipsa facilis placeat vel consequatur. Rerum possimus molestias quisquam culpa tempora ut architecto molestias.',NULL,4,1,NULL,'2020-09-17 19:26:32','2020-10-01 19:26:32'),(3,2,3,1,'Aut accusamus tempora rerum dolores.','Sint quaerat aut voluptatem ea. Atque ea voluptates quas et modi iure. Repudiandae neque consequuntur voluptas iure non odio sed illo.',NULL,3,4,NULL,'2020-09-25 19:26:32','2020-10-01 19:26:32'),(4,1,3,3,'Culpa consectetur illo voluptatem minus.','Et incidunt iste veritatis quam. Vitae minus odit quod eligendi quaerat. Quia et eius dolore eos sit ut.',NULL,3,1,NULL,'2020-09-21 19:26:32','2020-10-01 19:26:32'),(5,1,3,4,'Itaque rerum in rerum et ea quia.','Ut voluptas autem quisquam aut minus dignissimos voluptatibus earum. Facilis aut dolor et enim. Enim dolores perferendis consequatur alias beatae maiores. Eius debitis et non laborum enim praesentium non.',NULL,2,1,NULL,'2020-09-22 19:26:32','2020-10-01 19:26:32');
/*!40000 ALTER TABLE `tickets` ENABLE KEYS */;
UNLOCK TABLES;

--
-- Table structure for table `timezones`
--

DROP TABLE IF EXISTS `timezones`;
/*!40101 SET @saved_cs_client     = @@character_set_client */;
/*!40101 SET character_set_client = utf8 */;
CREATE TABLE `timezones` (
  `id` int(10) unsigned NOT NULL AUTO_INCREMENT,
  `value` varchar(255) COLLATE utf8_unicode_ci DEFAULT NULL,
  `abbr` varchar(255) COLLATE utf8_unicode_ci DEFAULT NULL,
  `offset` int(11) DEFAULT NULL,
  `text` varchar(255) COLLATE utf8_unicode_ci DEFAULT NULL,
  `utc` varchar(255) COLLATE utf8_unicode_ci DEFAULT NULL,
  `dst` tinyint(1) DEFAULT 0,
  `created_at` timestamp NULL DEFAULT NULL,
  `updated_at` timestamp NULL DEFAULT NULL,
  PRIMARY KEY (`id`)
) ENGINE=InnoDB AUTO_INCREMENT=98 DEFAULT CHARSET=utf8 COLLATE=utf8_unicode_ci;
/*!40101 SET character_set_client = @saved_cs_client */;

--
-- Dumping data for table `timezones`
--

LOCK TABLES `timezones` WRITE;
/*!40000 ALTER TABLE `timezones` DISABLE KEYS */;
INSERT INTO `timezones` VALUES (1,'Dateline Standard Time','DST',-12,'(UTC-12:00) International Date Line West','Etc/GMT+12',0,'2020-10-01 19:25:56','2020-10-01 19:25:56'),(2,'UTC-11','U',-11,'(UTC-11:00) Coordinated Universal Time-11','Pacific/Midway',0,'2020-10-01 19:25:56','2020-10-01 19:25:56'),(3,'Hawaiian Standard Time','HST',-10,'(UTC-10:00) Hawaii','Pacific/Honolulu',0,'2020-10-01 19:25:56','2020-10-01 19:25:56'),(4,'Alaskan Standard Time','AKDT',-8,'(UTC-09:00) Alaska','America/Anchorage',1,'2020-10-01 19:25:56','2020-10-01 19:25:56'),(5,'Pacific Standard Time (Mexico)','PDT',-7,'(UTC-08:00) Baja California','America/Santa_Isabel',1,'2020-10-01 19:25:56','2020-10-01 19:25:56'),(6,'Pacific Standard Time','PDT',-7,'(UTC-08:00) Pacific Time (US & Canada)','America/Los_Angeles',1,'2020-10-01 19:25:56','2020-10-01 19:25:56'),(7,'US Mountain Standard Time','UMST',-7,'(UTC-07:00) Arizona','America/Phoenix',0,'2020-10-01 19:25:56','2020-10-01 19:25:56'),(8,'Mountain Standard Time (Mexico)','MDT',-6,'(UTC-07:00) Chihuahua, La Paz, Mazatlan','America/Chihuahua',1,'2020-10-01 19:25:56','2020-10-01 19:25:56'),(9,'Mountain Standard Time','MDT',-6,'(UTC-07:00) Mountain Time (US & Canada)','America/Denver',1,'2020-10-01 19:25:56','2020-10-01 19:25:56'),(10,'Central America Standard Time','CAST',-6,'(UTC-06:00) Central America','America/Guatemala',0,'2020-10-01 19:25:56','2020-10-01 19:25:56'),(11,'Central Standard Time','CDT',-5,'(UTC-06:00) Central Time (US & Canada)','America/Chicago',1,'2020-10-01 19:25:56','2020-10-01 19:25:56'),(12,'Central Standard Time (Mexico)','CDT',-5,'(UTC-06:00) Guadalajara, Mexico City, Monterrey','America/Mexico_City',1,'2020-10-01 19:25:56','2020-10-01 19:25:56'),(13,'Canada Central Standard Time','CCST',-6,'(UTC-06:00) Saskatchewan','America/Regina',0,'2020-10-01 19:25:56','2020-10-01 19:25:56'),(14,'SA Pacific Standard Time','SPST',-5,'(UTC-05:00) Bogota, Lima, Quito','America/Lima',0,'2020-10-01 19:25:56','2020-10-01 19:25:56'),(15,'Eastern Standard Time','EDT',-4,'(UTC-05:00) Eastern Time (US & Canada)','America/New_York',1,'2020-10-01 19:25:56','2020-10-01 19:25:56'),(16,'US Eastern Standard Time','UEDT',-4,'(UTC-05:00) Indiana (East)','America/Indianapolis',1,'2020-10-01 19:25:56','2020-10-01 19:25:56'),(17,'Venezuela Standard Time','VST',-4,'(UTC-04:30) Caracas','America/Caracas',0,'2020-10-01 19:25:56','2020-10-01 19:25:56'),(18,'Paraguay Standard Time','PST',-4,'(UTC-04:00) Asuncion','America/Asuncion',0,'2020-10-01 19:25:56','2020-10-01 19:25:56'),(19,'Atlantic Standard Time','ADT',-3,'(UTC-04:00) Atlantic Time (Canada)','Atlantic/Bermuda',1,'2020-10-01 19:25:56','2020-10-01 19:25:56'),(20,'Central Brazilian Standard Time','CBST',-4,'(UTC-04:00) Cuiaba','America/Cuiaba',0,'2020-10-01 19:25:56','2020-10-01 19:25:56'),(21,'SA Western Standard Time','SWST',-4,'(UTC-04:00) Georgetown, La Paz, Manaus, San Juan','America/Aruba',0,'2020-10-01 19:25:56','2020-10-01 19:25:56'),(22,'Pacific SA Standard Time','PSST',-4,'(UTC-04:00) Santiago','America/Santiago',0,'2020-10-01 19:25:56','2020-10-01 19:25:56'),(23,'Newfoundland Standard Time','NDT',-2,'(UTC-03:30) Newfoundland','America/St_Johns',1,'2020-10-01 19:25:56','2020-10-01 19:25:56'),(24,'E. South America Standard Time','ESAST',-3,'(UTC-03:00) Brasilia','America/Sao_Paulo',0,'2020-10-01 19:25:56','2020-10-01 19:25:56'),(25,'Argentina Standard Time','AST',-3,'(UTC-03:00) Buenos Aires','America/Buenos_Aires',0,'2020-10-01 19:25:56','2020-10-01 19:25:56'),(26,'SA Eastern Standard Time','SEST',-3,'(UTC-03:00) Cayenne, Fortaleza','America/Cayenne',0,'2020-10-01 19:25:56','2020-10-01 19:25:56'),(27,'Greenland Standard Time','GDT',-2,'(UTC-03:00) Greenland','America/Godthab',1,'2020-10-01 19:25:56','2020-10-01 19:25:56'),(28,'Montevideo Standard Time','MST',-3,'(UTC-03:00) Montevideo','America/Montevideo',0,'2020-10-01 19:25:56','2020-10-01 19:25:56'),(29,'Bahia Standard Time','BST',-3,'(UTC-03:00) Salvador','America/Bahia',0,'2020-10-01 19:25:56','2020-10-01 19:25:56'),(30,'UTC-02','U',-2,'(UTC-02:00) Coordinated Universal Time-02','America/Noronha',0,'2020-10-01 19:25:56','2020-10-01 19:25:56'),(31,'Azores Standard Time','ADT',0,'(UTC-01:00) Azores','Atlantic/Azores',1,'2020-10-01 19:25:56','2020-10-01 19:25:56'),(32,'Cape Verde Standard Time','CVST',-1,'(UTC-01:00) Cape Verde Is.','Atlantic/Cape_Verde',0,'2020-10-01 19:25:56','2020-10-01 19:25:56'),(33,'Morocco Standard Time','MDT',1,'(UTC) Casablanca','Africa/Casablanca',1,'2020-10-01 19:25:56','2020-10-01 19:25:56'),(34,'UTC','CUT',0,'(UTC) Coordinated Universal Time','America/Danmarkshavn',0,'2020-10-01 19:25:56','2020-10-01 19:25:56'),(35,'GMT Standard Time','GDT',1,'(UTC) Dublin, Edinburgh, Lisbon, London','Europe/London',1,'2020-10-01 19:25:56','2020-10-01 19:25:56'),(36,'Greenwich Standard Time','GST',0,'(UTC) Monrovia, Reykjavik','Africa/Monrovia',0,'2020-10-01 19:25:56','2020-10-01 19:25:56'),(37,'W. Europe Standard Time','WEDT',2,'(UTC+01:00) Amsterdam, Berlin, Bern, Rome, Stockholm, Vienna','Europe/Amsterdam',1,'2020-10-01 19:25:56','2020-10-01 19:25:56'),(38,'Central Europe Standard Time','CEDT',2,'(UTC+01:00) Belgrade, Bratislava, Budapest, Ljubljana, Prague','Europe/Budapest',1,'2020-10-01 19:25:56','2020-10-01 19:25:56'),(39,'Romance Standard Time','RDT',2,'(UTC+01:00) Brussels, Copenhagen, Madrid, Paris','Europe/Paris',1,'2020-10-01 19:25:56','2020-10-01 19:25:56'),(40,'Central European Standard Time','CEDT',2,'(UTC+01:00) Sarajevo, Skopje, Warsaw, Zagreb','Europe/Warsaw',1,'2020-10-01 19:25:56','2020-10-01 19:25:56'),(41,'W. Central Africa Standard Time','WCAST',1,'(UTC+01:00) West Central Africa','Africa/Lagos',0,'2020-10-01 19:25:56','2020-10-01 19:25:56'),(42,'Namibia Standard Time','NST',1,'(UTC+01:00) Windhoek','Africa/Windhoek',0,'2020-10-01 19:25:56','2020-10-01 19:25:56'),(43,'GTB Standard Time','GDT',3,'(UTC+02:00) Athens, Bucharest, Chisinau, Nicosia','Europe/Athens',1,'2020-10-01 19:25:56','2020-10-01 19:25:56'),(44,'Middle East Standard Time','MEDT',3,'(UTC+02:00) Beirut','Asia/Beirut',1,'2020-10-01 19:25:56','2020-10-01 19:25:56'),(45,'Egypt Standard Time','EST',2,'(UTC+02:00) Cairo','Africa/Cairo',0,'2020-10-01 19:25:56','2020-10-01 19:25:56'),(46,'Syria Standard Time','SDT',3,'(UTC+02:00) Damascus','Asia/Damascus',1,'2020-10-01 19:25:56','2020-10-01 19:25:56'),(47,'South Africa Standard Time','SAST',2,'(UTC+02:00) Harare, Pretoria, Johannesburg, Bujumbura','Africa/Harare',0,'2020-10-01 19:25:56','2020-10-01 19:25:56'),(48,'FLE Standard Time','FDT',3,'(UTC+02:00) Helsinki, Kyiv, Riga, Sofia, Tallinn, Vilnius','Europe/Helsinki',1,'2020-10-01 19:25:56','2020-10-01 19:25:56'),(49,'Turkey Standard Time','TDT',3,'(UTC+02:00) Istanbul','Europe/Istanbul',1,'2020-10-01 19:25:56','2020-10-01 19:25:56'),(50,'Israel Standard Time','JDT',3,'(UTC+02:00) Jerusalem','Asia/Jerusalem',1,'2020-10-01 19:25:56','2020-10-01 19:25:56'),(51,'Libya Standard Time','LST',2,'(UTC+02:00) Tripoli','Africa/Tripoli',0,'2020-10-01 19:25:56','2020-10-01 19:25:56'),(52,'Jordan Standard Time','JST',3,'(UTC+03:00) Amman','Asia/Amman',0,'2020-10-01 19:25:56','2020-10-01 19:25:56'),(53,'Arabic Standard Time','AST',3,'(UTC+03:00) Baghdad','Asia/Baghdad',0,'2020-10-01 19:25:56','2020-10-01 19:25:56'),(54,'Kaliningrad Standard Time','KST',3,'(UTC+03:00) Kaliningrad, Minsk','Europe/Kaliningrad',0,'2020-10-01 19:25:56','2020-10-01 19:25:56'),(55,'Arab Standard Time','AST',3,'(UTC+03:00) Aden, Bahrain, Kuwait, Riyadh, Qatar','Asia/Qatar',0,'2020-10-01 19:25:56','2020-10-01 19:25:56'),(56,'E. Africa Standard Time','EAST',3,'(UTC+03:00) Nairobi, Comoro, Juba','Africa/Nairobi',0,'2020-10-01 19:25:56','2020-10-01 19:25:56'),(57,'Iran Standard Time','IDT',4,'(UTC+03:30) Tehran','Asia/Tehran',1,'2020-10-01 19:25:56','2020-10-01 19:25:56'),(58,'Arabian Standard Time','AST',4,'(UTC+04:00) Abu Dhabi, Muscat','Asia/Dubai',0,'2020-10-01 19:25:56','2020-10-01 19:25:56'),(59,'Azerbaijan Standard Time','ADT',5,'(UTC+04:00) Baku','Asia/Baku',1,'2020-10-01 19:25:56','2020-10-01 19:25:56'),(60,'Russian Standard Time','RST',4,'(UTC+04:00) Samara, Moscow, St. Petersburg, Simferopol, Volgograd','Europe/Moscow',0,'2020-10-01 19:25:56','2020-10-01 19:25:56'),(61,'Mauritius Standard Time','MST',4,'(UTC+04:00) Port Louis, Mauritius, Reunion, Mahe','Indian/Mauritius',0,'2020-10-01 19:25:56','2020-10-01 19:25:56'),(62,'Georgian Standard Time','GST',4,'(UTC+04:00) Tbilisi','Asia/Tbilisi',0,'2020-10-01 19:25:56','2020-10-01 19:25:56'),(63,'Caucasus Standard Time','CST',4,'(UTC+04:00) Yerevan','Asia/Yerevan',0,'2020-10-01 19:25:56','2020-10-01 19:25:56'),(64,'Afghanistan Standard Time','AST',4,'(UTC+04:30) Kabul','Asia/Kabul',0,'2020-10-01 19:25:56','2020-10-01 19:25:56'),(65,'West Asia Standard Time','WAST',5,'(UTC+05:00) Ashgabat, Dushanbe, Tashkent, Maldives','Asia/Tashkent',0,'2020-10-01 19:25:56','2020-10-01 19:25:56'),(66,'Pakistan Standard Time','PST',5,'(UTC+05:00) Islamabad, Karachi','Asia/Karachi',0,'2020-10-01 19:25:56','2020-10-01 19:25:56'),(67,'India Standard Time','IST',6,'(UTC+05:30) Chennai, Kolkata, Mumbai, New Delhi','Asia/Calcutta',0,'2020-10-01 19:25:56','2020-10-01 19:25:56'),(68,'Sri Lanka Standard Time','SLST',6,'(UTC+05:30) Sri Jayawardenepura','Asia/Colombo',0,'2020-10-01 19:25:56','2020-10-01 19:25:56'),(69,'Nepal Standard Time','NST',6,'(UTC+05:45) Kathmandu','Asia/Katmandu',0,'2020-10-01 19:25:56','2020-10-01 19:25:56'),(70,'Central Asia Standard Time','CAST',6,'(UTC+06:00) Astana, Dhaka, Thimphu','Asia/Dhaka',0,'2020-10-01 19:25:56','2020-10-01 19:25:56'),(71,'Ekaterinburg Standard Time','EST',6,'(UTC+06:00) Ekaterinburg','Asia/Yekaterinburg',0,'2020-10-01 19:25:56','2020-10-01 19:25:56'),(72,'Myanmar Standard Time','MST',6,'(UTC+06:30) Yangon (Rangoon), Cocos','Asia/Rangoon',0,'2020-10-01 19:25:56','2020-10-01 19:25:56'),(73,'SE Asia Standard Time','SAST',7,'(UTC+07:00) Bangkok, Hanoi, Jakarta, Saigon','Asia/Bangkok',0,'2020-10-01 19:25:56','2020-10-01 19:25:56'),(74,'N. Central Asia Standard Time','NCAST',7,'(UTC+07:00) Novosibirsk','Asia/Novosibirsk',0,'2020-10-01 19:25:56','2020-10-01 19:25:56'),(75,'China Standard Time','CST',8,'(UTC+08:00) Beijing, Chongqing, Hong Kong, Macau, Shanghai, Urumqi','Asia/Shanghai',0,'2020-10-01 19:25:56','2020-10-01 19:25:56'),(76,'North Asia Standard Time','NAST',8,'(UTC+08:00) Krasnoyarsk','Asia/Krasnoyarsk',0,'2020-10-01 19:25:56','2020-10-01 19:25:56'),(77,'Singapore Standard Time','MPST',8,'(UTC+08:00) Kuala Lumpur, Singapore, Brunei, Makassar, Manila','Asia/Singapore',0,'2020-10-01 19:25:56','2020-10-01 19:25:56'),(78,'W. Australia Standard Time','WAST',8,'(UTC+08:00) Perth','Australia/Perth',0,'2020-10-01 19:25:56','2020-10-01 19:25:56'),(79,'Taipei Standard Time','TST',8,'(UTC+08:00) Taipei','Asia/Taipei',0,'2020-10-01 19:25:56','2020-10-01 19:25:56'),(80,'Ulaanbaatar Standard Time','UST',8,'(UTC+08:00) Ulaanbaatar','Asia/Ulaanbaatar',0,'2020-10-01 19:25:56','2020-10-01 19:25:56'),(81,'North Asia East Standard Time','NAEST',9,'(UTC+09:00) Irkutsk','Asia/Irkutsk',0,'2020-10-01 19:25:56','2020-10-01 19:25:56'),(82,'Tokyo Standard Time','TST',9,'(UTC+09:00) Dili, Osaka, Palau, Sapporo, Tokyo','Asia/Tokyo',0,'2020-10-01 19:25:56','2020-10-01 19:25:56'),(83,'Korea Standard Time','KST',9,'(UTC+09:00) Pyongyang, Seoul','Asia/Seoul',0,'2020-10-01 19:25:56','2020-10-01 19:25:56'),(84,'Cen. Australia Standard Time','CAST',10,'(UTC+09:30) Adelaide','Australia/Adelaide',0,'2020-10-01 19:25:56','2020-10-01 19:25:56'),(85,'AUS Central Standard Time','ACST',10,'(UTC+09:30) Darwin','Australia/Darwin',0,'2020-10-01 19:25:56','2020-10-01 19:25:56'),(86,'E. Australia Standard Time','EAST',10,'(UTC+10:00) Brisbane','Australia/Brisbane',0,'2020-10-01 19:25:56','2020-10-01 19:25:56'),(87,'AUS Eastern Standard Time','AEST',10,'(UTC+10:00) Canberra, Melbourne, Sydney','Australia/Sydney',0,'2020-10-01 19:25:56','2020-10-01 19:25:56'),(88,'West Pacific Standard Time','WPST',10,'(UTC+10:00) Guam, Port Moresby','Pacific/Guam',0,'2020-10-01 19:25:56','2020-10-01 19:25:56'),(89,'Tasmania Standard Time','TST',10,'(UTC+10:00) Hobart','Australia/Hobart',0,'2020-10-01 19:25:56','2020-10-01 19:25:56'),(90,'Yakutsk Standard Time','YST',10,'(UTC+10:00) Yakutsk','Asia/Yakutsk',0,'2020-10-01 19:25:56','2020-10-01 19:25:56'),(91,'Central Pacific Standard Time','CPST',11,'(UTC+11:00) Solomon Is., New Caledonia','Pacific/Guadalcanal',0,'2020-10-01 19:25:56','2020-10-01 19:25:56'),(92,'Vladivostok Standard Time','VST',11,'(UTC+11:00) Vladivostok','Asia/Vladivostok',0,'2020-10-01 19:25:56','2020-10-01 19:25:56'),(93,'New Zealand Standard Time','NZST',12,'(UTC+12:00) Auckland, Wellington','Antarctica/McMurdo',0,'2020-10-01 19:25:56','2020-10-01 19:25:56'),(94,'UTC+12','U',12,'(UTC+12:00) Coordinated Universal Time+12','Pacific/Tarawa',0,'2020-10-01 19:25:56','2020-10-01 19:25:56'),(95,'Fiji Standard Time','FST',12,'(UTC+12:00) Fiji','Pacific/Fiji',0,'2020-10-01 19:25:56','2020-10-01 19:25:56'),(96,'Magadan Standard Time','MST',12,'(UTC+12:00) Magadan','Asia/Magadan',0,'2020-10-01 19:25:56','2020-10-01 19:25:56'),(97,'Samoa/Tonga/Kamchatka Standard Time','SST',13,'(UTC+13:00) Samoa, Tongatapu, Fakaofo, Enderbury','Pacific/Apia',0,'2020-10-01 19:25:56','2020-10-01 19:25:56');
/*!40000 ALTER TABLE `timezones` ENABLE KEYS */;
UNLOCK TABLES;

--
-- Table structure for table `user_warehouse`
--

DROP TABLE IF EXISTS `user_warehouse`;
/*!40101 SET @saved_cs_client     = @@character_set_client */;
/*!40101 SET character_set_client = utf8 */;
CREATE TABLE `user_warehouse` (
  `user_id` bigint(20) unsigned NOT NULL,
  `warehouse_id` int(10) unsigned NOT NULL,
  `created_at` timestamp NULL DEFAULT NULL,
  `updated_at` timestamp NULL DEFAULT NULL,
  KEY `user_warehouse_user_id_index` (`user_id`),
  KEY `user_warehouse_warehouse_id_index` (`warehouse_id`),
  CONSTRAINT `user_warehouse_user_id_foreign` FOREIGN KEY (`user_id`) REFERENCES `users` (`id`) ON DELETE CASCADE,
  CONSTRAINT `user_warehouse_warehouse_id_foreign` FOREIGN KEY (`warehouse_id`) REFERENCES `warehouses` (`id`) ON DELETE CASCADE
) ENGINE=InnoDB DEFAULT CHARSET=utf8 COLLATE=utf8_unicode_ci;
/*!40101 SET character_set_client = @saved_cs_client */;

--
-- Dumping data for table `user_warehouse`
--

LOCK TABLES `user_warehouse` WRITE;
/*!40000 ALTER TABLE `user_warehouse` DISABLE KEYS */;
/*!40000 ALTER TABLE `user_warehouse` ENABLE KEYS */;
UNLOCK TABLES;

--
-- Table structure for table `users`
--

DROP TABLE IF EXISTS `users`;
/*!40101 SET @saved_cs_client     = @@character_set_client */;
/*!40101 SET character_set_client = utf8 */;
CREATE TABLE `users` (
  `id` bigint(20) unsigned NOT NULL AUTO_INCREMENT,
  `shop_id` int(10) unsigned DEFAULT NULL,
  `role_id` int(10) unsigned NOT NULL DEFAULT 3,
  `name` varchar(255) COLLATE utf8_unicode_ci DEFAULT NULL,
  `nice_name` varchar(255) COLLATE utf8_unicode_ci DEFAULT NULL,
  `email` varchar(255) COLLATE utf8_unicode_ci NOT NULL,
  `password` varchar(60) COLLATE utf8_unicode_ci NOT NULL,
  `dob` date DEFAULT NULL,
  `sex` varchar(255) COLLATE utf8_unicode_ci DEFAULT NULL,
  `description` longtext COLLATE utf8_unicode_ci DEFAULT NULL,
  `last_visited_at` timestamp NULL DEFAULT NULL,
  `last_visited_from` varchar(45) COLLATE utf8_unicode_ci DEFAULT NULL,
  `active` tinyint(1) NOT NULL DEFAULT 1,
  `read_announcements_at` timestamp NULL DEFAULT NULL,
  `verification_token` varchar(100) COLLATE utf8_unicode_ci DEFAULT NULL,
  `email_verified_at` timestamp NULL DEFAULT NULL,
  `remember_token` varchar(100) COLLATE utf8_unicode_ci DEFAULT NULL,
  `deleted_at` timestamp NULL DEFAULT NULL,
  `created_at` timestamp NULL DEFAULT NULL,
  `updated_at` timestamp NULL DEFAULT NULL,
  PRIMARY KEY (`id`),
  UNIQUE KEY `users_email_unique` (`email`)
) ENGINE=InnoDB AUTO_INCREMENT=5 DEFAULT CHARSET=utf8 COLLATE=utf8_unicode_ci;
/*!40101 SET character_set_client = @saved_cs_client */;

--
-- Dumping data for table `users`
--

LOCK TABLES `users` WRITE;
/*!40000 ALTER TABLE `users` DISABLE KEYS */;
INSERT INTO `users` VALUES (1,NULL,1,'Musa B.','Super Admin','superadmin@demo.com','$2y$10$Q.Q99ys15vYj0n1myj9oxuNwDg5gxNLK9zFzvwWLn6eYP.VTWnChy',NULL,'app.male',NULL,NULL,NULL,1,NULL,NULL,NULL,'PXHuNuWHfc925S0Co9n0rQ6ALFRWQiiNB2KIH6dg62dG0wjiPl5v6aywBPkI',NULL,'2020-10-01 19:25:58','2020-10-05 20:06:10'),(2,NULL,2,'Admin User','Admin','admin@demo.com','$2y$10$4NqMq2NGsGgePWZDx.AIoe2LBftDyoNlDUEo4ObYPVU9CnoYsW5Lq','1980-11-14','app.female','Tempora quia quis consequatur. Optio officiis in voluptatum perferendis tempore voluptatem. Inventore sunt sint sed unde sit enim. Similique totam pariatur libero qui. Esse impedit id mollitia et ut tempore laborum aut. Vitae est similique alias modi aut pariatur molestias. Quibusdam perspiciatis sit est sunt fuga temporibus. Ipsam et temporibus eum molestias voluptatem ullam. Sit officia perferendis accusamus. Nulla id vitae accusamus eveniet. Aperiam ipsam non et.',NULL,NULL,1,NULL,NULL,NULL,'KMLQ6kK1h0',NULL,'2020-09-23 19:26:28','2020-09-25 19:26:28'),(3,1,3,'Merchant User','Merchant','merchant@demo.com','$2y$10$ECxEN/.cA5nAsBQ3eHZh7OLSLZqPwC94k.t01/SfVPCDZrWcCPAum','1989-01-24','app.female','Est soluta ut dolorum odit qui. Et dolore debitis temporibus sed aut quo. Amet ut rerum et. Aut facere aut aut accusantium sit harum. Aut et nostrum autem provident. Sunt aperiam iste laborum odio. Fugiat vel cumque qui odio reiciendis reprehenderit. Dicta omnis dignissimos magni eos rerum. Id explicabo animi dolorum qui laboriosam deleniti sed. Aut exercitationem animi dicta placeat delectus. Quia reprehenderit accusantium fugiat consequuntur aut placeat inventore tempore.',NULL,NULL,1,NULL,NULL,NULL,NULL,NULL,'2020-09-17 19:26:29','2020-10-03 17:16:02'),(4,2,3,'Ms. Angelina Schmitt V','Kling','kellie50@yahoo.com','$2y$10$pzp5Cv22AXChcRP3xWMQieGkSjVdXzyNxzevSttW6Z2DIWNxQKIRi','2020-06-28','app.female','Sed dolorum sapiente minima aperiam molestias enim nihil officiis. Quidem neque excepturi facilis consequatur dolor. Et qui exercitationem ad quasi possimus animi. Sapiente voluptatem quibusdam ratione commodi fuga officiis deleniti iusto. Et occaecati reprehenderit qui ducimus. Inventore omnis atque et est et ex. Corrupti adipisci suscipit est veniam. Corrupti odit nihil placeat voluptatem consequatur. Expedita sint sapiente officia vero ab. Magnam quam qui est sint facere quis.',NULL,NULL,1,NULL,NULL,NULL,NULL,NULL,'2020-09-20 19:26:29','2020-09-17 19:26:29');
/*!40000 ALTER TABLE `users` ENABLE KEYS */;
UNLOCK TABLES;

--
-- Table structure for table `visitors`
--

DROP TABLE IF EXISTS `visitors`;
/*!40101 SET @saved_cs_client     = @@character_set_client */;
/*!40101 SET character_set_client = utf8 */;
CREATE TABLE `visitors` (
  `ip` varchar(45) COLLATE utf8_unicode_ci NOT NULL,
  `mac` varchar(17) COLLATE utf8_unicode_ci DEFAULT NULL,
  `device` varchar(255) COLLATE utf8_unicode_ci DEFAULT NULL,
  `hits` mediumint(9) NOT NULL DEFAULT 0,
  `page_views` bigint(20) DEFAULT NULL,
  `country_code` varchar(2) COLLATE utf8_unicode_ci DEFAULT NULL,
  `info` text COLLATE utf8_unicode_ci DEFAULT NULL,
  `deleted_at` timestamp NULL DEFAULT NULL,
  `created_at` timestamp NULL DEFAULT NULL,
  `updated_at` timestamp NULL DEFAULT NULL,
  PRIMARY KEY (`ip`)
) ENGINE=InnoDB DEFAULT CHARSET=utf8 COLLATE=utf8_unicode_ci;
/*!40101 SET character_set_client = @saved_cs_client */;

--
-- Dumping data for table `visitors`
--

LOCK TABLES `visitors` WRITE;
/*!40000 ALTER TABLE `visitors` DISABLE KEYS */;
INSERT INTO `visitors` VALUES ('1.249.121.55',NULL,NULL,1,1,NULL,'s:11:\"Mozilla/5.0\";',NULL,'2020-10-09 02:20:50','2020-10-09 02:20:50'),('102.165.135.2',NULL,NULL,1,1,NULL,'s:116:\"Mozilla/5.0 (Macintosh; Intel Mac OS X 10_11_6) AppleWebKit/601.7.7 (KHTML, like Gecko) Version/9.1.2 Safari/601.7.7\";',NULL,'2020-10-06 04:25:56','2020-10-06 04:25:56'),('103.113.104.208',NULL,NULL,1,1,NULL,'s:116:\"Mozilla/5.0 (Macintosh; Intel Mac OS X 10_11_6) AppleWebKit/601.7.7 (KHTML, like Gecko) Version/9.1.2 Safari/601.7.7\";',NULL,'2020-10-05 09:27:49','2020-10-05 09:27:49'),('103.113.196.25',NULL,NULL,1,1,NULL,'s:110:\"Mozilla/5.0 (Windows NT 10.0; WOW64) AppleWebKit/537.36 (KHTML, like Gecko) Chrome/51.0.2704.103 Safari/537.36\";',NULL,'2020-10-09 18:57:44','2020-10-09 18:57:44'),('103.199.157.142',NULL,NULL,1,1,NULL,'s:109:\"Mozilla/5.0 (Windows NT 6.1; WOW64) AppleWebKit/537.36 (KHTML, like Gecko) Chrome/51.0.2704.103 Safari/537.36\";',NULL,'2020-10-06 09:19:40','2020-10-06 09:19:40'),('103.209.143.16',NULL,NULL,1,1,NULL,'s:109:\"Mozilla/5.0 (Windows NT 6.1; WOW64) AppleWebKit/537.36 (KHTML, like Gecko) Chrome/52.0.2743.116 Safari/537.36\";',NULL,'2020-10-08 17:31:48','2020-10-08 17:31:48'),('103.217.216.102',NULL,NULL,1,1,NULL,'s:110:\"Mozilla/5.0 (Windows NT 10.0; WOW64) AppleWebKit/537.36 (KHTML, like Gecko) Chrome/52.0.2743.116 Safari/537.36\";',NULL,'2020-10-07 00:03:12','2020-10-07 00:03:12'),('103.227.117.136',NULL,NULL,1,1,NULL,'s:109:\"Mozilla/5.0 (Windows NT 6.1; WOW64) AppleWebKit/537.36 (KHTML, like Gecko) Chrome/51.0.2704.103 Safari/537.36\";',NULL,'2020-10-09 04:25:24','2020-10-09 04:25:24'),('103.47.219.44',NULL,NULL,1,1,NULL,'s:110:\"Mozilla/5.0 (Windows NT 10.0; WOW64) AppleWebKit/537.36 (KHTML, like Gecko) Chrome/52.0.2743.116 Safari/537.36\";',NULL,'2020-10-07 03:53:04','2020-10-07 03:53:04'),('103.50.5.67',NULL,NULL,1,1,NULL,'s:110:\"Mozilla/5.0 (Windows NT 10.0; WOW64) AppleWebKit/537.36 (KHTML, like Gecko) Chrome/51.0.2704.103 Safari/537.36\";',NULL,'2020-10-01 22:34:58','2020-10-01 22:34:58'),('103.50.7.35',NULL,NULL,1,1,NULL,'s:109:\"Mozilla/5.0 (Windows NT 6.1; WOW64) AppleWebKit/537.36 (KHTML, like Gecko) Chrome/52.0.2743.116 Safari/537.36\";',NULL,'2020-10-04 08:11:55','2020-10-04 08:11:55'),('103.65.194.3',NULL,NULL,1,1,NULL,'s:110:\"Mozilla/5.0 (Windows NT 10.0; WOW64) AppleWebKit/537.36 (KHTML, like Gecko) Chrome/52.0.2743.116 Safari/537.36\";',NULL,'2020-10-07 10:34:08','2020-10-07 10:34:08'),('103.78.13.7',NULL,NULL,1,1,NULL,'s:110:\"Mozilla/5.0 (Windows NT 10.0; WOW64) AppleWebKit/537.36 (KHTML, like Gecko) Chrome/52.0.2743.116 Safari/537.36\";',NULL,'2020-10-04 03:36:57','2020-10-04 03:36:57'),('104.131.181.168',NULL,NULL,1,1,NULL,'s:52:\"Mozilla/4.0 (compatible; Netcraft Web Server Survey)\";',NULL,'2020-10-02 11:14:02','2020-10-02 11:14:02'),('104.131.186.23',NULL,NULL,1,1,NULL,'s:69:\"Mozilla/5.0 (compatible; NetcraftSurveyAgent/1.0; +info@netcraft.com)\";',NULL,'2020-10-05 14:30:01','2020-10-05 14:30:01'),('104.152.52.28',NULL,NULL,1,1,NULL,'s:58:\"masscan/1.0 (https://github.com/robertdavidgraham/masscan)\";',NULL,'2020-10-03 00:05:53','2020-10-03 00:05:53'),('104.248.236.204',NULL,NULL,1,2,NULL,'s:120:\"Mozilla/5.0 (Macintosh; Intel Mac OS X 10_15_2) AppleWebKit/537.36 (KHTML, like Gecko) Chrome/79.0.3945.88 Safari/537.36\";',NULL,'2020-10-08 06:27:29','2020-10-08 06:27:36'),('104.41.12.146',NULL,NULL,1,1,NULL,'N;',NULL,'2020-10-02 16:04:16','2020-10-02 16:04:16'),('106.4.161.102',NULL,NULL,1,1,NULL,'s:40:\"Apache-HttpClient/4.5.6 (Java/1.8.0_112)\";',NULL,'2020-10-04 07:19:53','2020-10-04 07:19:53'),('107.150.176.3',NULL,NULL,1,1,NULL,'s:58:\"masscan/1.0 (https://github.com/robertdavidgraham/masscan)\";',NULL,'2020-10-09 11:44:13','2020-10-09 11:44:13'),('109.195.75.52',NULL,NULL,1,1,NULL,'s:67:\"Mozilla/5.0 (Windows NT 5.1; rv:9.0.1) Gecko/20100101 Firefox/9.0.1\";',NULL,'2020-10-07 22:44:50','2020-10-07 22:44:50'),('110.136.217.48',NULL,NULL,1,1,NULL,'s:110:\"Mozilla/5.0 (Windows NT 10.0; WOW64) AppleWebKit/537.36 (KHTML, like Gecko) Chrome/52.0.2743.116 Safari/537.36\";',NULL,'2020-10-04 10:47:59','2020-10-04 10:47:59'),('110.77.178.115',NULL,NULL,1,1,NULL,'s:110:\"Mozilla/5.0 (Windows NT 10.0; WOW64) AppleWebKit/537.36 (KHTML, like Gecko) Chrome/51.0.2704.103 Safari/537.36\";',NULL,'2020-10-02 05:04:53','2020-10-02 05:04:53'),('112.196.188.69',NULL,NULL,1,1,NULL,'s:63:\"httpx - Open-source project (github.com/projectdiscovery/httpx)\";',NULL,'2020-10-11 02:45:55','2020-10-11 02:45:55'),('114.33.119.253',NULL,NULL,1,1,NULL,'s:11:\"Mozilla/5.0\";',NULL,'2020-10-09 03:24:36','2020-10-09 03:24:36'),('116.202.113.215',NULL,NULL,1,1,NULL,'s:116:\"Mozilla/5.0 (Windows NT 10.0; Win64; x64) AppleWebKit/537.36 (KHTML, like Gecko)\' Chrome/59.0.3071.115 Safari/537.36\";',NULL,'2020-10-05 20:08:02','2020-10-05 20:08:02'),('116.202.209.244',NULL,NULL,1,11,NULL,'s:116:\"Mozilla/5.0 (Windows NT 10.0; Win64; x64) AppleWebKit/537.36 (KHTML, like Gecko)\' Chrome/59.0.3071.115 Safari/537.36\";',NULL,'2020-10-05 01:11:02','2020-10-05 01:11:03'),('122.228.19.79',NULL,NULL,1,1,NULL,'s:82:\"Mozilla/5.0 (Macintosh; Intel Mac OS X 10.11; rv:47.0) Gecko/20100101 Firefox/47.0\";',NULL,'2020-10-04 00:47:48','2020-10-04 00:47:48'),('124.148.130.32',NULL,NULL,1,1,NULL,'s:116:\"Mozilla/5.0 (Macintosh; Intel Mac OS X 10_11_6) AppleWebKit/601.7.7 (KHTML, like Gecko) Version/9.1.2 Safari/601.7.7\";',NULL,'2020-10-10 14:44:18','2020-10-10 14:44:18'),('125.64.94.135',NULL,NULL,2,2,NULL,'N;',NULL,'2020-10-07 11:13:47','2020-10-10 01:25:41'),('128.14.133.58',NULL,NULL,4,6,NULL,'s:115:\"Mozilla/5.0 (Windows NT 10.0; Win64; x64) AppleWebKit/537.36 (KHTML, like Gecko) Chrome/60.0.3112.113 Safari/537.36\";',NULL,'2020-10-06 18:33:47','2020-10-10 20:20:18'),('128.14.134.134',NULL,NULL,4,4,NULL,'s:115:\"Mozilla/5.0 (Windows NT 10.0; Win64; x64) AppleWebKit/537.36 (KHTML, like Gecko) Chrome/60.0.3112.113 Safari/537.36\";',NULL,'2020-10-02 00:01:10','2020-10-08 11:36:43'),('128.14.134.170',NULL,NULL,4,5,NULL,'s:115:\"Mozilla/5.0 (Windows NT 10.0; Win64; x64) AppleWebKit/537.36 (KHTML, like Gecko) Chrome/60.0.3112.113 Safari/537.36\";',NULL,'2020-10-02 11:43:14','2020-10-09 23:26:58'),('128.14.209.178',NULL,NULL,1,1,NULL,'s:115:\"Mozilla/5.0 (Windows NT 10.0; Win64; x64) AppleWebKit/537.36 (KHTML, like Gecko) Chrome/60.0.3112.113 Safari/537.36\";',NULL,'2020-10-06 13:27:38','2020-10-06 13:27:38'),('129.211.134.62',NULL,NULL,1,3,NULL,'s:120:\"Mozilla/5.0 (Windows NT 6.1) AppleWebKit/537.36 (KHTML, like Gecko) Chrome/58.0.3029.110 Safari/537.36 SE 2.X MetaSr 1.0\";',NULL,'2020-10-07 11:13:08','2020-10-07 11:20:31'),('13.57.6.22',NULL,NULL,1,1,NULL,'s:121:\"Mozilla/5.0 (Macintosh; Intel Mac OS X 10_11_5) AppleWebKit/537.36 (KHTML, like Gecko) Chrome/50.0.2661.102 Safari/537.36\";',NULL,'2020-10-05 01:02:11','2020-10-05 01:02:11'),('131.220.6.152',NULL,NULL,10,10,NULL,'s:104:\"Mozilla/5.0 (X11; Linux x86_64) AppleWebKit/537.36 (KHTML, like Gecko) Chrome/79.0.3945.79 Safari/537.36\";',NULL,'2020-10-02 01:59:49','2020-10-11 02:12:50'),('134.122.110.142',NULL,NULL,1,2,NULL,'s:115:\"Mozilla/5.0 (Windows NT 10.0; Win64; x64) AppleWebKit/537.36 (KHTML, like Gecko) Chrome/74.0.3729.169 Safari/537.36\";',NULL,'2020-10-05 17:59:11','2020-10-05 17:59:11'),('138.246.253.15',NULL,NULL,3,3,NULL,'s:113:\"Mozilla/5.0 (Windows NT 6.1; Win64; x64) AppleWebKit/537.36 (KHTML, like Gecko) Chrome/40.0.2214.85 Safari/537.36\";',NULL,'2020-10-03 07:08:28','2020-10-09 19:49:59'),('138.97.145.164',NULL,NULL,1,1,NULL,'s:110:\"Mozilla/5.0 (Windows NT 10.0; WOW64) AppleWebKit/537.36 (KHTML, like Gecko) Chrome/51.0.2704.103 Safari/537.36\";',NULL,'2020-10-02 03:16:30','2020-10-02 03:16:30'),('139.162.106.181',NULL,NULL,2,2,NULL,'s:49:\"HTTP Banner Detection (https://security.ipip.net)\";',NULL,'2020-10-03 11:40:03','2020-10-05 18:13:58'),('139.162.113.204',NULL,NULL,1,1,NULL,'s:49:\"HTTP Banner Detection (https://security.ipip.net)\";',NULL,'2020-10-04 21:32:08','2020-10-04 21:32:08'),('139.162.116.133',NULL,NULL,2,2,NULL,'s:49:\"HTTP Banner Detection (https://security.ipip.net)\";',NULL,'2020-10-02 15:32:33','2020-10-10 16:35:22'),('139.162.119.197',NULL,NULL,1,1,NULL,'s:49:\"HTTP Banner Detection (https://security.ipip.net)\";',NULL,'2020-10-07 11:43:57','2020-10-07 11:43:57'),('139.162.191.76',NULL,NULL,1,1,NULL,'N;',NULL,'2020-10-10 14:10:55','2020-10-10 14:10:55'),('139.59.236.187',NULL,NULL,1,1,NULL,'N;',NULL,'2020-10-05 16:03:12','2020-10-05 16:03:12'),('141.8.142.92',NULL,NULL,1,2,NULL,'s:64:\"Mozilla/5.0 (compatible; YandexBot/3.0; +http://yandex.com/bots)\";',NULL,'2020-10-07 19:27:38','2020-10-07 19:27:38'),('144.76.137.254',NULL,NULL,1,152,NULL,'s:61:\"Mozilla/5.0 (compatible; MJ12bot/v1.4.8; http://mj12bot.com/)\";',NULL,'2020-10-02 11:29:27','2020-10-02 11:34:28'),('144.76.60.198',NULL,NULL,1,48,NULL,'s:61:\"Mozilla/5.0 (compatible; MJ12bot/v1.4.8; http://mj12bot.com/)\";',NULL,'2020-10-02 19:19:04','2020-10-02 19:21:08'),('144.91.117.206',NULL,NULL,1,2,NULL,'s:14:\"Java/1.8.0_131\";',NULL,'2020-10-04 16:22:41','2020-10-04 16:22:41'),('150.117.193.22',NULL,NULL,1,1,NULL,'s:11:\"Mozilla/5.0\";',NULL,'2020-10-09 20:31:51','2020-10-09 20:31:51'),('151.106.12.249',NULL,NULL,1,1,NULL,'s:114:\"Mozilla/5.0 (Windows NT 6.1) AppleWebKit/537.36 (KHTML, like Gecko) Chrome/68.0.3440.106 Safari/537.36 Kinza/4.9.1\";',NULL,'2020-10-10 08:29:25','2020-10-10 08:29:25'),('151.106.8.110',NULL,NULL,1,1,NULL,'s:114:\"Mozilla/5.0 (Windows NT 10.0; Win64; x64) AppleWebKit/537.36 (KHTML, like Gecko) Chrome/68.0.3440.75 Safari/537.36\";',NULL,'2020-10-09 22:13:59','2020-10-09 22:13:59'),('156.96.128.142',NULL,NULL,3,4,NULL,'s:16:\"libwww-perl/6.49\";',NULL,'2020-10-05 15:01:25','2020-10-10 18:36:00'),('156.96.156.138',NULL,NULL,1,2,NULL,'s:16:\"libwww-perl/6.46\";',NULL,'2020-10-10 03:03:55','2020-10-10 03:03:55'),('157.230.143.29',NULL,NULL,1,1,NULL,'s:82:\"Mozilla/5.0 (Macintosh; Intel Mac OS X 10.13; rv:61.0) Gecko/20100101 Firefox/72.0\";',NULL,'2020-10-03 06:25:30','2020-10-03 06:25:30'),('157.55.39.104',NULL,NULL,1,1,NULL,'s:71:\"Mozilla/5.0 (compatible; bingbot/2.0; +http://www.bing.com/bingbot.htm)\";',NULL,'2020-10-07 21:28:19','2020-10-07 21:28:19'),('158.69.243.108',NULL,NULL,1,1,NULL,'s:61:\"Mozilla/5.0 (compatible; MJ12bot/v1.4.8; http://mj12bot.com/)\";',NULL,'2020-10-06 05:10:50','2020-10-06 05:10:50'),('161.35.99.67',NULL,NULL,1,2,NULL,'s:30:\"Screaming Frog SEO Spider/10.4\";',NULL,'2020-10-06 19:25:49','2020-10-06 19:50:00'),('161.8.18.218',NULL,NULL,1,1,NULL,'s:67:\"Mozilla/5.0 (Windows NT 5.1; rv:9.0.1) Gecko/20100101 Firefox/9.0.1\";',NULL,'2020-10-05 02:40:47','2020-10-05 02:40:47'),('161.97.78.101',NULL,NULL,1,2,NULL,'s:21:\"Mozilla/5.0 zgrab/0.x\";',NULL,'2020-10-03 13:03:05','2020-10-03 13:03:32'),('162.142.125.33',NULL,NULL,1,2,NULL,'N;',NULL,'2020-10-08 21:29:25','2020-10-08 21:29:25'),('162.142.125.34',NULL,NULL,1,2,NULL,'N;',NULL,'2020-10-02 00:19:32','2020-10-02 00:19:33'),('162.142.125.35',NULL,NULL,2,4,NULL,'N;',NULL,'2020-10-07 03:37:35','2020-10-08 06:31:24'),('162.142.125.49',NULL,NULL,3,8,NULL,'N;',NULL,'2020-10-02 07:53:32','2020-10-10 18:57:09'),('162.142.125.52',NULL,NULL,3,6,NULL,'N;',NULL,'2020-10-04 00:13:53','2020-10-06 19:04:05'),('163.172.66.130',NULL,NULL,4,4,NULL,'s:77:\"Mozilla/5.0 (Windows NT 6.1; Win64; x64; rv:77.0) Gecko/20100101 Firefox/77.0\";',NULL,'2020-10-03 06:05:14','2020-10-08 06:13:53'),('164.52.24.162',NULL,NULL,1,1,NULL,'s:78:\"Mozilla/5.0 (Windows NT 10.0; Win64; x64; rv:79.0) Gecko/20100101 Firefox/79.0\";',NULL,'2020-10-02 07:04:48','2020-10-02 07:04:48'),('164.68.112.178',NULL,NULL,1,1,NULL,'s:58:\"masscan/1.0 (https://github.com/robertdavidgraham/masscan)\";',NULL,'2020-10-05 00:12:03','2020-10-05 00:12:03'),('167.248.133.34',NULL,NULL,1,2,NULL,'N;',NULL,'2020-10-01 23:39:57','2020-10-01 23:39:57'),('167.248.133.35',NULL,NULL,1,2,NULL,'N;',NULL,'2020-10-04 23:53:06','2020-10-04 23:53:06'),('167.248.133.36',NULL,NULL,3,8,NULL,'N;',NULL,'2020-10-05 09:50:10','2020-10-09 12:56:59'),('167.248.133.50',NULL,NULL,1,2,NULL,'N;',NULL,'2020-10-04 03:31:56','2020-10-04 03:31:57'),('167.248.133.51',NULL,NULL,2,4,NULL,'N;',NULL,'2020-10-01 22:19:43','2020-10-10 08:33:26'),('167.248.133.52',NULL,NULL,1,2,NULL,'N;',NULL,'2020-10-05 08:20:52','2020-10-05 08:20:52'),('167.249.76.8',NULL,NULL,1,1,NULL,'s:109:\"Mozilla/5.0 (Windows NT 6.1; WOW64) AppleWebKit/537.36 (KHTML, like Gecko) Chrome/51.0.2704.103 Safari/537.36\";',NULL,'2020-10-08 03:15:48','2020-10-08 03:15:48'),('167.71.106.33',NULL,NULL,1,1,NULL,'s:69:\"Mozilla/5.0 (compatible; NetcraftSurveyAgent/1.0; +info@netcraft.com)\";',NULL,'2020-10-06 02:43:16','2020-10-06 02:43:16'),('167.71.98.29',NULL,NULL,1,1,NULL,'s:69:\"Mozilla/5.0 (compatible; NetcraftSurveyAgent/1.0; +info@netcraft.com)\";',NULL,'2020-10-07 15:43:51','2020-10-07 15:43:51'),('168.232.13.130',NULL,NULL,1,1,NULL,'s:109:\"Mozilla/5.0 (Windows NT 6.1; WOW64) AppleWebKit/537.36 (KHTML, like Gecko) Chrome/51.0.2704.103 Safari/537.36\";',NULL,'2020-10-05 17:21:10','2020-10-05 17:21:10'),('168.232.15.77',NULL,NULL,1,1,NULL,'s:109:\"Mozilla/5.0 (Windows NT 6.1; WOW64) AppleWebKit/537.36 (KHTML, like Gecko) Chrome/51.0.2704.103 Safari/537.36\";',NULL,'2020-10-04 01:03:19','2020-10-04 01:03:19'),('172.104.108.109',NULL,NULL,4,4,NULL,'s:11:\"Mozilla/5.0\";',NULL,'2020-10-02 15:38:12','2020-10-08 10:52:39'),('173.212.225.214',NULL,NULL,1,2,NULL,'s:16:\"libwww-perl/6.47\";',NULL,'2020-10-04 03:56:45','2020-10-04 04:28:49'),('173.252.107.18',NULL,NULL,1,2,NULL,'s:73:\"facebookexternalhit/1.1 (+http://www.facebook.com/externalhit_uatext.php)\";',NULL,'2020-10-03 14:40:48','2020-10-03 14:40:49'),('173.252.107.7',NULL,NULL,1,1,NULL,'s:73:\"facebookexternalhit/1.1 (+http://www.facebook.com/externalhit_uatext.php)\";',NULL,'2020-10-05 21:02:19','2020-10-05 21:02:19'),('173.252.127.7',NULL,NULL,1,1,NULL,'s:73:\"facebookexternalhit/1.1 (+http://www.facebook.com/externalhit_uatext.php)\";',NULL,'2020-10-05 01:52:01','2020-10-05 01:52:01'),('173.252.83.112',NULL,NULL,1,1,NULL,'s:73:\"facebookexternalhit/1.1 (+http://www.facebook.com/externalhit_uatext.php)\";',NULL,'2020-10-05 21:04:30','2020-10-05 21:04:30'),('173.252.83.21',NULL,NULL,1,1,NULL,'s:73:\"facebookexternalhit/1.1 (+http://www.facebook.com/externalhit_uatext.php)\";',NULL,'2020-10-10 17:59:44','2020-10-10 17:59:44'),('173.252.83.3',NULL,NULL,1,1,NULL,'s:73:\"facebookexternalhit/1.1 (+http://www.facebook.com/externalhit_uatext.php)\";',NULL,'2020-10-05 21:04:31','2020-10-05 21:04:31'),('173.252.83.4',NULL,NULL,1,1,NULL,'s:73:\"facebookexternalhit/1.1 (+http://www.facebook.com/externalhit_uatext.php)\";',NULL,'2020-10-10 17:59:21','2020-10-10 17:59:21'),('173.252.95.13',NULL,NULL,1,1,NULL,'s:73:\"facebookexternalhit/1.1 (+http://www.facebook.com/externalhit_uatext.php)\";',NULL,'2020-10-05 21:12:15','2020-10-05 21:12:15'),('173.252.95.17',NULL,NULL,1,1,NULL,'s:73:\"facebookexternalhit/1.1 (+http://www.facebook.com/externalhit_uatext.php)\";',NULL,'2020-10-05 21:12:14','2020-10-05 21:12:14'),('173.255.246.21',NULL,NULL,1,1,NULL,'s:126:\"Mozilla/5.0 (Windows NT 6.1; Win64; x64) AppleWebKit/537.36 (KHTML, like Gecko) Chrome/46.0.2486.0 Safari/537.36 Edge/13.10586\";',NULL,'2020-10-06 14:12:41','2020-10-06 14:12:41'),('175.106.14.150',NULL,NULL,1,1,NULL,'s:110:\"Mozilla/5.0 (Windows NT 10.0; WOW64) AppleWebKit/537.36 (KHTML, like Gecko) Chrome/51.0.2704.103 Safari/537.36\";',NULL,'2020-10-02 18:48:29','2020-10-02 18:48:29'),('176.10.99.200',NULL,NULL,1,1,NULL,'s:18:\"Go-http-client/1.1\";',NULL,'2020-10-05 11:46:09','2020-10-05 11:46:09'),('176.106.29.149',NULL,NULL,1,1,NULL,'s:116:\"Mozilla/5.0 (Macintosh; Intel Mac OS X 10_11_6) AppleWebKit/601.7.7 (KHTML, like Gecko) Version/9.1.2 Safari/601.7.7\";',NULL,'2020-10-03 13:22:58','2020-10-03 13:22:58'),('176.113.115.214',NULL,NULL,5,25,NULL,'s:115:\"Mozilla/5.0 (Windows NT 10.0; Win64; x64) AppleWebKit/537.36 (KHTML, like Gecko) Chrome/78.0.3904.108 Safari/537.36\";',NULL,'2020-10-03 10:18:06','2020-10-07 15:30:43'),('176.31.123.203',NULL,NULL,1,1,NULL,'s:11:\"curl/7.68.0\";',NULL,'2020-10-02 21:36:41','2020-10-02 21:36:41'),('177.102.163.232',NULL,NULL,1,1,NULL,'s:109:\"Mozilla/5.0 (Windows NT 6.1; WOW64) AppleWebKit/537.36 (KHTML, like Gecko) Chrome/51.0.2704.103 Safari/537.36\";',NULL,'2020-10-11 02:52:16','2020-10-11 02:52:16'),('177.188.63.19',NULL,NULL,1,1,NULL,'s:110:\"Mozilla/5.0 (Windows NT 10.0; WOW64) AppleWebKit/537.36 (KHTML, like Gecko) Chrome/52.0.2743.116 Safari/537.36\";',NULL,'2020-10-06 03:53:37','2020-10-06 03:53:37'),('177.72.88.138',NULL,NULL,1,1,NULL,'s:116:\"Mozilla/5.0 (Macintosh; Intel Mac OS X 10_11_6) AppleWebKit/601.7.7 (KHTML, like Gecko) Version/9.1.2 Safari/601.7.7\";',NULL,'2020-10-03 23:31:13','2020-10-03 23:31:13'),('178.128.194.144',NULL,NULL,2,2,NULL,'s:82:\"Mozilla/5.0 (Macintosh; Intel Mac OS X 10.13; rv:61.0) Gecko/20100101 Firefox/72.0\";',NULL,'2020-10-08 02:56:09','2020-10-11 04:51:43'),('178.154.200.13',NULL,NULL,2,2,NULL,'s:64:\"Mozilla/5.0 (compatible; YandexBot/3.0; +http://yandex.com/bots)\";',NULL,'2020-10-03 18:06:20','2020-10-07 19:27:35'),('178.154.200.50',NULL,NULL,1,1,NULL,'s:124:\"Mozilla/5.0 (compatible; YandexBot/3.0; +http://yandex.com/bots) AppleWebKit/537.36 (KHTML, like Gecko) Chrome/51.0.2704.106\";',NULL,'2020-10-05 19:33:50','2020-10-05 19:33:50'),('178.154.200.63',NULL,NULL,3,4,NULL,'s:64:\"Mozilla/5.0 (compatible; YandexBot/3.0; +http://yandex.com/bots)\";',NULL,'2020-10-03 18:06:12','2020-10-08 00:05:36'),('178.154.200.79',NULL,NULL,1,1,NULL,'s:64:\"Mozilla/5.0 (compatible; YandexBot/3.0; +http://yandex.com/bots)\";',NULL,'2020-10-09 07:44:30','2020-10-09 07:44:30'),('178.154.200.8',NULL,NULL,1,1,NULL,'s:64:\"Mozilla/5.0 (compatible; YandexBot/3.0; +http://yandex.com/bots)\";',NULL,'2020-10-09 07:44:26','2020-10-09 07:44:26'),('178.154.200.89',NULL,NULL,4,4,NULL,'s:64:\"Mozilla/5.0 (compatible; YandexBot/3.0; +http://yandex.com/bots)\";',NULL,'2020-10-05 06:58:16','2020-10-08 00:05:29'),('178.73.215.171',NULL,NULL,1,1,NULL,'N;',NULL,'2020-10-06 11:43:03','2020-10-06 11:43:03'),('178.79.169.92',NULL,NULL,1,1,NULL,'N;',NULL,'2020-10-10 14:11:11','2020-10-10 14:11:11'),('178.93.11.167',NULL,NULL,1,1,NULL,'s:109:\"Mozilla/5.0 (Windows NT 6.1; WOW64) AppleWebKit/537.36 (KHTML, like Gecko) Chrome/51.0.2704.103 Safari/537.36\";',NULL,'2020-10-02 04:22:17','2020-10-02 04:22:17'),('178.93.55.40',NULL,NULL,1,1,NULL,'s:110:\"Mozilla/5.0 (Windows NT 10.0; WOW64) AppleWebKit/537.36 (KHTML, like Gecko) Chrome/51.0.2704.103 Safari/537.36\";',NULL,'2020-10-07 03:11:19','2020-10-07 03:11:19'),('179.99.145.62',NULL,NULL,1,1,NULL,'s:110:\"Mozilla/5.0 (Windows NT 10.0; WOW64) AppleWebKit/537.36 (KHTML, like Gecko) Chrome/52.0.2743.116 Safari/537.36\";',NULL,'2020-10-03 00:00:44','2020-10-03 00:00:44'),('181.209.100.116',NULL,NULL,1,1,NULL,'s:109:\"Mozilla/5.0 (Windows NT 6.1; WOW64) AppleWebKit/537.36 (KHTML, like Gecko) Chrome/52.0.2743.116 Safari/537.36\";',NULL,'2020-10-09 04:41:59','2020-10-09 04:41:59'),('181.214.107.40',NULL,NULL,1,2,NULL,'s:78:\"Mozilla/5.0 (Windows NT 10.0; Win64; x64; rv:50.0) Gecko/20100101 Firefox/50.0\";',NULL,'2020-10-09 07:53:59','2020-10-09 07:53:59'),('181.81.247.98',NULL,NULL,1,1,NULL,'s:109:\"Mozilla/5.0 (Windows NT 6.1; WOW64) AppleWebKit/537.36 (KHTML, like Gecko) Chrome/52.0.2743.116 Safari/537.36\";',NULL,'2020-10-05 07:26:15','2020-10-05 07:26:15'),('182.163.103.83',NULL,NULL,1,1,NULL,'s:110:\"Mozilla/5.0 (Windows NT 10.0; WOW64) AppleWebKit/537.36 (KHTML, like Gecko) Chrome/51.0.2704.103 Safari/537.36\";',NULL,'2020-10-07 12:35:39','2020-10-07 12:35:39'),('184.105.247.196',NULL,NULL,1,1,NULL,'N;',NULL,'2020-10-05 00:41:04','2020-10-05 00:41:04'),('184.154.189.90',NULL,NULL,1,1,NULL,'s:110:\"Mozilla/5.0 (Windows NT 10.0; WOW64) AppleWebKit/537.36 (KHTML, like Gecko) Chrome/66.0.3359.117 Safari/537.36\";',NULL,'2020-10-09 18:08:20','2020-10-09 18:08:20'),('185.132.53.161',NULL,NULL,1,2,NULL,'s:76:\"Mozilla/5.0 (X11; Ubuntu; Linux x86_64; rv:76.0) Gecko/20100101 Firefox/76.0\";',NULL,'2020-10-10 00:56:17','2020-10-10 10:57:16'),('185.188.183.187',NULL,NULL,1,1,NULL,'N;',NULL,'2020-10-09 14:48:35','2020-10-09 14:48:35'),('185.189.12.219',NULL,NULL,1,1,NULL,'N;',NULL,'2020-10-02 13:03:35','2020-10-02 13:03:35'),('185.191.171.16',NULL,NULL,1,1,NULL,'s:75:\"Mozilla/5.0 (compatible; SemrushBot/6~bl; +http://www.semrush.com/bot.html)\";',NULL,'2020-10-04 01:49:22','2020-10-04 01:49:22'),('185.191.171.18',NULL,NULL,1,1,NULL,'s:75:\"Mozilla/5.0 (compatible; SemrushBot/6~bl; +http://www.semrush.com/bot.html)\";',NULL,'2020-10-09 22:40:12','2020-10-09 22:40:12'),('185.191.171.19',NULL,NULL,1,1,NULL,'s:75:\"Mozilla/5.0 (compatible; SemrushBot/6~bl; +http://www.semrush.com/bot.html)\";',NULL,'2020-10-06 19:08:45','2020-10-06 19:08:45'),('185.191.171.26',NULL,NULL,1,1,NULL,'s:75:\"Mozilla/5.0 (compatible; SemrushBot/6~bl; +http://www.semrush.com/bot.html)\";',NULL,'2020-10-05 04:06:53','2020-10-05 04:06:53'),('185.191.171.36',NULL,NULL,1,1,NULL,'s:75:\"Mozilla/5.0 (compatible; SemrushBot/6~bl; +http://www.semrush.com/bot.html)\";',NULL,'2020-10-07 01:46:37','2020-10-07 01:46:37'),('185.191.171.37',NULL,NULL,1,1,NULL,'s:75:\"Mozilla/5.0 (compatible; SemrushBot/6~bl; +http://www.semrush.com/bot.html)\";',NULL,'2020-10-04 14:54:16','2020-10-04 14:54:16'),('185.39.11.105',NULL,NULL,3,3,NULL,'s:76:\"Mozilla/5.0 (X11; Ubuntu; Linux x86_64; rv:76.0) Gecko/20100101 Firefox/76.0\";',NULL,'2020-10-02 03:07:54','2020-10-04 09:36:40'),('185.54.253.239',NULL,NULL,1,1,NULL,'s:109:\"Mozilla/5.0 (Windows NT 6.1; WOW64) AppleWebKit/537.36 (KHTML, like Gecko) Chrome/51.0.2704.103 Safari/537.36\";',NULL,'2020-10-05 01:40:18','2020-10-05 01:40:18'),('186.0.171.89',NULL,NULL,1,1,NULL,'N;',NULL,'2020-10-10 19:56:04','2020-10-10 19:56:04'),('186.18.241.237',NULL,NULL,1,1,NULL,'N;',NULL,'2020-10-03 12:37:12','2020-10-03 12:37:12'),('186.225.189.129',NULL,NULL,1,1,NULL,'s:109:\"Mozilla/5.0 (Windows NT 6.1; WOW64) AppleWebKit/537.36 (KHTML, like Gecko) Chrome/52.0.2743.116 Safari/537.36\";',NULL,'2020-10-07 17:09:24','2020-10-07 17:09:24'),('187.133.124.72',NULL,NULL,1,1,NULL,'s:110:\"Mozilla/5.0 (Windows NT 10.0; WOW64) AppleWebKit/537.36 (KHTML, like Gecko) Chrome/52.0.2743.116 Safari/537.36\";',NULL,'2020-10-06 20:04:18','2020-10-06 20:04:18'),('187.45.113.26',NULL,NULL,1,1,NULL,'s:116:\"Mozilla/5.0 (Macintosh; Intel Mac OS X 10_11_6) AppleWebKit/601.7.7 (KHTML, like Gecko) Version/9.1.2 Safari/601.7.7\";',NULL,'2020-10-07 04:42:26','2020-10-07 04:42:26'),('188.123.126.172',NULL,NULL,1,4,NULL,'s:131:\"Mozilla/5.0 (Windows NT 6.1; Win64; x64) AppleWebKit/537.36 (KHTML, like Gecko) Chrome/66.0.3359.170 Safari/537.36 OPR/53.0.2907.68\";',NULL,'2020-10-02 19:37:56','2020-10-02 19:37:59'),('188.166.222.99',NULL,NULL,1,2,NULL,'s:21:\"Mozilla/5.0 zgrab/0.x\";',NULL,'2020-10-06 03:49:32','2020-10-06 03:52:12'),('188.167.117.79',NULL,NULL,1,1,NULL,'N;',NULL,'2020-10-06 06:47:17','2020-10-06 06:47:17'),('188.173.233.97',NULL,NULL,1,1,NULL,'s:109:\"Mozilla/5.0 (Windows NT 6.1; WOW64) AppleWebKit/537.36 (KHTML, like Gecko) Chrome/52.0.2743.116 Safari/537.36\";',NULL,'2020-10-04 07:09:51','2020-10-04 07:09:51'),('190.210.251.120',NULL,NULL,1,1,NULL,'N;',NULL,'2020-10-06 08:49:32','2020-10-06 08:49:32'),('190.217.14.170',NULL,NULL,1,1,NULL,'s:110:\"Mozilla/5.0 (Windows NT 10.0; WOW64) AppleWebKit/537.36 (KHTML, like Gecko) Chrome/52.0.2743.116 Safari/537.36\";',NULL,'2020-10-01 21:06:52','2020-10-01 21:06:52'),('190.226.187.18',NULL,NULL,1,1,NULL,'s:109:\"Mozilla/5.0 (Windows NT 6.1; WOW64) AppleWebKit/537.36 (KHTML, like Gecko) Chrome/52.0.2743.116 Safari/537.36\";',NULL,'2020-10-08 17:00:29','2020-10-08 17:00:29'),('190.244.55.53',NULL,NULL,1,1,NULL,'N;',NULL,'2020-10-09 20:30:15','2020-10-09 20:30:15'),('190.94.139.48',NULL,NULL,1,1,NULL,'s:110:\"Mozilla/5.0 (Windows NT 10.0; WOW64) AppleWebKit/537.36 (KHTML, like Gecko) Chrome/51.0.2704.103 Safari/537.36\";',NULL,'2020-10-04 04:36:39','2020-10-04 04:36:39'),('191.205.51.192',NULL,NULL,1,1,NULL,'s:109:\"Mozilla/5.0 (Windows NT 6.1; WOW64) AppleWebKit/537.36 (KHTML, like Gecko) Chrome/52.0.2743.116 Safari/537.36\";',NULL,'2020-10-07 09:40:23','2020-10-07 09:40:23'),('191.7.72.108',NULL,NULL,1,1,NULL,'s:110:\"Mozilla/5.0 (Windows NT 10.0; WOW64) AppleWebKit/537.36 (KHTML, like Gecko) Chrome/51.0.2704.103 Safari/537.36\";',NULL,'2020-10-04 19:16:22','2020-10-04 19:16:22'),('191.97.32.252',NULL,NULL,1,1,NULL,'s:116:\"Mozilla/5.0 (Macintosh; Intel Mac OS X 10_11_6) AppleWebKit/601.7.7 (KHTML, like Gecko) Version/9.1.2 Safari/601.7.7\";',NULL,'2020-10-08 17:54:59','2020-10-08 17:54:59'),('192.227.223.108',NULL,NULL,1,1,NULL,'s:53:\"Pandalytics/1.0 (https://domainsbot.com/pandalytics/)\";',NULL,'2020-10-04 03:11:06','2020-10-04 03:11:06'),('192.241.150.153',NULL,NULL,1,1,NULL,'s:120:\"Mozilla/5.0 (Macintosh; Intel Mac OS X 10_15_2) AppleWebKit/537.36 (KHTML, like Gecko) Chrome/79.0.3945.88 Safari/537.36\";',NULL,'2020-10-07 00:26:23','2020-10-07 00:26:23'),('192.241.207.116',NULL,NULL,1,1,NULL,'s:21:\"Mozilla/5.0 zgrab/0.x\";',NULL,'2020-10-07 16:25:23','2020-10-07 16:25:23'),('192.241.229.204',NULL,NULL,1,1,NULL,'s:21:\"Mozilla/5.0 zgrab/0.x\";',NULL,'2020-10-10 11:59:04','2020-10-10 11:59:04'),('192.241.231.213',NULL,NULL,1,1,NULL,'s:21:\"Mozilla/5.0 zgrab/0.x\";',NULL,'2020-10-04 03:09:33','2020-10-04 03:09:33'),('192.241.233.121',NULL,NULL,1,1,NULL,'s:21:\"Mozilla/5.0 zgrab/0.x\";',NULL,'2020-10-03 20:40:59','2020-10-03 20:40:59'),('192.241.233.83',NULL,NULL,1,1,NULL,'s:21:\"Mozilla/5.0 zgrab/0.x\";',NULL,'2020-10-04 05:47:44','2020-10-04 05:47:44'),('192.241.235.74',NULL,NULL,1,1,NULL,'s:21:\"Mozilla/5.0 zgrab/0.x\";',NULL,'2020-10-02 19:17:38','2020-10-02 19:17:38'),('192.241.235.76',NULL,NULL,1,1,NULL,'s:21:\"Mozilla/5.0 zgrab/0.x\";',NULL,'2020-10-05 23:14:38','2020-10-05 23:14:38'),('192.241.237.158',NULL,NULL,2,2,NULL,'s:21:\"Mozilla/5.0 zgrab/0.x\";',NULL,'2020-10-09 19:28:38','2020-10-10 09:41:26'),('192.241.237.220',NULL,NULL,1,1,NULL,'s:21:\"Mozilla/5.0 zgrab/0.x\";',NULL,'2020-10-07 13:00:18','2020-10-07 13:00:18'),('192.241.237.229',NULL,NULL,1,1,NULL,'s:21:\"Mozilla/5.0 zgrab/0.x\";',NULL,'2020-10-06 04:37:26','2020-10-06 04:37:26'),('192.35.168.160',NULL,NULL,1,1,NULL,'s:21:\"Mozilla/5.0 zgrab/0.x\";',NULL,'2020-10-05 17:49:40','2020-10-05 17:49:40'),('192.35.168.219',NULL,NULL,1,2,NULL,'N;',NULL,'2020-10-03 04:35:07','2020-10-03 04:35:08'),('192.35.168.220',NULL,NULL,1,2,NULL,'N;',NULL,'2020-10-02 18:35:51','2020-10-02 18:35:51'),('192.35.168.251',NULL,NULL,2,6,NULL,'N;',NULL,'2020-10-03 11:56:25','2020-10-05 19:09:45'),('192.35.168.96',NULL,NULL,1,1,NULL,'s:21:\"Mozilla/5.0 zgrab/0.x\";',NULL,'2020-10-06 03:16:19','2020-10-06 03:16:19'),('192.36.71.133',NULL,NULL,1,1,NULL,'s:18:\"Go-http-client/1.1\";',NULL,'2020-10-07 08:24:08','2020-10-07 08:24:08'),('192.99.15.33',NULL,NULL,2,4,NULL,'s:61:\"Mozilla/5.0 (compatible; MJ12bot/v1.4.8; http://mj12bot.com/)\";',NULL,'2020-10-03 00:56:07','2020-10-08 14:19:56'),('192.99.5.48',NULL,NULL,1,2,NULL,'s:61:\"Mozilla/5.0 (compatible; MJ12bot/v1.4.8; http://mj12bot.com/)\";',NULL,'2020-10-08 14:19:14','2020-10-08 14:19:36'),('193.118.53.194',NULL,NULL,4,6,NULL,'s:115:\"Mozilla/5.0 (Windows NT 10.0; Win64; x64) AppleWebKit/537.36 (KHTML, like Gecko) Chrome/60.0.3112.113 Safari/537.36\";',NULL,'2020-10-05 08:38:26','2020-10-09 19:23:07'),('193.118.53.202',NULL,NULL,1,1,NULL,'s:115:\"Mozilla/5.0 (Windows NT 10.0; Win64; x64) AppleWebKit/537.36 (KHTML, like Gecko) Chrome/60.0.3112.113 Safari/537.36\";',NULL,'2020-10-02 14:58:16','2020-10-02 14:58:16'),('193.118.53.210',NULL,NULL,2,2,NULL,'s:115:\"Mozilla/5.0 (Windows NT 10.0; Win64; x64) AppleWebKit/537.36 (KHTML, like Gecko) Chrome/60.0.3112.113 Safari/537.36\";',NULL,'2020-10-02 03:13:21','2020-10-09 03:57:57'),('193.27.228.27',NULL,NULL,3,17,NULL,'s:115:\"Mozilla/5.0 (Windows NT 10.0; Win64; x64) AppleWebKit/537.36 (KHTML, like Gecko) Chrome/78.0.3904.108 Safari/537.36\";',NULL,'2020-10-08 09:30:18','2020-10-10 18:19:58'),('195.162.70.137',NULL,NULL,1,1,NULL,'s:110:\"Mozilla/5.0 (Windows NT 10.0; WOW64) AppleWebKit/537.36 (KHTML, like Gecko) Chrome/52.0.2743.116 Safari/537.36\";',NULL,'2020-10-02 19:04:29','2020-10-02 19:04:29'),('195.205.161.95',NULL,NULL,1,1,NULL,'s:110:\"Mozilla/5.0 (Windows NT 10.0; WOW64) AppleWebKit/537.36 (KHTML, like Gecko) Chrome/51.0.2704.103 Safari/537.36\";',NULL,'2020-10-05 08:40:18','2020-10-05 08:40:18'),('195.243.102.188',NULL,NULL,1,1,NULL,'s:21:\"Mozilla/5.0 zgrab/0.x\";',NULL,'2020-10-01 21:35:43','2020-10-01 21:35:43'),('197.246.207.217',NULL,NULL,1,1,NULL,'s:116:\"Mozilla/5.0 (Macintosh; Intel Mac OS X 10_11_6) AppleWebKit/601.7.7 (KHTML, like Gecko) Version/9.1.2 Safari/601.7.7\";',NULL,'2020-10-03 13:35:34','2020-10-03 13:35:34'),('197.254.91.98',NULL,NULL,1,1,NULL,'s:109:\"Mozilla/5.0 (Windows NT 6.1; WOW64) AppleWebKit/537.36 (KHTML, like Gecko) Chrome/52.0.2743.116 Safari/537.36\";',NULL,'2020-10-10 05:31:01','2020-10-10 05:31:01'),('198.143.155.138',NULL,NULL,1,1,NULL,'s:110:\"Mozilla/5.0 (Windows NT 10.0; WOW64) AppleWebKit/537.36 (KHTML, like Gecko) Chrome/66.0.3359.117 Safari/537.36\";',NULL,'2020-10-02 03:16:28','2020-10-02 03:16:28'),('199.187.211.106',NULL,NULL,1,6,NULL,'s:114:\"Mozilla/5.0 (Windows NT 10.0; Win64; x64) AppleWebKit/537.36 (KHTML, like Gecko) Chrome/67.0.3396.87 Safari/537.36\";',NULL,'2020-10-03 02:57:22','2020-10-03 02:57:27'),('199.244.88.132',NULL,NULL,1,1,NULL,'s:119:\"Mozilla/5.0 (Macintosh; Intel Mac OS X 10_9_3) AppleWebKit/537.36 (KHTML, like Gecko) Chrome/35.0.1916.47 Safari/537.36\";',NULL,'2020-10-06 20:37:46','2020-10-06 20:37:46'),('2.183.99.222',NULL,NULL,1,1,NULL,'s:109:\"Mozilla/5.0 (Windows NT 6.1; WOW64) AppleWebKit/537.36 (KHTML, like Gecko) Chrome/52.0.2743.116 Safari/537.36\";',NULL,'2020-10-02 02:28:58','2020-10-02 02:28:58'),('2.47.8.126',NULL,NULL,1,1,NULL,'s:58:\"masscan/1.0 (https://github.com/robertdavidgraham/masscan)\";',NULL,'2020-10-04 00:51:10','2020-10-04 00:51:10'),('2.57.122.26',NULL,NULL,1,1,NULL,'s:127:\"Mozilla/5.0 (Windows NT 10.0; Win64; x64) AppleWebKit/537.36 (KHTML, like Gecko) Chrome/42.0.2311.135 Safari/537.36 Edge/12.246\";',NULL,'2020-10-10 05:22:20','2020-10-10 05:22:20'),('201.76.127.79',NULL,NULL,1,1,NULL,'s:110:\"Mozilla/5.0 (Windows NT 10.0; WOW64) AppleWebKit/537.36 (KHTML, like Gecko) Chrome/52.0.2743.116 Safari/537.36\";',NULL,'2020-10-07 05:13:17','2020-10-07 05:13:17'),('201.92.182.73',NULL,NULL,1,1,NULL,'s:109:\"Mozilla/5.0 (Windows NT 6.1; WOW64) AppleWebKit/537.36 (KHTML, like Gecko) Chrome/51.0.2704.103 Safari/537.36\";',NULL,'2020-10-04 07:55:31','2020-10-04 07:55:31'),('202.166.220.109',NULL,NULL,1,1,NULL,'s:110:\"Mozilla/5.0 (Windows NT 10.0; WOW64) AppleWebKit/537.36 (KHTML, like Gecko) Chrome/52.0.2743.116 Safari/537.36\";',NULL,'2020-10-05 01:21:00','2020-10-05 01:21:00'),('202.21.101.122',NULL,NULL,1,1,NULL,'s:116:\"Mozilla/5.0 (Macintosh; Intel Mac OS X 10_11_6) AppleWebKit/601.7.7 (KHTML, like Gecko) Version/9.1.2 Safari/601.7.7\";',NULL,'2020-10-06 11:48:22','2020-10-06 11:48:22'),('202.5.46.135',NULL,NULL,1,1,NULL,'s:109:\"Mozilla/5.0 (Windows NT 6.1; WOW64) AppleWebKit/537.36 (KHTML, like Gecko) Chrome/52.0.2743.116 Safari/537.36\";',NULL,'2020-10-06 17:48:47','2020-10-06 17:48:47'),('204.12.197.234',NULL,NULL,1,55,NULL,'s:61:\"Mozilla/5.0 (compatible; MJ12bot/v1.4.8; http://mj12bot.com/)\";',NULL,'2020-10-02 00:56:08','2020-10-02 00:58:06'),('206.189.181.96',NULL,NULL,1,2,NULL,'s:17:\"Python-urllib/2.7\";',NULL,'2020-10-02 21:43:13','2020-10-02 21:43:14'),('207.46.13.243',NULL,NULL,1,1,NULL,'s:71:\"Mozilla/5.0 (compatible; bingbot/2.0; +http://www.bing.com/bingbot.htm)\";',NULL,'2020-10-10 20:09:16','2020-10-10 20:09:16'),('208.100.26.231',NULL,NULL,1,5,NULL,'N;',NULL,'2020-10-08 19:39:56','2020-10-08 19:41:57'),('209.126.3.185',NULL,NULL,1,2,NULL,'s:16:\"libwww-perl/6.49\";',NULL,'2020-10-05 20:06:39','2020-10-05 20:15:51'),('209.182.198.223',NULL,NULL,5,5,NULL,'s:21:\"python-requests/2.9.1\";',NULL,'2020-10-03 01:18:32','2020-10-11 01:19:00'),('209.97.134.32',NULL,NULL,1,1,NULL,'s:58:\"masscan/1.0 (https://github.com/robertdavidgraham/masscan)\";',NULL,'2020-10-03 18:04:06','2020-10-03 18:04:06'),('212.19.8.41',NULL,NULL,1,1,NULL,'s:109:\"Mozilla/5.0 (Windows NT 6.1; WOW64) AppleWebKit/537.36 (KHTML, like Gecko) Chrome/51.0.2704.103 Safari/537.36\";',NULL,'2020-10-05 23:03:10','2020-10-05 23:03:10'),('212.48.70.90',NULL,NULL,1,1,NULL,'s:58:\"masscan/1.0 (https://github.com/robertdavidgraham/masscan)\";',NULL,'2020-10-03 21:45:16','2020-10-03 21:45:16'),('212.83.141.42',NULL,NULL,1,1,NULL,'s:76:\"Mozilla/5.0 (X11; Ubuntu; Linux x86_64; rv:77.0) Gecko/20100101 Firefox/77.0\";',NULL,'2020-10-03 21:15:27','2020-10-03 21:15:27'),('213.165.181.232',NULL,NULL,1,1,NULL,'N;',NULL,'2020-10-07 08:28:52','2020-10-07 08:28:52'),('213.168.249.115',NULL,NULL,1,1,NULL,'s:113:\"Mozilla/5.0 (Windows; U; Windows NT 5.1; pl; rv:1.9; PageThing http://pagething.com) Gecko/2008052906 Firefox/3.0\";',NULL,'2020-10-09 07:59:46','2020-10-09 07:59:46'),('213.180.203.28',NULL,NULL,1,1,NULL,'s:64:\"Mozilla/5.0 (compatible; YandexBot/3.0; +http://yandex.com/bots)\";',NULL,'2020-10-07 19:27:35','2020-10-07 19:27:35'),('213.32.122.82',NULL,NULL,1,1,NULL,'s:100:\"Mozilla/5.0 (Windows NT 6.1) AppleWebKit/537.36 (KHTML, like Gecko) Chrome/41.0.2228.0 Safari/537.36\";',NULL,'2020-10-09 01:54:54','2020-10-09 01:54:54'),('213.7.245.105',NULL,NULL,1,1,NULL,'N;',NULL,'2020-10-04 01:11:02','2020-10-04 01:11:02'),('216.145.14.142',NULL,NULL,1,1,NULL,'s:82:\"Mozilla/5.0 (Macintosh; Intel Mac OS X 10.10; rv:59.0) Gecko/20100101 Firefox/59.0\";',NULL,'2020-10-06 18:53:58','2020-10-06 18:53:58'),('216.218.206.66',NULL,NULL,1,1,NULL,'N;',NULL,'2020-10-03 22:48:45','2020-10-03 22:48:45'),('216.218.206.68',NULL,NULL,1,1,NULL,'N;',NULL,'2020-10-08 02:39:25','2020-10-08 02:39:25'),('216.244.66.230',NULL,NULL,1,1,NULL,'s:90:\"Mozilla/5.0 (compatible; DotBot/1.1; http://www.opensiteexplorer.org/dotbot, help@moz.com)\";',NULL,'2020-10-09 06:38:58','2020-10-09 06:38:58'),('217.112.168.174',NULL,NULL,1,1,NULL,'s:109:\"Mozilla/5.0 (Windows NT 6.1; WOW64) AppleWebKit/537.36 (KHTML, like Gecko) Chrome/51.0.2704.103 Safari/537.36\";',NULL,'2020-10-10 13:23:08','2020-10-10 13:23:08'),('217.197.186.177',NULL,NULL,1,1,NULL,'s:78:\"Mozilla/5.0 (Windows NT 10.0; Win64; x64; rv:61.0) Gecko/20100101 Firefox/61.0\";',NULL,'2020-10-05 10:15:07','2020-10-05 10:15:07'),('217.57.74.118',NULL,NULL,1,1,NULL,'s:109:\"Mozilla/5.0 (Windows NT 6.1; WOW64) AppleWebKit/537.36 (KHTML, like Gecko) Chrome/51.0.2704.103 Safari/537.36\";',NULL,'2020-10-04 08:17:05','2020-10-04 08:17:05'),('23.95.85.74',NULL,NULL,1,1,NULL,'N;',NULL,'2020-10-05 16:02:37','2020-10-05 16:02:37'),('24.104.219.205',NULL,NULL,11,1308,NULL,'s:121:\"Mozilla/5.0 (Macintosh; Intel Mac OS X 10_15_6) AppleWebKit/537.36 (KHTML, like Gecko) Chrome/84.0.4147.105 Safari/537.36\";',NULL,'2020-10-01 20:26:33','2020-10-11 07:30:50'),('3.230.154.88',NULL,NULL,1,1,NULL,'s:77:\"Mozilla/5.0 (Windows NT 6.1; Win64; x64; rv:25.0) Gecko/20100101 Firefox/25.0\";',NULL,'2020-10-02 15:58:06','2020-10-02 15:58:06'),('3.236.248.80',NULL,NULL,1,2,NULL,'s:78:\"Mozilla/5.0 (Windows NT 10.0; Win64; x64; rv:50.0) Gecko/20100101 Firefox/50.0\";',NULL,'2020-10-04 01:38:33','2020-10-04 02:06:21'),('31.179.158.82',NULL,NULL,1,1,NULL,'s:116:\"Mozilla/5.0 (Macintosh; Intel Mac OS X 10_11_6) AppleWebKit/601.7.7 (KHTML, like Gecko) Version/9.1.2 Safari/601.7.7\";',NULL,'2020-10-05 14:05:21','2020-10-05 14:05:21'),('34.220.225.99',NULL,NULL,1,1,NULL,'N;',NULL,'2020-10-06 13:29:49','2020-10-06 13:29:49'),('34.78.211.173',NULL,NULL,1,1,NULL,'s:22:\"python-requests/2.24.0\";',NULL,'2020-10-05 17:27:57','2020-10-05 17:27:57'),('34.86.95.92',NULL,NULL,1,1,NULL,'s:115:\"Mozilla/5.0 (Windows NT 10.0; Win64; x64) AppleWebKit/537.36 (KHTML, like Gecko) Chrome/77.0.3865.120 Safari/537.36\";',NULL,'2020-10-08 20:22:17','2020-10-08 20:22:17'),('37.49.149.22',NULL,NULL,1,1,NULL,'s:116:\"Mozilla/5.0 (Macintosh; Intel Mac OS X 10_11_6) AppleWebKit/601.7.7 (KHTML, like Gecko) Version/9.1.2 Safari/601.7.7\";',NULL,'2020-10-08 06:59:51','2020-10-08 06:59:51'),('40.77.167.131',NULL,NULL,2,2,NULL,'s:71:\"Mozilla/5.0 (compatible; bingbot/2.0; +http://www.bing.com/bingbot.htm)\";',NULL,'2020-10-02 10:02:43','2020-10-09 12:16:53'),('40.77.167.181',NULL,NULL,4,5,NULL,'s:71:\"Mozilla/5.0 (compatible; bingbot/2.0; +http://www.bing.com/bingbot.htm)\";',NULL,'2020-10-03 13:42:43','2020-10-06 04:09:05'),('40.77.167.23',NULL,NULL,2,2,NULL,'s:71:\"Mozilla/5.0 (compatible; bingbot/2.0; +http://www.bing.com/bingbot.htm)\";',NULL,'2020-10-06 07:21:39','2020-10-09 03:01:52'),('40.77.167.32',NULL,NULL,2,2,NULL,'s:71:\"Mozilla/5.0 (compatible; bingbot/2.0; +http://www.bing.com/bingbot.htm)\";',NULL,'2020-10-05 08:07:14','2020-10-10 11:17:21'),('41.215.173.24',NULL,NULL,1,2,NULL,'s:115:\"Mozilla/5.0 (Windows NT 10.0; Win64; x64) AppleWebKit/537.36 (KHTML, like Gecko) Chrome/85.0.4183.121 Safari/537.36\";',NULL,'2020-10-08 05:23:04','2020-10-08 05:23:46'),('41.47.10.45',NULL,NULL,1,1,NULL,'s:110:\"Mozilla/5.0 (Windows NT 10.0; WOW64) AppleWebKit/537.36 (KHTML, like Gecko) Chrome/52.0.2743.116 Safari/537.36\";',NULL,'2020-10-07 02:57:03','2020-10-07 02:57:03'),('42.115.61.194',NULL,NULL,1,1,NULL,'s:110:\"Mozilla/5.0 (Windows NT 10.0; WOW64) AppleWebKit/537.36 (KHTML, like Gecko) Chrome/51.0.2704.103 Safari/537.36\";',NULL,'2020-10-02 14:23:45','2020-10-02 14:23:45'),('43.242.38.13',NULL,NULL,1,1,NULL,'s:110:\"Mozilla/5.0 (Windows NT 10.0; WOW64) AppleWebKit/537.36 (KHTML, like Gecko) Chrome/51.0.2704.103 Safari/537.36\";',NULL,'2020-10-04 05:23:45','2020-10-04 05:23:45'),('45.127.220.137',NULL,NULL,1,1,NULL,'s:109:\"Mozilla/5.0 (Windows NT 6.1; WOW64) AppleWebKit/537.36 (KHTML, like Gecko) Chrome/51.0.2704.103 Safari/537.36\";',NULL,'2020-10-03 18:39:43','2020-10-03 18:39:43'),('45.137.22.44',NULL,NULL,1,2,NULL,'s:74:\"Mozilla/5.0 (X11; Ubuntu; Linux i686; rv:28.0) Gecko/20100101 Firefox/28.0\";',NULL,'2020-10-04 23:02:55','2020-10-04 23:03:05'),('45.143.221.200',NULL,NULL,1,1,NULL,'s:67:\"Mozilla/5.0 (Windows NT 5.1; rv:9.0.1) Gecko/20100101 Firefox/9.0.1\";',NULL,'2020-10-03 08:26:47','2020-10-03 08:26:47'),('45.153.203.154',NULL,NULL,1,1,NULL,'s:76:\"Mozilla/5.0 (X11; Ubuntu; Linux x86_64; rv:76.0) Gecko/20100101 Firefox/76.0\";',NULL,'2020-10-05 00:57:54','2020-10-05 00:57:54'),('45.166.33.133',NULL,NULL,1,1,NULL,'s:110:\"Mozilla/5.0 (Windows NT 10.0; WOW64) AppleWebKit/537.36 (KHTML, like Gecko) Chrome/52.0.2743.116 Safari/537.36\";',NULL,'2020-10-04 18:48:35','2020-10-04 18:48:35'),('45.182.136.159',NULL,NULL,1,1,NULL,'s:109:\"Mozilla/5.0 (Windows NT 6.1; WOW64) AppleWebKit/537.36 (KHTML, like Gecko) Chrome/51.0.2704.103 Safari/537.36\";',NULL,'2020-10-04 02:58:52','2020-10-04 02:58:52'),('45.182.136.218',NULL,NULL,1,1,NULL,'s:110:\"Mozilla/5.0 (Windows NT 10.0; WOW64) AppleWebKit/537.36 (KHTML, like Gecko) Chrome/52.0.2743.116 Safari/537.36\";',NULL,'2020-10-03 01:08:30','2020-10-03 01:08:30'),('45.234.220.244',NULL,NULL,1,1,NULL,'s:116:\"Mozilla/5.0 (Macintosh; Intel Mac OS X 10_11_6) AppleWebKit/601.7.7 (KHTML, like Gecko) Version/9.1.2 Safari/601.7.7\";',NULL,'2020-10-05 18:30:23','2020-10-05 18:30:23'),('45.76.172.210',NULL,NULL,1,4,NULL,'N;',NULL,'2020-10-06 16:19:26','2020-10-06 16:21:52'),('45.83.64.249',NULL,NULL,1,1,NULL,'s:78:\"Mozilla/5.0 (Windows NT 10.0; Win64; x64; rv:65.0) Gecko/20100101 Firefox/65.0\";',NULL,'2020-10-08 05:53:27','2020-10-08 05:53:27'),('46.172.211.243',NULL,NULL,1,1,NULL,'s:67:\"Mozilla/5.0 (Windows NT 5.1; rv:9.0.1) Gecko/20100101 Firefox/9.0.1\";',NULL,'2020-10-03 12:23:59','2020-10-03 12:23:59'),('46.172.56.2',NULL,NULL,1,1,NULL,'s:110:\"Mozilla/5.0 (Windows NT 10.0; WOW64) AppleWebKit/537.36 (KHTML, like Gecko) Chrome/51.0.2704.103 Safari/537.36\";',NULL,'2020-10-09 11:55:11','2020-10-09 11:55:11'),('47.89.192.12',NULL,NULL,1,1,NULL,'s:21:\"Mozilla/5.0 zgrab/0.x\";',NULL,'2020-10-09 17:40:41','2020-10-09 17:40:41'),('49.233.143.96',NULL,NULL,1,9,NULL,'s:156:\"Mozilla/5.0 (iPhone; CPU iPhone OS 10_3_3 like Mac OS X) AppleWebKit/603.3.8 (KHTML, like Gecko) Mobile/14G60 MicroMessenger/6.7.2 NetType/4G Language/zh_CN\";',NULL,'2020-10-03 09:37:16','2020-10-03 09:38:34'),('49.233.175.204',NULL,NULL,1,1,NULL,'s:156:\"Mozilla/5.0 (iPhone; CPU iPhone OS 10_3_3 like Mac OS X) AppleWebKit/603.3.8 (KHTML, like Gecko) Mobile/14G60 MicroMessenger/6.7.2 NetType/4G Language/zh_CN\";',NULL,'2020-10-09 19:27:06','2020-10-09 19:27:06'),('49.7.20.123',NULL,NULL,1,1,NULL,'s:71:\"Sogou web spider/4.0(+http://www.sogou.com/docs/help/webmasters.htm#07)\";',NULL,'2020-10-11 05:15:43','2020-10-11 05:15:43'),('5.202.77.121',NULL,NULL,1,1,NULL,'s:110:\"Mozilla/5.0 (Windows NT 10.0; WOW64) AppleWebKit/537.36 (KHTML, like Gecko) Chrome/51.0.2704.103 Safari/537.36\";',NULL,'2020-10-07 05:15:04','2020-10-07 05:15:04'),('5.206.12.171',NULL,NULL,1,1,NULL,'s:109:\"Mozilla/5.0 (Windows NT 6.1; WOW64) AppleWebKit/537.36 (KHTML, like Gecko) Chrome/51.0.2704.103 Safari/537.36\";',NULL,'2020-10-05 15:14:09','2020-10-05 15:14:09'),('5.234.33.79',NULL,NULL,1,1,NULL,'s:110:\"Mozilla/5.0 (Windows NT 10.0; WOW64) AppleWebKit/537.36 (KHTML, like Gecko) Chrome/52.0.2743.116 Safari/537.36\";',NULL,'2020-10-10 08:22:16','2020-10-10 08:22:16'),('5.255.253.164',NULL,NULL,1,1,NULL,'s:64:\"Mozilla/5.0 (compatible; YandexBot/3.0; +http://yandex.com/bots)\";',NULL,'2020-10-09 07:44:30','2020-10-09 07:44:30'),('5.255.253.94',NULL,NULL,1,2,NULL,'s:64:\"Mozilla/5.0 (compatible; YandexBot/3.0; +http://yandex.com/bots)\";',NULL,'2020-10-09 07:44:34','2020-10-09 07:44:34'),('5.45.207.101',NULL,NULL,1,1,NULL,'s:64:\"Mozilla/5.0 (compatible; YandexBot/3.0; +http://yandex.com/bots)\";',NULL,'2020-10-02 02:11:17','2020-10-02 02:11:17'),('5.45.207.144',NULL,NULL,1,1,NULL,'s:64:\"Mozilla/5.0 (compatible; YandexBot/3.0; +http://yandex.com/bots)\";',NULL,'2020-10-09 07:44:26','2020-10-09 07:44:26'),('5.45.207.78',NULL,NULL,1,1,NULL,'s:124:\"Mozilla/5.0 (compatible; YandexBot/3.0; +http://yandex.com/bots) AppleWebKit/537.36 (KHTML, like Gecko) Chrome/81.0.4044.268\";',NULL,'2020-10-05 19:36:55','2020-10-05 19:36:55'),('5.9.138.189',NULL,NULL,1,1,NULL,'s:61:\"Mozilla/5.0 (compatible; MJ12bot/v1.4.8; http://mj12bot.com/)\";',NULL,'2020-10-08 23:15:02','2020-10-08 23:15:02'),('5.9.141.8',NULL,NULL,1,174,NULL,'s:61:\"Mozilla/5.0 (compatible; MJ12bot/v1.4.8; http://mj12bot.com/)\";',NULL,'2020-10-02 03:11:46','2020-10-02 03:17:18'),('51.195.167.73',NULL,NULL,1,1,NULL,'s:58:\"masscan/1.0 (https://github.com/robertdavidgraham/masscan)\";',NULL,'2020-10-03 21:04:33','2020-10-03 21:04:33'),('51.254.59.113',NULL,NULL,1,1,NULL,'s:100:\"Mozilla/5.0 (Windows NT 6.1) AppleWebKit/537.36 (KHTML, like Gecko) Chrome/41.0.2228.0 Safari/537.36\";',NULL,'2020-10-07 05:48:41','2020-10-07 05:48:41'),('51.254.75.176',NULL,NULL,1,1,NULL,'s:58:\"masscan/1.0 (https://github.com/robertdavidgraham/masscan)\";',NULL,'2020-10-04 03:14:39','2020-10-04 03:14:39'),('51.68.251.9',NULL,NULL,1,1,NULL,'s:43:\"TBI-WebScanner/0.0.1 (+https://leakix.net/)\";',NULL,'2020-10-08 04:27:19','2020-10-08 04:27:19'),('52.164.206.165',NULL,NULL,1,1,NULL,'s:67:\"Mozilla/5.0 (Windows NT 5.1; rv:9.0.1) Gecko/20100101 Firefox/9.0.1\";',NULL,'2020-10-03 00:57:19','2020-10-03 00:57:19'),('52.252.230.176',NULL,NULL,1,1,NULL,'s:17:\"Linux Mozilla 7.0\";',NULL,'2020-10-09 05:07:01','2020-10-09 05:07:01'),('52.53.202.186',NULL,NULL,1,1,NULL,'s:105:\"Mozilla/5.0 (X11; Linux x86_64) AppleWebKit/537.36 (KHTML, like Gecko) Chrome/51.0.2704.103 Safari/537.36\";',NULL,'2020-10-02 16:42:16','2020-10-02 16:42:16'),('54.153.59.231',NULL,NULL,1,1,NULL,'s:105:\"Mozilla/5.0 (X11; Linux x86_64) AppleWebKit/537.36 (KHTML, like Gecko) Chrome/51.0.2704.103 Safari/537.36\";',NULL,'2020-10-09 15:21:59','2020-10-09 15:21:59'),('54.186.150.84',NULL,NULL,1,2,NULL,'s:121:\"Mozilla/5.0 (Macintosh; Intel Mac OS X 10_10_5) AppleWebKit/537.36 (KHTML, like Gecko) Chrome/52.0.2743.116 Safari/537.36\";',NULL,'2020-10-04 21:43:16','2020-10-04 21:43:56'),('54.201.226.43',NULL,NULL,1,2,NULL,'s:105:\"Mozilla/5.0 (X11; Linux x86_64) AppleWebKit/537.36 (KHTML, like Gecko) Chrome/64.0.3282.119 Safari/537.36\";',NULL,'2020-10-10 16:30:48','2020-10-10 16:30:48'),('54.212.179.86',NULL,NULL,1,1,NULL,'s:121:\"Mozilla/5.0 (Macintosh; Intel Mac OS X 10_11_5) AppleWebKit/537.36 (KHTML, like Gecko) Chrome/50.0.2661.102 Safari/537.36\";',NULL,'2020-10-04 21:48:46','2020-10-04 21:48:46'),('54.218.35.29',NULL,NULL,1,2,NULL,'s:105:\"Mozilla/5.0 (X11; Linux x86_64) AppleWebKit/537.36 (KHTML, like Gecko) Chrome/64.0.3282.119 Safari/537.36\";',NULL,'2020-10-10 16:30:51','2020-10-10 16:30:51'),('59.52.179.145',NULL,NULL,1,1,NULL,'s:40:\"Apache-HttpClient/4.5.6 (Java/1.8.0_112)\";',NULL,'2020-10-04 07:20:09','2020-10-04 07:20:09'),('60.166.66.59',NULL,NULL,1,2,NULL,'s:84:\"Mozilla/5.0 (Windows; U; Windows NT 6.0;en-US; rv:1.9.2) Gecko/20100115 Firefox/3.6)\";',NULL,'2020-10-09 06:22:28','2020-10-09 06:22:29'),('61.232.0.130',NULL,NULL,1,1,NULL,'s:110:\"Mozilla/5.0 (Windows NT 10.0; WOW64) AppleWebKit/537.36 (KHTML, like Gecko) Chrome/51.0.2704.103 Safari/537.36\";',NULL,'2020-10-10 11:51:59','2020-10-10 11:51:59'),('62.210.92.175',NULL,NULL,1,1,NULL,'s:82:\"Mozilla/5.0 (Macintosh; Intel Mac OS X 10.14; rv:68.0) Gecko/20100101 Firefox/68.0\";',NULL,'2020-10-07 14:45:24','2020-10-07 14:45:24'),('66.249.64.1',NULL,NULL,3,17,NULL,'s:72:\"Mozilla/5.0 (compatible; Googlebot/2.1; +http://www.google.com/bot.html)\";',NULL,'2020-10-06 18:02:11','2020-10-08 12:10:49'),('66.249.64.206',NULL,NULL,1,1,NULL,'s:72:\"Mozilla/5.0 (compatible; Googlebot/2.1; +http://www.google.com/bot.html)\";',NULL,'2020-10-06 15:49:35','2020-10-06 15:49:35'),('66.249.64.241',NULL,NULL,3,15,NULL,'s:198:\"Mozilla/5.0 (Linux; Android 6.0.1; Nexus 5X Build/MMB29P) AppleWebKit/537.36 (KHTML, like Gecko) Chrome/86.0.4240.78 Mobile Safari/537.36 (compatible; Googlebot/2.1; +http://www.google.com/bot.html)\";',NULL,'2020-10-08 14:27:05','2020-10-10 23:12:52'),('66.249.64.243',NULL,NULL,4,14,NULL,'s:199:\"Mozilla/5.0 (Linux; Android 6.0.1; Nexus 5X Build/MMB29P) AppleWebKit/537.36 (KHTML, like Gecko) Chrome/85.0.4183.137 Mobile Safari/537.36 (compatible; Googlebot/2.1; +http://www.google.com/bot.html)\";',NULL,'2020-10-06 14:27:57','2020-10-10 13:59:46'),('66.249.64.245',NULL,NULL,3,10,NULL,'s:198:\"Mozilla/5.0 (Linux; Android 6.0.1; Nexus 5X Build/MMB29P) AppleWebKit/537.36 (KHTML, like Gecko) Chrome/86.0.4240.78 Mobile Safari/537.36 (compatible; Googlebot/2.1; +http://www.google.com/bot.html)\";',NULL,'2020-10-08 16:58:36','2020-10-10 16:31:21'),('66.249.64.253',NULL,NULL,1,1,NULL,'s:199:\"Mozilla/5.0 (Linux; Android 6.0.1; Nexus 5X Build/MMB29P) AppleWebKit/537.36 (KHTML, like Gecko) Chrome/85.0.4183.137 Mobile Safari/537.36 (compatible; Googlebot/2.1; +http://www.google.com/bot.html)\";',NULL,'2020-10-08 22:01:36','2020-10-08 22:01:36'),('66.249.64.3',NULL,NULL,3,22,NULL,'s:199:\"Mozilla/5.0 (Linux; Android 6.0.1; Nexus 5X Build/MMB29P) AppleWebKit/537.36 (KHTML, like Gecko) Chrome/85.0.4183.137 Mobile Safari/537.36 (compatible; Googlebot/2.1; +http://www.google.com/bot.html)\";',NULL,'2020-10-06 18:14:46','2020-10-08 13:26:37'),('66.249.64.5',NULL,NULL,3,11,NULL,'s:72:\"Mozilla/5.0 (compatible; Googlebot/2.1; +http://www.google.com/bot.html)\";',NULL,'2020-10-06 18:02:12','2020-10-08 10:55:02'),('66.249.64.50',NULL,NULL,3,14,NULL,'s:199:\"Mozilla/5.0 (Linux; Android 6.0.1; Nexus 5X Build/MMB29P) AppleWebKit/537.36 (KHTML, like Gecko) Chrome/85.0.4183.137 Mobile Safari/537.36 (compatible; Googlebot/2.1; +http://www.google.com/bot.html)\";',NULL,'2020-10-06 22:01:44','2020-10-08 13:11:07'),('66.249.64.52',NULL,NULL,4,11,NULL,'s:199:\"Mozilla/5.0 (Linux; Android 6.0.1; Nexus 5X Build/MMB29P) AppleWebKit/537.36 (KHTML, like Gecko) Chrome/85.0.4183.137 Mobile Safari/537.36 (compatible; Googlebot/2.1; +http://www.google.com/bot.html)\";',NULL,'2020-10-03 11:54:34','2020-10-08 08:08:45'),('66.249.64.54',NULL,NULL,6,30,NULL,'s:72:\"Mozilla/5.0 (compatible; Googlebot/2.1; +http://www.google.com/bot.html)\";',NULL,'2020-10-06 19:30:10','2020-10-11 03:34:51'),('66.249.64.56',NULL,NULL,4,16,NULL,'s:72:\"Mozilla/5.0 (compatible; Googlebot/2.1; +http://www.google.com/bot.html)\";',NULL,'2020-10-08 18:29:46','2020-10-11 07:00:50'),('66.249.64.58',NULL,NULL,4,27,NULL,'s:72:\"Mozilla/5.0 (compatible; Googlebot/2.1; +http://www.google.com/bot.html)\";',NULL,'2020-10-08 15:58:12','2020-10-11 05:21:07'),('66.249.64.62',NULL,NULL,1,1,NULL,'s:72:\"Mozilla/5.0 (compatible; Googlebot/2.1; +http://www.google.com/bot.html)\";',NULL,'2020-10-07 10:20:40','2020-10-07 10:20:40'),('66.249.64.76',NULL,NULL,3,6,NULL,'s:198:\"Mozilla/5.0 (Linux; Android 6.0.1; Nexus 5X Build/MMB29P) AppleWebKit/537.36 (KHTML, like Gecko) Chrome/86.0.4240.78 Mobile Safari/537.36 (compatible; Googlebot/2.1; +http://www.google.com/bot.html)\";',NULL,'2020-10-09 14:45:12','2020-10-11 04:42:25'),('66.249.64.78',NULL,NULL,1,1,NULL,'s:72:\"Mozilla/5.0 (compatible; Googlebot/2.1; +http://www.google.com/bot.html)\";',NULL,'2020-10-08 23:12:09','2020-10-08 23:12:09'),('66.249.64.80',NULL,NULL,1,2,NULL,'s:199:\"Mozilla/5.0 (Linux; Android 6.0.1; Nexus 5X Build/MMB29P) AppleWebKit/537.36 (KHTML, like Gecko) Chrome/85.0.4183.137 Mobile Safari/537.36 (compatible; Googlebot/2.1; +http://www.google.com/bot.html)\";',NULL,'2020-10-09 04:04:38','2020-10-09 14:45:11'),('66.249.65.18',NULL,NULL,2,14,NULL,'s:72:\"Mozilla/5.0 (compatible; Googlebot/2.1; +http://www.google.com/bot.html)\";',NULL,'2020-10-02 22:19:24','2020-10-03 14:03:43'),('66.249.65.20',NULL,NULL,2,20,NULL,'s:72:\"Mozilla/5.0 (compatible; Googlebot/2.1; +http://www.google.com/bot.html)\";',NULL,'2020-10-02 20:57:07','2020-10-03 14:28:27'),('66.249.65.22',NULL,NULL,2,21,NULL,'s:19:\"Googlebot-Image/1.0\";',NULL,'2020-10-02 20:49:58','2020-10-03 15:47:18'),('66.249.66.140',NULL,NULL,4,36,NULL,'s:72:\"Mozilla/5.0 (compatible; Googlebot/2.1; +http://www.google.com/bot.html)\";',NULL,'2020-10-03 23:47:53','2020-10-06 12:51:57'),('66.249.66.142',NULL,NULL,3,22,NULL,'s:72:\"Mozilla/5.0 (compatible; Googlebot/2.1; +http://www.google.com/bot.html)\";',NULL,'2020-10-03 23:49:44','2020-10-06 08:57:48'),('66.249.66.144',NULL,NULL,2,20,NULL,'s:199:\"Mozilla/5.0 (Linux; Android 6.0.1; Nexus 5X Build/MMB29P) AppleWebKit/537.36 (KHTML, like Gecko) Chrome/85.0.4183.132 Mobile Safari/537.36 (compatible; Googlebot/2.1; +http://www.google.com/bot.html)\";',NULL,'2020-10-03 18:58:31','2020-10-04 10:02:12'),('66.249.66.202',NULL,NULL,1,9,NULL,'s:199:\"Mozilla/5.0 (Linux; Android 6.0.1; Nexus 5X Build/MMB29P) AppleWebKit/537.36 (KHTML, like Gecko) Chrome/85.0.4183.132 Mobile Safari/537.36 (compatible; Googlebot/2.1; +http://www.google.com/bot.html)\";',NULL,'2020-10-04 00:27:37','2020-10-04 00:44:46'),('66.249.66.204',NULL,NULL,1,7,NULL,'s:199:\"Mozilla/5.0 (Linux; Android 6.0.1; Nexus 5X Build/MMB29P) AppleWebKit/537.36 (KHTML, like Gecko) Chrome/85.0.4183.132 Mobile Safari/537.36 (compatible; Googlebot/2.1; +http://www.google.com/bot.html)\";',NULL,'2020-10-04 00:27:09','2020-10-04 00:44:03'),('66.249.66.206',NULL,NULL,3,20,NULL,'s:72:\"Mozilla/5.0 (compatible; Googlebot/2.1; +http://www.google.com/bot.html)\";',NULL,'2020-10-03 23:59:30','2020-10-05 16:57:17'),('66.249.66.208',NULL,NULL,4,22,NULL,'s:72:\"Mozilla/5.0 (compatible; Googlebot/2.1; +http://www.google.com/bot.html)\";',NULL,'2020-10-03 17:48:27','2020-10-06 12:40:46'),('66.249.66.210',NULL,NULL,3,16,NULL,'s:72:\"Mozilla/5.0 (compatible; Googlebot/2.1; +http://www.google.com/bot.html)\";',NULL,'2020-10-04 00:06:19','2020-10-06 11:51:44'),('66.249.66.77',NULL,NULL,4,41,NULL,'s:199:\"Mozilla/5.0 (Linux; Android 6.0.1; Nexus 5X Build/MMB29P) AppleWebKit/537.36 (KHTML, like Gecko) Chrome/85.0.4183.137 Mobile Safari/537.36 (compatible; Googlebot/2.1; +http://www.google.com/bot.html)\";',NULL,'2020-10-03 18:17:42','2020-10-06 12:00:12'),('66.249.66.78',NULL,NULL,2,18,NULL,'s:199:\"Mozilla/5.0 (Linux; Android 6.0.1; Nexus 5X Build/MMB29P) AppleWebKit/537.36 (KHTML, like Gecko) Chrome/85.0.4183.132 Mobile Safari/537.36 (compatible; Googlebot/2.1; +http://www.google.com/bot.html)\";',NULL,'2020-10-03 16:53:44','2020-10-04 19:01:41'),('66.249.66.79',NULL,NULL,4,31,NULL,'s:199:\"Mozilla/5.0 (Linux; Android 6.0.1; Nexus 5X Build/MMB29P) AppleWebKit/537.36 (KHTML, like Gecko) Chrome/85.0.4183.137 Mobile Safari/537.36 (compatible; Googlebot/2.1; +http://www.google.com/bot.html)\";',NULL,'2020-10-03 16:58:50','2020-10-06 13:11:15'),('66.249.66.80',NULL,NULL,2,14,NULL,'s:72:\"Mozilla/5.0 (compatible; Googlebot/2.1; +http://www.google.com/bot.html)\";',NULL,'2020-10-05 03:47:46','2020-10-06 05:38:22'),('66.249.69.146',NULL,NULL,1,1,NULL,'s:19:\"Googlebot-Image/1.0\";',NULL,'2020-10-02 06:12:41','2020-10-02 06:12:41'),('66.249.69.150',NULL,NULL,2,149,NULL,'s:199:\"Mozilla/5.0 (Linux; Android 6.0.1; Nexus 5X Build/MMB29P) AppleWebKit/537.36 (KHTML, like Gecko) Chrome/85.0.4183.132 Mobile Safari/537.36 (compatible; Googlebot/2.1; +http://www.google.com/bot.html)\";',NULL,'2020-10-01 21:00:33','2020-10-02 17:37:41'),('66.249.69.151',NULL,NULL,2,82,NULL,'s:72:\"Mozilla/5.0 (compatible; Googlebot/2.1; +http://www.google.com/bot.html)\";',NULL,'2020-10-02 00:47:54','2020-10-02 19:17:24'),('66.249.69.152',NULL,NULL,2,53,NULL,'s:199:\"Mozilla/5.0 (Linux; Android 6.0.1; Nexus 5X Build/MMB29P) AppleWebKit/537.36 (KHTML, like Gecko) Chrome/85.0.4183.132 Mobile Safari/537.36 (compatible; Googlebot/2.1; +http://www.google.com/bot.html)\";',NULL,'2020-10-01 21:05:34','2020-10-02 19:48:46'),('66.249.69.153',NULL,NULL,1,2,NULL,'s:19:\"Googlebot-Image/1.0\";',NULL,'2020-10-02 06:09:50','2020-10-02 06:09:51'),('66.249.70.46',NULL,NULL,3,9,NULL,'s:199:\"Mozilla/5.0 (Linux; Android 6.0.1; Nexus 5X Build/MMB29P) AppleWebKit/537.36 (KHTML, like Gecko) Chrome/85.0.4183.137 Mobile Safari/537.36 (compatible; Googlebot/2.1; +http://www.google.com/bot.html)\";',NULL,'2020-10-06 21:46:18','2020-10-08 10:57:19'),('66.249.70.48',NULL,NULL,2,3,NULL,'s:199:\"Mozilla/5.0 (Linux; Android 6.0.1; Nexus 5X Build/MMB29P) AppleWebKit/537.36 (KHTML, like Gecko) Chrome/85.0.4183.137 Mobile Safari/537.36 (compatible; Googlebot/2.1; +http://www.google.com/bot.html)\";',NULL,'2020-10-07 00:06:30','2020-10-08 04:42:22'),('66.249.70.50',NULL,NULL,1,3,NULL,'s:199:\"Mozilla/5.0 (Linux; Android 6.0.1; Nexus 5X Build/MMB29P) AppleWebKit/537.36 (KHTML, like Gecko) Chrome/85.0.4183.137 Mobile Safari/537.36 (compatible; Googlebot/2.1; +http://www.google.com/bot.html)\";',NULL,'2020-10-07 14:02:21','2020-10-07 20:55:31'),('66.249.70.54',NULL,NULL,1,1,NULL,'s:72:\"Mozilla/5.0 (compatible; Googlebot/2.1; +http://www.google.com/bot.html)\";',NULL,'2020-10-06 15:36:40','2020-10-06 15:36:40'),('66.249.70.56',NULL,NULL,1,3,NULL,'s:72:\"Mozilla/5.0 (compatible; Googlebot/2.1; +http://www.google.com/bot.html)\";',NULL,'2020-10-06 13:56:57','2020-10-06 16:46:25'),('66.249.70.58',NULL,NULL,1,1,NULL,'s:72:\"Mozilla/5.0 (compatible; Googlebot/2.1; +http://www.google.com/bot.html)\";',NULL,'2020-10-06 15:36:41','2020-10-06 15:36:41'),('66.249.72.84',NULL,NULL,3,189,NULL,'s:19:\"Googlebot-Image/1.0\";',NULL,'2020-10-01 20:28:52','2020-10-02 18:58:26'),('66.249.72.86',NULL,NULL,3,94,NULL,'s:19:\"Googlebot-Image/1.0\";',NULL,'2020-10-01 20:27:25','2020-10-02 14:33:20'),('66.249.72.88',NULL,NULL,3,50,NULL,'s:19:\"Googlebot-Image/1.0\";',NULL,'2020-10-01 20:29:14','2020-10-02 20:14:09'),('66.249.73.142',NULL,NULL,2,9,NULL,'s:199:\"Mozilla/5.0 (Linux; Android 6.0.1; Nexus 5X Build/MMB29P) AppleWebKit/537.36 (KHTML, like Gecko) Chrome/85.0.4183.132 Mobile Safari/537.36 (compatible; Googlebot/2.1; +http://www.google.com/bot.html)\";',NULL,'2020-10-02 21:01:30','2020-10-03 08:01:55'),('66.249.73.144',NULL,NULL,2,8,NULL,'s:19:\"Googlebot-Image/1.0\";',NULL,'2020-10-02 20:52:02','2020-10-03 12:35:45'),('66.249.73.146',NULL,NULL,2,14,NULL,'s:199:\"Mozilla/5.0 (Linux; Android 6.0.1; Nexus 5X Build/MMB29P) AppleWebKit/537.36 (KHTML, like Gecko) Chrome/85.0.4183.132 Mobile Safari/537.36 (compatible; Googlebot/2.1; +http://www.google.com/bot.html)\";',NULL,'2020-10-02 20:42:34','2020-10-03 01:16:51'),('66.249.73.21',NULL,NULL,2,7,NULL,'s:19:\"Googlebot-Image/1.0\";',NULL,'2020-10-01 20:55:40','2020-10-03 09:54:06'),('66.249.73.23',NULL,NULL,2,7,NULL,'s:19:\"Googlebot-Image/1.0\";',NULL,'2020-10-02 22:17:13','2020-10-03 13:30:47'),('66.249.73.24',NULL,NULL,2,7,NULL,'s:19:\"Googlebot-Image/1.0\";',NULL,'2020-10-02 20:43:56','2020-10-03 10:35:45'),('66.249.75.110',NULL,NULL,3,167,NULL,'s:19:\"Googlebot-Image/1.0\";',NULL,'2020-10-01 20:26:37','2020-10-02 20:33:06'),('66.249.75.112',NULL,NULL,3,71,NULL,'s:199:\"Mozilla/5.0 (Linux; Android 6.0.1; Nexus 5X Build/MMB29P) AppleWebKit/537.36 (KHTML, like Gecko) Chrome/85.0.4183.132 Mobile Safari/537.36 (compatible; Googlebot/2.1; +http://www.google.com/bot.html)\";',NULL,'2020-10-01 20:27:14','2020-10-02 20:04:42'),('66.249.75.114',NULL,NULL,3,63,NULL,'s:199:\"Mozilla/5.0 (Linux; Android 6.0.1; Nexus 5X Build/MMB29P) AppleWebKit/537.36 (KHTML, like Gecko) Chrome/85.0.4183.132 Mobile Safari/537.36 (compatible; Googlebot/2.1; +http://www.google.com/bot.html)\";',NULL,'2020-10-01 20:28:03','2020-10-02 20:04:42'),('66.249.79.120',NULL,NULL,1,1,NULL,'s:199:\"Mozilla/5.0 (Linux; Android 6.0.1; Nexus 5X Build/MMB29P) AppleWebKit/537.36 (KHTML, like Gecko) Chrome/85.0.4183.132 Mobile Safari/537.36 (compatible; Googlebot/2.1; +http://www.google.com/bot.html)\";',NULL,'2020-10-01 20:47:42','2020-10-01 20:47:42'),('71.6.232.2',NULL,NULL,1,1,NULL,'s:115:\"Mozilla/5.0 (Windows NT 10.0; Win64; x64) AppleWebKit/537.36 (KHTML, like Gecko) Chrome/74.0.3729.131 Safari/537.36\";',NULL,'2020-10-06 05:57:14','2020-10-06 05:57:14'),('71.6.232.7',NULL,NULL,1,1,NULL,'s:115:\"Mozilla/5.0 (Windows NT 10.0; Win64; x64) AppleWebKit/537.36 (KHTML, like Gecko) Chrome/57.0.2987.133 Safari/537.36\";',NULL,'2020-10-07 00:41:57','2020-10-07 00:41:57'),('74.120.14.33',NULL,NULL,1,2,NULL,'N;',NULL,'2020-10-04 14:22:16','2020-10-04 14:22:16'),('74.120.14.35',NULL,NULL,2,4,NULL,'N;',NULL,'2020-10-07 00:14:27','2020-10-09 14:17:13'),('74.120.14.36',NULL,NULL,4,8,NULL,'N;',NULL,'2020-10-04 07:27:49','2020-10-10 18:41:52'),('74.120.14.50',NULL,NULL,1,2,NULL,'N;',NULL,'2020-10-02 18:22:25','2020-10-02 18:22:26'),('74.120.14.51',NULL,NULL,2,4,NULL,'N;',NULL,'2020-10-01 21:30:58','2020-10-07 11:27:41'),('74.120.14.52',NULL,NULL,2,4,NULL,'N;',NULL,'2020-10-06 19:13:18','2020-10-10 18:45:03'),('74.82.47.4',NULL,NULL,2,2,NULL,'N;',NULL,'2020-10-09 02:37:01','2020-10-11 02:04:58'),('74.82.47.5',NULL,NULL,1,1,NULL,'N;',NULL,'2020-10-10 00:47:36','2020-10-10 00:47:36'),('77.247.27.246',NULL,NULL,1,1,NULL,'s:110:\"Mozilla/5.0 (Windows NT 10.0; WOW64) AppleWebKit/537.36 (KHTML, like Gecko) Chrome/52.0.2743.116 Safari/537.36\";',NULL,'2020-10-03 11:46:12','2020-10-03 11:46:12'),('79.142.115.198',NULL,NULL,1,1,NULL,'s:110:\"Mozilla/5.0 (Windows NT 10.0; WOW64) AppleWebKit/537.36 (KHTML, like Gecko) Chrome/51.0.2704.103 Safari/537.36\";',NULL,'2020-10-09 03:48:13','2020-10-09 03:48:13'),('80.30.157.252',NULL,NULL,3,4,NULL,'s:21:\"Mozilla/5.0 zgrab/0.x\";',NULL,'2020-10-01 21:36:40','2020-10-08 05:55:28'),('80.82.77.227',NULL,NULL,1,1,NULL,'s:21:\"Mozilla/5.0 zgrab/0.x\";',NULL,'2020-10-04 11:40:24','2020-10-04 11:40:24'),('81.180.124.186',NULL,NULL,1,1,NULL,'s:109:\"Mozilla/5.0 (Windows NT 6.1; WOW64) AppleWebKit/537.36 (KHTML, like Gecko) Chrome/51.0.2704.103 Safari/537.36\";',NULL,'2020-10-04 08:45:47','2020-10-04 08:45:47'),('81.196.70.133',NULL,NULL,1,1,NULL,'s:109:\"Mozilla/5.0 (Windows NT 6.1; WOW64) AppleWebKit/537.36 (KHTML, like Gecko) Chrome/52.0.2743.116 Safari/537.36\";',NULL,'2020-10-06 09:45:23','2020-10-06 09:45:23'),('83.97.20.31',NULL,NULL,10,16,NULL,'N;',NULL,'2020-10-02 05:10:34','2020-10-11 04:15:38'),('84.17.51.32',NULL,NULL,1,1,NULL,'s:131:\"Mozilla/5.0 (Windows NT 6.1; Win64; x64) AppleWebKit/537.36 (KHTML, like Gecko) Chrome/66.0.3359.170 Safari/537.36 OPR/53.0.2907.99\";',NULL,'2020-10-10 05:19:07','2020-10-10 05:19:07'),('85.172.10.110',NULL,NULL,1,1,NULL,'s:58:\"masscan/1.0 (https://github.com/robertdavidgraham/masscan)\";',NULL,'2020-10-03 10:50:53','2020-10-03 10:50:53'),('86.26.92.41',NULL,NULL,1,1,NULL,'N;',NULL,'2020-10-03 11:40:17','2020-10-03 11:40:17'),('86.63.66.230',NULL,NULL,1,1,NULL,'s:58:\"masscan/1.0 (https://github.com/robertdavidgraham/masscan)\";',NULL,'2020-10-04 11:15:21','2020-10-04 11:15:21'),('88.146.168.170',NULL,NULL,1,1,NULL,'N;',NULL,'2020-10-04 19:28:46','2020-10-04 19:28:46'),('89.187.168.136',NULL,NULL,1,1,NULL,'s:132:\"Mozilla/5.0 (Windows NT 10.0; Win64; x64) AppleWebKit/537.36 (KHTML, like Gecko) Chrome/68.0.3440.106 Safari/537.36 OPR/55.0.2994.44\";',NULL,'2020-10-09 20:29:29','2020-10-09 20:29:29'),('89.187.168.142',NULL,NULL,1,1,NULL,'s:114:\"Mozilla/5.0 (Windows NT 6.2; Win64; x64) AppleWebKit/537.36 (KHTML, like Gecko) Chrome/68.0.3440.106 Safari/537.36\";',NULL,'2020-10-08 04:03:34','2020-10-08 04:03:34'),('89.187.168.169',NULL,NULL,1,1,NULL,'s:130:\"Mozilla/5.0 (Windows NT 6.1; Win64; x64) AppleWebKit/537.36 (KHTML, like Gecko) Chrome/67.0.3396.87 Safari/537.36 OPR/54.0.2952.54\";',NULL,'2020-10-10 15:47:23','2020-10-10 15:47:23'),('89.187.216.226',NULL,NULL,1,1,NULL,'s:116:\"Mozilla/5.0 (Macintosh; Intel Mac OS X 10_11_6) AppleWebKit/601.7.7 (KHTML, like Gecko) Version/9.1.2 Safari/601.7.7\";',NULL,'2020-10-05 19:21:07','2020-10-05 19:21:07'),('89.203.220.98',NULL,NULL,1,1,NULL,'s:109:\"Mozilla/5.0 (Windows NT 6.1; WOW64) AppleWebKit/537.36 (KHTML, like Gecko) Chrome/51.0.2704.103 Safari/537.36\";',NULL,'2020-10-02 09:29:54','2020-10-02 09:29:54'),('89.234.157.254',NULL,NULL,1,1,NULL,'s:47:\"TBI-HttpOpenPlugin/0.1.0 (+https://leakix.net/)\";',NULL,'2020-10-08 04:27:15','2020-10-08 04:27:15'),('89.248.172.208',NULL,NULL,1,3,NULL,'s:119:\"Mozilla/5.0 (Macintosh; Intel Mac OS X 10_9_0) AppleWebKit/537.36 (KHTML, like Gecko) Chrome/52.0.2750.42 Safari/537.36\";',NULL,'2020-10-01 23:07:40','2020-10-01 23:08:15'),('90.202.107.182',NULL,NULL,1,1,NULL,'N;',NULL,'2020-10-09 01:52:59','2020-10-09 01:52:59'),('91.121.7.147',NULL,NULL,1,2,NULL,'s:61:\"Mozilla/5.0 (compatible; MJ12bot/v1.4.8; http://mj12bot.com/)\";',NULL,'2020-10-05 14:17:40','2020-10-05 14:17:46'),('92.220.10.100',NULL,NULL,1,1,NULL,'s:61:\"Mozilla/5.0 (compatible; MJ12bot/v1.4.8; http://mj12bot.com/)\";',NULL,'2020-10-06 20:19:02','2020-10-06 20:19:02'),('92.247.49.38',NULL,NULL,1,1,NULL,'s:110:\"Mozilla/5.0 (Windows NT 10.0; WOW64) AppleWebKit/537.36 (KHTML, like Gecko) Chrome/52.0.2743.116 Safari/537.36\";',NULL,'2020-10-10 17:55:23','2020-10-10 17:55:23'),('92.63.111.27',NULL,NULL,1,1,NULL,'s:39:\"Internet-structure-research-project-bot\";',NULL,'2020-10-02 01:01:10','2020-10-02 01:01:10'),('93.152.140.4',NULL,NULL,1,1,NULL,'s:115:\"Mozilla/5.0 (Windows NT 10.0; Win64; x64) AppleWebKit/537.36 (KHTML, like Gecko) Chrome/85.0.4183.121 Safari/537.36\";',NULL,'2020-10-09 09:16:10','2020-10-09 09:16:10'),('94.102.51.119',NULL,NULL,6,13,NULL,'N;',NULL,'2020-10-03 22:54:26','2020-10-08 21:26:08'),('95.0.184.156',NULL,NULL,1,1,NULL,'s:109:\"Mozilla/5.0 (Windows NT 6.1; WOW64) AppleWebKit/537.36 (KHTML, like Gecko) Chrome/51.0.2704.103 Safari/537.36\";',NULL,'2020-10-09 21:42:28','2020-10-09 21:42:28'),('95.227.145.189',NULL,NULL,1,1,NULL,'N;',NULL,'2020-10-05 19:49:52','2020-10-05 19:49:52'),('95.67.63.170',NULL,NULL,1,1,NULL,'s:70:\"Mozilla/5.0 (compatible; MSIE 9.0; Windows NT 6.1; WOW64; Trident/5.0)\";',NULL,'2020-10-02 03:16:41','2020-10-02 03:16:41'),('96.126.103.73',NULL,NULL,1,1,NULL,'s:110:\"Mozilla/5.0 (Windows NT 10.0; WOW64) AppleWebKit/537.36 (KHTML, like Gecko) Chrome/66.0.3359.117 Safari/537.36\";',NULL,'2020-10-04 02:33:28','2020-10-04 02:33:28');
/*!40000 ALTER TABLE `visitors` ENABLE KEYS */;
UNLOCK TABLES;

--
-- Table structure for table `warehouses`
--

DROP TABLE IF EXISTS `warehouses`;
/*!40101 SET @saved_cs_client     = @@character_set_client */;
/*!40101 SET character_set_client = utf8 */;
CREATE TABLE `warehouses` (
  `id` int(10) unsigned NOT NULL AUTO_INCREMENT,
  `shop_id` int(10) unsigned DEFAULT NULL,
  `name` varchar(255) COLLATE utf8_unicode_ci NOT NULL,
  `email` varchar(255) COLLATE utf8_unicode_ci DEFAULT NULL,
  `incharge` bigint(20) unsigned DEFAULT NULL,
  `description` longtext COLLATE utf8_unicode_ci DEFAULT NULL,
  `active` tinyint(1) NOT NULL DEFAULT 1,
  `deleted_at` timestamp NULL DEFAULT NULL,
  `created_at` timestamp NULL DEFAULT NULL,
  `updated_at` timestamp NULL DEFAULT NULL,
  PRIMARY KEY (`id`),
  KEY `warehouses_shop_id_foreign` (`shop_id`),
  CONSTRAINT `warehouses_shop_id_foreign` FOREIGN KEY (`shop_id`) REFERENCES `shops` (`id`) ON DELETE CASCADE
) ENGINE=InnoDB AUTO_INCREMENT=2 DEFAULT CHARSET=utf8 COLLATE=utf8_unicode_ci;
/*!40101 SET character_set_client = @saved_cs_client */;

--
-- Dumping data for table `warehouses`
--

LOCK TABLES `warehouses` WRITE;
/*!40000 ALTER TABLE `warehouses` DISABLE KEYS */;
INSERT INTO `warehouses` VALUES (1,1,'Weber-Dickens','kailyn.gusikowski@hickle.com',3,'Corporis magni aut consequuntur quod qui ea et. Nulla temporibus consequatur nobis accusantium nemo. Aut officia id laudantium vel maxime. Hic voluptas ea consequatur praesentium in voluptas. Sit ex labore aut ab sapiente reprehenderit a. Accusantium sed praesentium culpa impedit consequatur. Consequatur sed vel repellat cumque dolor ut nisi commodi. Eveniet quas ducimus reprehenderit qui qui numquam. Odio officia corrupti exercitationem ad repudiandae animi. Dolore possimus atque itaque velit.',1,NULL,'2020-10-01 19:26:30','2020-10-01 19:26:30');
/*!40000 ALTER TABLE `warehouses` ENABLE KEYS */;
UNLOCK TABLES;

--
-- Table structure for table `wishlists`
--

DROP TABLE IF EXISTS `wishlists`;
/*!40101 SET @saved_cs_client     = @@character_set_client */;
/*!40101 SET character_set_client = utf8 */;
CREATE TABLE `wishlists` (
  `id` bigint(20) unsigned NOT NULL AUTO_INCREMENT,
  `inventory_id` bigint(20) unsigned DEFAULT NULL,
  `product_id` bigint(20) unsigned DEFAULT NULL,
  `customer_id` bigint(20) unsigned NOT NULL,
  `created_at` timestamp NULL DEFAULT NULL,
  `updated_at` timestamp NULL DEFAULT NULL,
  PRIMARY KEY (`id`),
  KEY `wishlists_product_id_foreign` (`product_id`),
  KEY `wishlists_inventory_id_foreign` (`inventory_id`),
  CONSTRAINT `wishlists_inventory_id_foreign` FOREIGN KEY (`inventory_id`) REFERENCES `inventories` (`id`) ON DELETE SET NULL,
  CONSTRAINT `wishlists_product_id_foreign` FOREIGN KEY (`product_id`) REFERENCES `products` (`id`) ON DELETE CASCADE
) ENGINE=InnoDB AUTO_INCREMENT=16 DEFAULT CHARSET=utf8 COLLATE=utf8_unicode_ci;
/*!40101 SET character_set_client = @saved_cs_client */;

--
-- Dumping data for table `wishlists`
--

LOCK TABLES `wishlists` WRITE;
/*!40000 ALTER TABLE `wishlists` DISABLE KEYS */;
INSERT INTO `wishlists` VALUES (1,5,29,1,'2020-09-17 19:26:32','2020-09-17 19:26:32'),(2,24,25,1,'2020-09-26 19:26:32','2020-09-26 19:26:32'),(3,9,15,1,'2020-09-25 19:26:32','2020-09-25 19:26:32'),(4,29,23,1,'2020-09-26 19:26:32','2020-09-26 19:26:32'),(5,9,15,1,'2020-09-17 19:26:32','2020-09-17 19:26:32'),(6,28,15,1,'2020-09-23 19:26:32','2020-09-23 19:26:32'),(7,22,17,1,'2020-09-23 19:26:32','2020-09-23 19:26:32'),(8,26,5,1,'2020-09-26 19:26:32','2020-09-26 19:26:32'),(9,17,17,1,'2020-09-18 19:26:32','2020-09-18 19:26:32'),(10,7,5,1,'2020-09-16 19:26:32','2020-09-16 19:26:32'),(11,22,17,1,'2020-09-24 19:26:32','2020-09-24 19:26:32'),(12,13,18,1,'2020-09-17 19:26:32','2020-09-17 19:26:32'),(13,25,4,1,'2020-09-25 19:26:32','2020-09-25 19:26:32'),(14,11,16,1,'2020-09-26 19:26:32','2020-09-26 19:26:32'),(15,13,18,1,'2020-09-27 19:26:32','2020-09-27 19:26:32');
/*!40000 ALTER TABLE `wishlists` ENABLE KEYS */;
UNLOCK TABLES;
/*!40103 SET TIME_ZONE=@OLD_TIME_ZONE */;

/*!40101 SET SQL_MODE=@OLD_SQL_MODE */;
/*!40014 SET FOREIGN_KEY_CHECKS=@OLD_FOREIGN_KEY_CHECKS */;
/*!40014 SET UNIQUE_CHECKS=@OLD_UNIQUE_CHECKS */;
/*!40101 SET CHARACTER_SET_CLIENT=@OLD_CHARACTER_SET_CLIENT */;
/*!40101 SET CHARACTER_SET_RESULTS=@OLD_CHARACTER_SET_RESULTS */;
/*!40101 SET COLLATION_CONNECTION=@OLD_COLLATION_CONNECTION */;
/*!40111 SET SQL_NOTES=@OLD_SQL_NOTES */;

-- Dump completed on 2020-10-11 11:45:11
